,child,parent
0,Manuf_0001,Manuf_0614
1,Manuf_0002,Manuf_0614
2,Manuf_0003,Manuf_0614
3,Manuf_0004,Manuf_0614
4,Manuf_0005,Manuf_0614
5,Manuf_0006,Manuf_0614
6,Manuf_0007,Manuf_0614
7,Manuf_0008,Manuf_0614
8,Manuf_0009,Manuf_0614
9,Manuf_0010,Manuf_0614
10,Manuf_0011,Manuf_0615
11,Manuf_0011,Manuf_0616
12,Manuf_0011,Manuf_0618
13,Manuf_0011,Manuf_0622
14,Manuf_0012,Manuf_0615
15,Manuf_0012,Manuf_0616
16,Manuf_0012,Manuf_0618
17,Manuf_0012,Manuf_0622
18,Manuf_0013,Manuf_0615
19,Manuf_0013,Manuf_0616
20,Manuf_0013,Manuf_0618
21,Manuf_0013,Manuf_0622
22,Manuf_0014,Manuf_0615
23,Manuf_0014,Manuf_0616
24,Manuf_0014,Manuf_0617
25,Manuf_0014,Manuf_0618
26,Manuf_0014,Manuf_0619
27,Manuf_0014,Manuf_0621
28,Manuf_0014,Manuf_0622
29,Manuf_0015,Manuf_0615
30,Manuf_0015,Manuf_0616
31,Manuf_0016,Manuf_0615
32,Manuf_0016,Manuf_0616
33,Manuf_0016,Manuf_0618
34,Manuf_0016,Manuf_0622
35,Manuf_0017,Manuf_0615
36,Manuf_0018,Manuf_0615
37,Manuf_0019,Manuf_0615
38,Manuf_0019,Manuf_0617
39,Manuf_0020,Manuf_0615
40,Manuf_0020,Manuf_0617
41,Manuf_0021,Manuf_0615
42,Manuf_0021,Manuf_0616
43,Manuf_0022,Manuf_0615
44,Manuf_0022,Manuf_0616
45,Manuf_0022,Manuf_0618
46,Manuf_0022,Manuf_0619
47,Manuf_0022,Manuf_0622
48,Manuf_0023,Manuf_0615
49,Manuf_0023,Manuf_0616
50,Manuf_0023,Manuf_0618
51,Manuf_0023,Manuf_0619
52,Manuf_0023,Manuf_0622
53,Manuf_0024,Manuf_0615
54,Manuf_0024,Manuf_0616
55,Manuf_0024,Manuf_0618
56,Manuf_0024,Manuf_0622
57,Manuf_0025,Manuf_0615
58,Manuf_0025,Manuf_0616
59,Manuf_0025,Manuf_0618
60,Manuf_0025,Manuf_0622
61,Manuf_0026,Manuf_0615
62,Manuf_0026,Manuf_0616
63,Manuf_0026,Manuf_0618
64,Manuf_0026,Manuf_0622
65,Manuf_0027,Manuf_0615
66,Manuf_0027,Manuf_0616
67,Manuf_0027,Manuf_0617
68,Manuf_0027,Manuf_0618
69,Manuf_0027,Manuf_0619
70,Manuf_0027,Manuf_0621
71,Manuf_0027,Manuf_0622
72,Manuf_0028,Manuf_0615
73,Manuf_0028,Manuf_0616
74,Manuf_0028,Manuf_0617
75,Manuf_0028,Manuf_0618
76,Manuf_0028,Manuf_0619
77,Manuf_0028,Manuf_0621
78,Manuf_0028,Manuf_0622
79,Manuf_0029,Manuf_0615
80,Manuf_0029,Manuf_0616
81,Manuf_0029,Manuf_0617
82,Manuf_0029,Manuf_0618
83,Manuf_0029,Manuf_0619
84,Manuf_0029,Manuf_0621
85,Manuf_0029,Manuf_0622
86,Manuf_0030,Manuf_0615
87,Manuf_0030,Manuf_0617
88,Manuf_0031,Manuf_0615
89,Manuf_0031,Manuf_0617
90,Manuf_0032,Manuf_0615
91,Manuf_0032,Manuf_0616
92,Manuf_0032,Manuf_0617
93,Manuf_0032,Manuf_0618
94,Manuf_0032,Manuf_0619
95,Manuf_0032,Manuf_0621
96,Manuf_0032,Manuf_0622
97,Manuf_0033,Manuf_0615
98,Manuf_0033,Manuf_0616
99,Manuf_0033,Manuf_0617
100,Manuf_0033,Manuf_0618
101,Manuf_0033,Manuf_0619
102,Manuf_0033,Manuf_0621
103,Manuf_0033,Manuf_0622
104,Manuf_0034,Manuf_0615
105,Manuf_0034,Manuf_0616
106,Manuf_0034,Manuf_0617
107,Manuf_0034,Manuf_0618
108,Manuf_0034,Manuf_0619
109,Manuf_0034,Manuf_0621
110,Manuf_0034,Manuf_0622
111,Manuf_0035,Manuf_0615
112,Manuf_0035,Manuf_0616
113,Manuf_0035,Manuf_0618
114,Manuf_0035,Manuf_0622
115,Manuf_0036,Manuf_0615
116,Manuf_0036,Manuf_0616
117,Manuf_0036,Manuf_0617
118,Manuf_0036,Manuf_0618
119,Manuf_0036,Manuf_0619
120,Manuf_0036,Manuf_0621
121,Manuf_0036,Manuf_0622
122,Manuf_0037,Manuf_0615
123,Manuf_0037,Manuf_0616
124,Manuf_0037,Manuf_0617
125,Manuf_0037,Manuf_0618
126,Manuf_0037,Manuf_0619
127,Manuf_0037,Manuf_0621
128,Manuf_0037,Manuf_0622
129,Manuf_0038,Manuf_0615
130,Manuf_0038,Manuf_0616
131,Manuf_0038,Manuf_0617
132,Manuf_0038,Manuf_0618
133,Manuf_0038,Manuf_0619
134,Manuf_0038,Manuf_0621
135,Manuf_0038,Manuf_0622
136,Manuf_0039,Manuf_0615
137,Manuf_0039,Manuf_0616
138,Manuf_0039,Manuf_0618
139,Manuf_0039,Manuf_0619
140,Manuf_0039,Manuf_0622
141,Manuf_0040,Manuf_0615
142,Manuf_0040,Manuf_0616
143,Manuf_0040,Manuf_0618
144,Manuf_0040,Manuf_0619
145,Manuf_0040,Manuf_0622
146,Manuf_0041,Manuf_0615
147,Manuf_0041,Manuf_0616
148,Manuf_0041,Manuf_0618
149,Manuf_0041,Manuf_0622
150,Manuf_0042,Manuf_0615
151,Manuf_0042,Manuf_0616
152,Manuf_0042,Manuf_0617
153,Manuf_0042,Manuf_0618
154,Manuf_0042,Manuf_0619
155,Manuf_0042,Manuf_0621
156,Manuf_0042,Manuf_0622
157,Manuf_0043,Manuf_0615
158,Manuf_0043,Manuf_0616
159,Manuf_0043,Manuf_0617
160,Manuf_0044,Manuf_0615
161,Manuf_0044,Manuf_0616
162,Manuf_0044,Manuf_0617
163,Manuf_0045,Manuf_0615
164,Manuf_0045,Manuf_0616
165,Manuf_0045,Manuf_0617
166,Manuf_0046,Manuf_0615
167,Manuf_0046,Manuf_0616
168,Manuf_0046,Manuf_0617
169,Manuf_0047,Manuf_0615
170,Manuf_0047,Manuf_0616
171,Manuf_0047,Manuf_0617
172,Manuf_0047,Manuf_0618
173,Manuf_0047,Manuf_0619
174,Manuf_0047,Manuf_0621
175,Manuf_0047,Manuf_0622
176,Manuf_0048,Manuf_0615
177,Manuf_0048,Manuf_0616
178,Manuf_0048,Manuf_0618
179,Manuf_0048,Manuf_0622
180,Manuf_0049,Manuf_0615
181,Manuf_0049,Manuf_0616
182,Manuf_0049,Manuf_0617
183,Manuf_0049,Manuf_0618
184,Manuf_0049,Manuf_0619
185,Manuf_0049,Manuf_0621
186,Manuf_0049,Manuf_0622
187,Manuf_0050,Manuf_0615
188,Manuf_0050,Manuf_0616
189,Manuf_0050,Manuf_0617
190,Manuf_0050,Manuf_0618
191,Manuf_0050,Manuf_0619
192,Manuf_0050,Manuf_0621
193,Manuf_0050,Manuf_0622
194,Manuf_0051,Manuf_0615
195,Manuf_0051,Manuf_0616
196,Manuf_0051,Manuf_0617
197,Manuf_0051,Manuf_0618
198,Manuf_0051,Manuf_0619
199,Manuf_0051,Manuf_0621
200,Manuf_0051,Manuf_0622
201,Manuf_0052,Manuf_0615
202,Manuf_0052,Manuf_0616
203,Manuf_0052,Manuf_0618
204,Manuf_0052,Manuf_0622
205,Manuf_0053,Manuf_0615
206,Manuf_0053,Manuf_0616
207,Manuf_0054,Manuf_0615
208,Manuf_0054,Manuf_0616
209,Manuf_0054,Manuf_0618
210,Manuf_0054,Manuf_0622
211,Manuf_0055,Manuf_0615
212,Manuf_0055,Manuf_0616
213,Manuf_0055,Manuf_0617
214,Manuf_0055,Manuf_0618
215,Manuf_0055,Manuf_0619
216,Manuf_0055,Manuf_0621
217,Manuf_0055,Manuf_0622
218,Manuf_0056,Manuf_0615
219,Manuf_0056,Manuf_0616
220,Manuf_0056,Manuf_0617
221,Manuf_0056,Manuf_0618
222,Manuf_0056,Manuf_0619
223,Manuf_0056,Manuf_0621
224,Manuf_0056,Manuf_0622
225,Manuf_0057,Manuf_0615
226,Manuf_0057,Manuf_0616
227,Manuf_0057,Manuf_0617
228,Manuf_0057,Manuf_0618
229,Manuf_0057,Manuf_0619
230,Manuf_0057,Manuf_0621
231,Manuf_0057,Manuf_0622
232,Manuf_0058,Manuf_0616
233,Manuf_0059,Manuf_0616
234,Manuf_0060,Manuf_0616
235,Manuf_0061,Manuf_0616
236,Manuf_0062,Manuf_0617
237,Manuf_0062,Manuf_0620
238,Manuf_0063,Manuf_0617
239,Manuf_0064,Manuf_0617
240,Manuf_0064,Manuf_0620
241,Manuf_0065,Manuf_0617
242,Manuf_0066,Manuf_0617
243,Manuf_0067,Manuf_0618
244,Manuf_0067,Manuf_0619
245,Manuf_0067,Manuf_0621
246,Manuf_0067,Manuf_0622
247,Manuf_0068,Manuf_0618
248,Manuf_0068,Manuf_0619
249,Manuf_0068,Manuf_0621
250,Manuf_0068,Manuf_0622
251,Manuf_0069,Manuf_0618
252,Manuf_0070,Manuf_0618
253,Manuf_0071,Manuf_0618
254,Manuf_0072,Manuf_0618
255,Manuf_0073,Manuf_0618
256,Manuf_0073,Manuf_0619
257,Manuf_0073,Manuf_0621
258,Manuf_0073,Manuf_0622
259,Manuf_0074,Manuf_0618
260,Manuf_0075,Manuf_0618
261,Manuf_0076,Manuf_0618
262,Manuf_0077,Manuf_0618
263,Manuf_0077,Manuf_0622
264,Manuf_0078,Manuf_0618
265,Manuf_0078,Manuf_0619
266,Manuf_0078,Manuf_0621
267,Manuf_0078,Manuf_0622
268,Manuf_0079,Manuf_0618
269,Manuf_0079,Manuf_0619
270,Manuf_0079,Manuf_0621
271,Manuf_0079,Manuf_0622
272,Manuf_0080,Manuf_0619
273,Manuf_0081,Manuf_0619
274,Manuf_0082,Manuf_0619
275,Manuf_0083,Manuf_0619
276,Manuf_0084,Manuf_0619
277,Manuf_0085,Manuf_0619
278,Manuf_0086,Manuf_0619
279,Manuf_0087,Manuf_0619
280,Manuf_0088,Manuf_0619
281,Manuf_0089,Manuf_0620
282,Manuf_0090,Manuf_0620
283,Manuf_0091,Manuf_0620
284,Manuf_0092,Manuf_0621
285,Manuf_0092,Manuf_0622
286,Manuf_0093,Manuf_0621
287,Manuf_0093,Manuf_0622
288,Manuf_0094,Manuf_0621
289,Manuf_0094,Manuf_0622
290,Manuf_0095,Manuf_0621
291,Manuf_0095,Manuf_0622
292,Manuf_0096,Manuf_0622
293,Manuf_0097,Manuf_0623
294,Manuf_0097,Manuf_0625
295,Manuf_0097,Manuf_0626
296,Manuf_0097,Manuf_0627
297,Manuf_0097,Manuf_0628
298,Manuf_0097,Manuf_0631
299,Manuf_0097,Manuf_0634
300,Manuf_0097,Manuf_0635
301,Manuf_0097,Manuf_0639
302,Manuf_0098,Manuf_0623
303,Manuf_0099,Manuf_0623
304,Manuf_0100,Manuf_0623
305,Manuf_0101,Manuf_0623
306,Manuf_0102,Manuf_0623
307,Manuf_0103,Manuf_0623
308,Manuf_0104,Manuf_0623
309,Manuf_0105,Manuf_0623
310,Manuf_0106,Manuf_0623
311,Manuf_0107,Manuf_0623
312,Manuf_0108,Manuf_0623
313,Manuf_0109,Manuf_0624
314,Manuf_0109,Manuf_0645
315,Manuf_0109,Manuf_0646
316,Manuf_0109,Manuf_0647
317,Manuf_0109,Manuf_0648
318,Manuf_0109,Manuf_0649
319,Manuf_0109,Manuf_0650
320,Manuf_0110,Manuf_0624
321,Manuf_0111,Manuf_0625
322,Manuf_0112,Manuf_0625
323,Manuf_0113,Manuf_0625
324,Manuf_0114,Manuf_0625
325,Manuf_0115,Manuf_0625
326,Manuf_0116,Manuf_0625
327,Manuf_0117,Manuf_0625
328,Manuf_0118,Manuf_0625
329,Manuf_0119,Manuf_0625
330,Manuf_0120,Manuf_0625
331,Manuf_0121,Manuf_0625
332,Manuf_0122,Manuf_0625
333,Manuf_0123,Manuf_0625
334,Manuf_0124,Manuf_0625
335,Manuf_0125,Manuf_0625
336,Manuf_0126,Manuf_0626
337,Manuf_0127,Manuf_0626
338,Manuf_0127,Manuf_0640
339,Manuf_0128,Manuf_0626
340,Manuf_0128,Manuf_0640
341,Manuf_0129,Manuf_0626
342,Manuf_0129,Manuf_0640
343,Manuf_0130,Manuf_0626
344,Manuf_0131,Manuf_0626
345,Manuf_0132,Manuf_0626
346,Manuf_0133,Manuf_0626
347,Manuf_0134,Manuf_0626
348,Manuf_0135,Manuf_0626
349,Manuf_0135,Manuf_0640
350,Manuf_0136,Manuf_0626
351,Manuf_0136,Manuf_0640
352,Manuf_0137,Manuf_0626
353,Manuf_0137,Manuf_0640
354,Manuf_0138,Manuf_0626
355,Manuf_0139,Manuf_0626
356,Manuf_0140,Manuf_0626
357,Manuf_0141,Manuf_0626
358,Manuf_0142,Manuf_0626
359,Manuf_0143,Manuf_0626
360,Manuf_0143,Manuf_0640
361,Manuf_0144,Manuf_0626
362,Manuf_0145,Manuf_0626
363,Manuf_0146,Manuf_0626
364,Manuf_0147,Manuf_0626
365,Manuf_0148,Manuf_0626
366,Manuf_0149,Manuf_0626
367,Manuf_0149,Manuf_0640
368,Manuf_0150,Manuf_0626
369,Manuf_0151,Manuf_0626
370,Manuf_0152,Manuf_0626
371,Manuf_0153,Manuf_0626
372,Manuf_0154,Manuf_0626
373,Manuf_0154,Manuf_0640
374,Manuf_0155,Manuf_0626
375,Manuf_0155,Manuf_0640
376,Manuf_0156,Manuf_0626
377,Manuf_0157,Manuf_0626
378,Manuf_0158,Manuf_0626
379,Manuf_0159,Manuf_0626
380,Manuf_0160,Manuf_0626
381,Manuf_0160,Manuf_0640
382,Manuf_0161,Manuf_0626
383,Manuf_0161,Manuf_0640
384,Manuf_0162,Manuf_0626
385,Manuf_0162,Manuf_0640
386,Manuf_0163,Manuf_0626
387,Manuf_0164,Manuf_0626
388,Manuf_0165,Manuf_0626
389,Manuf_0166,Manuf_0627
390,Manuf_0167,Manuf_0627
391,Manuf_0168,Manuf_0627
392,Manuf_0169,Manuf_0627
393,Manuf_0170,Manuf_0627
394,Manuf_0171,Manuf_0627
395,Manuf_0172,Manuf_0627
396,Manuf_0173,Manuf_0627
397,Manuf_0174,Manuf_0627
398,Manuf_0175,Manuf_0627
399,Manuf_0176,Manuf_0627
400,Manuf_0177,Manuf_0627
401,Manuf_0178,Manuf_0627
402,Manuf_0179,Manuf_0627
403,Manuf_0180,Manuf_0627
404,Manuf_0181,Manuf_0627
405,Manuf_0182,Manuf_0627
406,Manuf_0183,Manuf_0627
407,Manuf_0184,Manuf_0627
408,Manuf_0185,Manuf_0627
409,Manuf_0186,Manuf_0627
410,Manuf_0187,Manuf_0627
411,Manuf_0188,Manuf_0627
412,Manuf_0189,Manuf_0627
413,Manuf_0190,Manuf_0627
414,Manuf_0191,Manuf_0627
415,Manuf_0192,Manuf_0627
416,Manuf_0193,Manuf_0627
417,Manuf_0194,Manuf_0627
418,Manuf_0195,Manuf_0627
419,Manuf_0196,Manuf_0627
420,Manuf_0197,Manuf_0627
421,Manuf_0198,Manuf_0627
422,Manuf_0199,Manuf_0627
423,Manuf_0200,Manuf_0627
424,Manuf_0201,Manuf_0627
425,Manuf_0202,Manuf_0627
426,Manuf_0203,Manuf_0627
427,Manuf_0204,Manuf_0627
428,Manuf_0205,Manuf_0627
429,Manuf_0206,Manuf_0627
430,Manuf_0207,Manuf_0627
431,Manuf_0208,Manuf_0627
432,Manuf_0209,Manuf_0627
433,Manuf_0210,Manuf_0627
434,Manuf_0211,Manuf_0627
435,Manuf_0212,Manuf_0627
436,Manuf_0213,Manuf_0627
437,Manuf_0214,Manuf_0627
438,Manuf_0215,Manuf_0627
439,Manuf_0216,Manuf_0627
440,Manuf_0217,Manuf_0627
441,Manuf_0218,Manuf_0627
442,Manuf_0219,Manuf_0628
443,Manuf_0220,Manuf_0628
444,Manuf_0220,Manuf_0629
445,Manuf_0221,Manuf_0628
446,Manuf_0221,Manuf_0629
447,Manuf_0222,Manuf_0628
448,Manuf_0223,Manuf_0628
449,Manuf_0224,Manuf_0628
450,Manuf_0224,Manuf_0629
451,Manuf_0224,Manuf_0630
452,Manuf_0225,Manuf_0628
453,Manuf_0225,Manuf_0629
454,Manuf_0225,Manuf_0630
455,Manuf_0226,Manuf_0628
456,Manuf_0226,Manuf_0629
457,Manuf_0226,Manuf_0630
458,Manuf_0227,Manuf_0628
459,Manuf_0227,Manuf_0629
460,Manuf_0227,Manuf_0630
461,Manuf_0228,Manuf_0628
462,Manuf_0228,Manuf_0629
463,Manuf_0228,Manuf_0630
464,Manuf_0229,Manuf_0628
465,Manuf_0229,Manuf_0629
466,Manuf_0229,Manuf_0630
467,Manuf_0230,Manuf_0628
468,Manuf_0230,Manuf_0629
469,Manuf_0230,Manuf_0630
470,Manuf_0231,Manuf_0628
471,Manuf_0231,Manuf_0629
472,Manuf_0231,Manuf_0630
473,Manuf_0232,Manuf_0628
474,Manuf_0232,Manuf_0629
475,Manuf_0232,Manuf_0630
476,Manuf_0233,Manuf_0628
477,Manuf_0233,Manuf_0629
478,Manuf_0234,Manuf_0628
479,Manuf_0234,Manuf_0629
480,Manuf_0234,Manuf_0630
481,Manuf_0235,Manuf_0628
482,Manuf_0235,Manuf_0629
483,Manuf_0235,Manuf_0630
484,Manuf_0236,Manuf_0628
485,Manuf_0236,Manuf_0629
486,Manuf_0236,Manuf_0630
487,Manuf_0237,Manuf_0628
488,Manuf_0238,Manuf_0628
489,Manuf_0238,Manuf_0629
490,Manuf_0239,Manuf_0628
491,Manuf_0239,Manuf_0629
492,Manuf_0240,Manuf_0628
493,Manuf_0240,Manuf_0629
494,Manuf_0240,Manuf_0630
495,Manuf_0241,Manuf_0628
496,Manuf_0241,Manuf_0629
497,Manuf_0241,Manuf_0630
498,Manuf_0242,Manuf_0628
499,Manuf_0242,Manuf_0629
500,Manuf_0242,Manuf_0630
501,Manuf_0243,Manuf_0628
502,Manuf_0243,Manuf_0629
503,Manuf_0243,Manuf_0630
504,Manuf_0244,Manuf_0628
505,Manuf_0244,Manuf_0629
506,Manuf_0244,Manuf_0630
507,Manuf_0245,Manuf_0628
508,Manuf_0245,Manuf_0629
509,Manuf_0245,Manuf_0630
510,Manuf_0246,Manuf_0628
511,Manuf_0246,Manuf_0629
512,Manuf_0246,Manuf_0630
513,Manuf_0247,Manuf_0628
514,Manuf_0247,Manuf_0629
515,Manuf_0247,Manuf_0630
516,Manuf_0248,Manuf_0628
517,Manuf_0248,Manuf_0629
518,Manuf_0248,Manuf_0630
519,Manuf_0249,Manuf_0628
520,Manuf_0249,Manuf_0629
521,Manuf_0249,Manuf_0630
522,Manuf_0250,Manuf_0628
523,Manuf_0250,Manuf_0629
524,Manuf_0250,Manuf_0630
525,Manuf_0251,Manuf_0629
526,Manuf_0252,Manuf_0631
527,Manuf_0252,Manuf_0632
528,Manuf_0252,Manuf_0633
529,Manuf_0253,Manuf_0631
530,Manuf_0253,Manuf_0632
531,Manuf_0253,Manuf_0633
532,Manuf_0254,Manuf_0631
533,Manuf_0254,Manuf_0632
534,Manuf_0254,Manuf_0633
535,Manuf_0255,Manuf_0631
536,Manuf_0256,Manuf_0631
537,Manuf_0256,Manuf_0632
538,Manuf_0256,Manuf_0633
539,Manuf_0257,Manuf_0631
540,Manuf_0257,Manuf_0632
541,Manuf_0257,Manuf_0633
542,Manuf_0258,Manuf_0631
543,Manuf_0258,Manuf_0632
544,Manuf_0258,Manuf_0633
545,Manuf_0259,Manuf_0631
546,Manuf_0259,Manuf_0632
547,Manuf_0259,Manuf_0633
548,Manuf_0260,Manuf_0631
549,Manuf_0260,Manuf_0632
550,Manuf_0260,Manuf_0633
551,Manuf_0261,Manuf_0631
552,Manuf_0261,Manuf_0632
553,Manuf_0261,Manuf_0633
554,Manuf_0262,Manuf_0631
555,Manuf_0262,Manuf_0632
556,Manuf_0262,Manuf_0633
557,Manuf_0263,Manuf_0631
558,Manuf_0264,Manuf_0631
559,Manuf_0264,Manuf_0632
560,Manuf_0264,Manuf_0633
561,Manuf_0265,Manuf_0631
562,Manuf_0265,Manuf_0632
563,Manuf_0265,Manuf_0633
564,Manuf_0266,Manuf_0632
565,Manuf_0266,Manuf_0633
566,Manuf_0267,Manuf_0632
567,Manuf_0267,Manuf_0633
568,Manuf_0268,Manuf_0632
569,Manuf_0268,Manuf_0633
570,Manuf_0269,Manuf_0632
571,Manuf_0269,Manuf_0633
572,Manuf_0270,Manuf_0634
573,Manuf_0271,Manuf_0634
574,Manuf_0272,Manuf_0635
575,Manuf_0273,Manuf_0635
576,Manuf_0274,Manuf_0635
577,Manuf_0275,Manuf_0635
578,Manuf_0276,Manuf_0635
579,Manuf_0277,Manuf_0635
580,Manuf_0278,Manuf_0635
581,Manuf_0279,Manuf_0635
582,Manuf_0280,Manuf_0635
583,Manuf_0281,Manuf_0635
584,Manuf_0282,Manuf_0635
585,Manuf_0283,Manuf_0635
586,Manuf_0284,Manuf_0635
587,Manuf_0285,Manuf_0635
588,Manuf_0286,Manuf_0635
589,Manuf_0287,Manuf_0635
590,Manuf_0288,Manuf_0635
591,Manuf_0289,Manuf_0635
592,Manuf_0290,Manuf_0635
593,Manuf_0291,Manuf_0635
594,Manuf_0292,Manuf_0635
595,Manuf_0293,Manuf_0635
596,Manuf_0294,Manuf_0635
597,Manuf_0295,Manuf_0635
598,Manuf_0296,Manuf_0635
599,Manuf_0297,Manuf_0635
600,Manuf_0298,Manuf_0635
601,Manuf_0299,Manuf_0635
602,Manuf_0300,Manuf_0635
603,Manuf_0301,Manuf_0635
604,Manuf_0302,Manuf_0635
605,Manuf_0303,Manuf_0635
606,Manuf_0304,Manuf_0635
607,Manuf_0305,Manuf_0635
608,Manuf_0306,Manuf_0635
609,Manuf_0307,Manuf_0635
610,Manuf_0308,Manuf_0635
611,Manuf_0309,Manuf_0635
612,Manuf_0310,Manuf_0635
613,Manuf_0311,Manuf_0636
614,Manuf_0311,Manuf_0637
615,Manuf_0312,Manuf_0636
616,Manuf_0312,Manuf_0637
617,Manuf_0313,Manuf_0636
618,Manuf_0313,Manuf_0637
619,Manuf_0314,Manuf_0636
620,Manuf_0315,Manuf_0636
621,Manuf_0316,Manuf_0636
622,Manuf_0317,Manuf_0636
623,Manuf_0318,Manuf_0636
624,Manuf_0319,Manuf_0636
625,Manuf_0320,Manuf_0636
626,Manuf_0321,Manuf_0636
627,Manuf_0322,Manuf_0636
628,Manuf_0323,Manuf_0636
629,Manuf_0324,Manuf_0636
630,Manuf_0325,Manuf_0636
631,Manuf_0326,Manuf_0636
632,Manuf_0327,Manuf_0636
633,Manuf_0328,Manuf_0636
634,Manuf_0329,Manuf_0636
635,Manuf_0330,Manuf_0636
636,Manuf_0331,Manuf_0636
637,Manuf_0332,Manuf_0636
638,Manuf_0333,Manuf_0636
639,Manuf_0334,Manuf_0636
640,Manuf_0335,Manuf_0636
641,Manuf_0336,Manuf_0636
642,Manuf_0337,Manuf_0636
643,Manuf_0338,Manuf_0636
644,Manuf_0339,Manuf_0636
645,Manuf_0340,Manuf_0636
646,Manuf_0341,Manuf_0637
647,Manuf_0342,Manuf_0637
648,Manuf_0343,Manuf_0637
649,Manuf_0344,Manuf_0637
650,Manuf_0345,Manuf_0637
651,Manuf_0346,Manuf_0637
652,Manuf_0347,Manuf_0637
653,Manuf_0348,Manuf_0637
654,Manuf_0349,Manuf_0637
655,Manuf_0350,Manuf_0637
656,Manuf_0351,Manuf_0637
657,Manuf_0352,Manuf_0637
658,Manuf_0353,Manuf_0637
659,Manuf_0354,Manuf_0637
660,Manuf_0355,Manuf_0637
661,Manuf_0356,Manuf_0638
662,Manuf_0357,Manuf_0638
663,Manuf_0358,Manuf_0638
664,Manuf_0359,Manuf_0638
665,Manuf_0360,Manuf_0638
666,Manuf_0361,Manuf_0638
667,Manuf_0362,Manuf_0638
668,Manuf_0363,Manuf_0638
669,Manuf_0364,Manuf_0638
670,Manuf_0365,Manuf_0638
671,Manuf_0366,Manuf_0638
672,Manuf_0367,Manuf_0638
673,Manuf_0368,Manuf_0638
674,Manuf_0369,Manuf_0638
675,Manuf_0370,Manuf_0638
676,Manuf_0371,Manuf_0638
677,Manuf_0372,Manuf_0638
678,Manuf_0373,Manuf_0638
679,Manuf_0373,Manuf_0641
680,Manuf_0373,Manuf_0643
681,Manuf_0373,Manuf_0644
682,Manuf_0374,Manuf_0638
683,Manuf_0374,Manuf_0641
684,Manuf_0374,Manuf_0643
685,Manuf_0374,Manuf_0644
686,Manuf_0375,Manuf_0638
687,Manuf_0375,Manuf_0641
688,Manuf_0375,Manuf_0643
689,Manuf_0375,Manuf_0644
690,Manuf_0376,Manuf_0638
691,Manuf_0377,Manuf_0638
692,Manuf_0378,Manuf_0638
693,Manuf_0379,Manuf_0638
694,Manuf_0380,Manuf_0638
695,Manuf_0381,Manuf_0638
696,Manuf_0382,Manuf_0638
697,Manuf_0383,Manuf_0638
698,Manuf_0384,Manuf_0639
699,Manuf_0385,Manuf_0639
700,Manuf_0386,Manuf_0639
701,Manuf_0387,Manuf_0639
702,Manuf_0388,Manuf_0639
703,Manuf_0389,Manuf_0639
704,Manuf_0390,Manuf_0639
705,Manuf_0391,Manuf_0639
706,Manuf_0392,Manuf_0639
707,Manuf_0393,Manuf_0639
708,Manuf_0394,Manuf_0639
709,Manuf_0395,Manuf_0639
710,Manuf_0396,Manuf_0639
711,Manuf_0397,Manuf_0639
712,Manuf_0398,Manuf_0639
713,Manuf_0399,Manuf_0639
714,Manuf_0400,Manuf_0639
715,Manuf_0401,Manuf_0639
716,Manuf_0402,Manuf_0640
717,Manuf_0403,Manuf_0640
718,Manuf_0404,Manuf_0640
719,Manuf_0405,Manuf_0640
720,Manuf_0406,Manuf_0640
721,Manuf_0407,Manuf_0640
722,Manuf_0408,Manuf_0640
723,Manuf_0409,Manuf_0640
724,Manuf_0410,Manuf_0640
725,Manuf_0411,Manuf_0640
726,Manuf_0412,Manuf_0640
727,Manuf_0413,Manuf_0640
728,Manuf_0414,Manuf_0640
729,Manuf_0415,Manuf_0640
730,Manuf_0416,Manuf_0640
731,Manuf_0417,Manuf_0640
732,Manuf_0418,Manuf_0640
733,Manuf_0419,Manuf_0640
734,Manuf_0420,Manuf_0640
735,Manuf_0421,Manuf_0641
736,Manuf_0422,Manuf_0641
737,Manuf_0423,Manuf_0641
738,Manuf_0424,Manuf_0641
739,Manuf_0424,Manuf_0643
740,Manuf_0424,Manuf_0644
741,Manuf_0425,Manuf_0641
742,Manuf_0425,Manuf_0643
743,Manuf_0425,Manuf_0644
744,Manuf_0426,Manuf_0641
745,Manuf_0427,Manuf_0641
746,Manuf_0427,Manuf_0643
747,Manuf_0427,Manuf_0644
748,Manuf_0428,Manuf_0641
749,Manuf_0428,Manuf_0643
750,Manuf_0428,Manuf_0644
751,Manuf_0429,Manuf_0641
752,Manuf_0429,Manuf_0643
753,Manuf_0429,Manuf_0644
754,Manuf_0430,Manuf_0641
755,Manuf_0430,Manuf_0643
756,Manuf_0430,Manuf_0644
757,Manuf_0431,Manuf_0641
758,Manuf_0431,Manuf_0643
759,Manuf_0431,Manuf_0644
760,Manuf_0432,Manuf_0641
761,Manuf_0433,Manuf_0641
762,Manuf_0433,Manuf_0643
763,Manuf_0433,Manuf_0644
764,Manuf_0434,Manuf_0641
765,Manuf_0435,Manuf_0641
766,Manuf_0435,Manuf_0643
767,Manuf_0435,Manuf_0644
768,Manuf_0436,Manuf_0641
769,Manuf_0436,Manuf_0643
770,Manuf_0436,Manuf_0644
771,Manuf_0437,Manuf_0641
772,Manuf_0437,Manuf_0643
773,Manuf_0437,Manuf_0644
774,Manuf_0438,Manuf_0641
775,Manuf_0438,Manuf_0643
776,Manuf_0438,Manuf_0644
777,Manuf_0439,Manuf_0641
778,Manuf_0439,Manuf_0643
779,Manuf_0439,Manuf_0644
780,Manuf_0440,Manuf_0641
781,Manuf_0440,Manuf_0643
782,Manuf_0440,Manuf_0644
783,Manuf_0441,Manuf_0641
784,Manuf_0442,Manuf_0641
785,Manuf_0442,Manuf_0643
786,Manuf_0442,Manuf_0644
787,Manuf_0443,Manuf_0641
788,Manuf_0443,Manuf_0643
789,Manuf_0443,Manuf_0644
790,Manuf_0444,Manuf_0641
791,Manuf_0444,Manuf_0643
792,Manuf_0444,Manuf_0644
793,Manuf_0445,Manuf_0641
794,Manuf_0445,Manuf_0643
795,Manuf_0445,Manuf_0644
796,Manuf_0446,Manuf_0641
797,Manuf_0446,Manuf_0643
798,Manuf_0446,Manuf_0644
799,Manuf_0447,Manuf_0641
800,Manuf_0447,Manuf_0643
801,Manuf_0447,Manuf_0644
802,Manuf_0448,Manuf_0641
803,Manuf_0448,Manuf_0643
804,Manuf_0448,Manuf_0644
805,Manuf_0449,Manuf_0641
806,Manuf_0449,Manuf_0643
807,Manuf_0449,Manuf_0644
808,Manuf_0450,Manuf_0641
809,Manuf_0450,Manuf_0643
810,Manuf_0450,Manuf_0644
811,Manuf_0451,Manuf_0641
812,Manuf_0452,Manuf_0641
813,Manuf_0453,Manuf_0641
814,Manuf_0453,Manuf_0643
815,Manuf_0453,Manuf_0644
816,Manuf_0454,Manuf_0641
817,Manuf_0454,Manuf_0643
818,Manuf_0454,Manuf_0644
819,Manuf_0455,Manuf_0641
820,Manuf_0455,Manuf_0643
821,Manuf_0455,Manuf_0644
822,Manuf_0456,Manuf_0641
823,Manuf_0456,Manuf_0643
824,Manuf_0456,Manuf_0644
825,Manuf_0457,Manuf_0641
826,Manuf_0458,Manuf_0641
827,Manuf_0459,Manuf_0641
828,Manuf_0459,Manuf_0643
829,Manuf_0459,Manuf_0644
830,Manuf_0460,Manuf_0641
831,Manuf_0460,Manuf_0643
832,Manuf_0460,Manuf_0644
833,Manuf_0461,Manuf_0641
834,Manuf_0462,Manuf_0641
835,Manuf_0462,Manuf_0643
836,Manuf_0462,Manuf_0644
837,Manuf_0463,Manuf_0641
838,Manuf_0463,Manuf_0643
839,Manuf_0463,Manuf_0644
840,Manuf_0464,Manuf_0641
841,Manuf_0464,Manuf_0643
842,Manuf_0464,Manuf_0644
843,Manuf_0465,Manuf_0641
844,Manuf_0466,Manuf_0641
845,Manuf_0467,Manuf_0641
846,Manuf_0468,Manuf_0641
847,Manuf_0469,Manuf_0641
848,Manuf_0470,Manuf_0641
849,Manuf_0471,Manuf_0641
850,Manuf_0471,Manuf_0643
851,Manuf_0471,Manuf_0644
852,Manuf_0472,Manuf_0642
853,Manuf_0473,Manuf_0642
854,Manuf_0474,Manuf_0642
855,Manuf_0475,Manuf_0642
856,Manuf_0476,Manuf_0643
857,Manuf_0476,Manuf_0644
858,Manuf_0477,Manuf_0643
859,Manuf_0477,Manuf_0644
860,Manuf_0478,Manuf_0643
861,Manuf_0478,Manuf_0644
862,Manuf_0479,Manuf_0643
863,Manuf_0479,Manuf_0644
864,Manuf_0480,Manuf_0643
865,Manuf_0480,Manuf_0644
866,Manuf_0481,Manuf_0643
867,Manuf_0481,Manuf_0644
868,Manuf_0482,Manuf_0643
869,Manuf_0482,Manuf_0644
870,Manuf_0483,Manuf_0643
871,Manuf_0483,Manuf_0644
872,Manuf_0484,Manuf_0643
873,Manuf_0484,Manuf_0644
874,Manuf_0485,Manuf_0643
875,Manuf_0485,Manuf_0644
876,Manuf_0486,Manuf_0643
877,Manuf_0486,Manuf_0644
878,Manuf_0487,Manuf_0643
879,Manuf_0487,Manuf_0644
880,Manuf_0488,Manuf_0643
881,Manuf_0488,Manuf_0644
882,Manuf_0489,Manuf_0643
883,Manuf_0489,Manuf_0644
884,Manuf_0490,Manuf_0643
885,Manuf_0490,Manuf_0644
886,Manuf_0491,Manuf_0643
887,Manuf_0491,Manuf_0644
888,Manuf_0492,Manuf_0643
889,Manuf_0492,Manuf_0644
890,Manuf_0493,Manuf_0643
891,Manuf_0493,Manuf_0644
892,Manuf_0494,Manuf_0643
893,Manuf_0494,Manuf_0644
894,Manuf_0495,Manuf_0645
895,Manuf_0495,Manuf_0647
896,Manuf_0496,Manuf_0645
897,Manuf_0496,Manuf_0646
898,Manuf_0496,Manuf_0647
899,Manuf_0496,Manuf_0648
900,Manuf_0497,Manuf_0645
901,Manuf_0497,Manuf_0646
902,Manuf_0497,Manuf_0647
903,Manuf_0497,Manuf_0648
904,Manuf_0498,Manuf_0645
905,Manuf_0498,Manuf_0646
906,Manuf_0498,Manuf_0647
907,Manuf_0498,Manuf_0648
908,Manuf_0499,Manuf_0645
909,Manuf_0500,Manuf_0645
910,Manuf_0501,Manuf_0645
911,Manuf_0501,Manuf_0647
912,Manuf_0502,Manuf_0645
913,Manuf_0502,Manuf_0647
914,Manuf_0503,Manuf_0645
915,Manuf_0503,Manuf_0646
916,Manuf_0503,Manuf_0647
917,Manuf_0503,Manuf_0648
918,Manuf_0504,Manuf_0645
919,Manuf_0504,Manuf_0647
920,Manuf_0504,Manuf_0648
921,Manuf_0505,Manuf_0645
922,Manuf_0505,Manuf_0647
923,Manuf_0506,Manuf_0645
924,Manuf_0506,Manuf_0647
925,Manuf_0506,Manuf_0648
926,Manuf_0507,Manuf_0645
927,Manuf_0507,Manuf_0647
928,Manuf_0508,Manuf_0645
929,Manuf_0508,Manuf_0646
930,Manuf_0508,Manuf_0647
931,Manuf_0508,Manuf_0648
932,Manuf_0509,Manuf_0645
933,Manuf_0509,Manuf_0646
934,Manuf_0509,Manuf_0647
935,Manuf_0509,Manuf_0648
936,Manuf_0510,Manuf_0645
937,Manuf_0511,Manuf_0646
938,Manuf_0511,Manuf_0648
939,Manuf_0512,Manuf_0646
940,Manuf_0512,Manuf_0648
941,Manuf_0513,Manuf_0646
942,Manuf_0513,Manuf_0648
943,Manuf_0514,Manuf_0646
944,Manuf_0515,Manuf_0646
945,Manuf_0516,Manuf_0646
946,Manuf_0517,Manuf_0647
947,Manuf_0518,Manuf_0647
948,Manuf_0519,Manuf_0647
949,Manuf_0519,Manuf_0648
950,Manuf_0520,Manuf_0647
951,Manuf_0520,Manuf_0648
952,Manuf_0521,Manuf_0647
953,Manuf_0521,Manuf_0648
954,Manuf_0522,Manuf_0647
955,Manuf_0522,Manuf_0648
956,Manuf_0523,Manuf_0647
957,Manuf_0523,Manuf_0648
958,Manuf_0524,Manuf_0647
959,Manuf_0524,Manuf_0648
960,Manuf_0525,Manuf_0647
961,Manuf_0525,Manuf_0648
962,Manuf_0526,Manuf_0647
963,Manuf_0526,Manuf_0648
964,Manuf_0527,Manuf_0647
965,Manuf_0527,Manuf_0648
966,Manuf_0528,Manuf_0647
967,Manuf_0529,Manuf_0647
968,Manuf_0530,Manuf_0647
969,Manuf_0530,Manuf_0648
970,Manuf_0531,Manuf_0647
971,Manuf_0531,Manuf_0648
972,Manuf_0532,Manuf_0647
973,Manuf_0532,Manuf_0648
974,Manuf_0533,Manuf_0647
975,Manuf_0533,Manuf_0648
976,Manuf_0534,Manuf_0647
977,Manuf_0534,Manuf_0648
978,Manuf_0535,Manuf_0647
979,Manuf_0535,Manuf_0648
980,Manuf_0536,Manuf_0647
981,Manuf_0536,Manuf_0648
982,Manuf_0537,Manuf_0647
983,Manuf_0537,Manuf_0648
984,Manuf_0538,Manuf_0647
985,Manuf_0539,Manuf_0647
986,Manuf_0540,Manuf_0647
987,Manuf_0540,Manuf_0648
988,Manuf_0541,Manuf_0647
989,Manuf_0541,Manuf_0648
990,Manuf_0542,Manuf_0647
991,Manuf_0542,Manuf_0648
992,Manuf_0543,Manuf_0647
993,Manuf_0543,Manuf_0648
994,Manuf_0544,Manuf_0647
995,Manuf_0544,Manuf_0648
996,Manuf_0545,Manuf_0647
997,Manuf_0545,Manuf_0648
998,Manuf_0546,Manuf_0647
999,Manuf_0546,Manuf_0648
1000,Manuf_0547,Manuf_0647
1001,Manuf_0547,Manuf_0648
1002,Manuf_0548,Manuf_0647
1003,Manuf_0548,Manuf_0648
1004,Manuf_0549,Manuf_0647
1005,Manuf_0549,Manuf_0648
1006,Manuf_0550,Manuf_0647
1007,Manuf_0550,Manuf_0648
1008,Manuf_0551,Manuf_0647
1009,Manuf_0551,Manuf_0648
1010,Manuf_0552,Manuf_0647
1011,Manuf_0552,Manuf_0648
1012,Manuf_0553,Manuf_0647
1013,Manuf_0553,Manuf_0648
1014,Manuf_0554,Manuf_0647
1015,Manuf_0554,Manuf_0648
1016,Manuf_0555,Manuf_0647
1017,Manuf_0555,Manuf_0648
1018,Manuf_0556,Manuf_0647
1019,Manuf_0556,Manuf_0648
1020,Manuf_0557,Manuf_0647
1021,Manuf_0557,Manuf_0648
1022,Manuf_0558,Manuf_0647
1023,Manuf_0559,Manuf_0647
1024,Manuf_0560,Manuf_0648
1025,Manuf_0561,Manuf_0648
1026,Manuf_0562,Manuf_0648
1027,Manuf_0563,Manuf_0648
1028,Manuf_0564,Manuf_0648
1029,Manuf_0565,Manuf_0648
1030,Manuf_0566,Manuf_0648
1031,Manuf_0567,Manuf_0648
1032,Manuf_0568,Manuf_0649
1033,Manuf_0569,Manuf_0649
1034,Manuf_0570,Manuf_0650
1035,Manuf_0571,Manuf_0651
1036,Manuf_0572,Manuf_0651
1037,Manuf_0573,Manuf_0651
1038,Manuf_0574,Manuf_0651
1039,Manuf_0575,Manuf_0651
1040,Manuf_0576,Manuf_0651
1041,Manuf_0577,Manuf_0651
1042,Manuf_0578,Manuf_0651
1043,Manuf_0579,Manuf_0651
1044,Manuf_0580,Manuf_0651
1045,Manuf_0581,Manuf_0651
1046,Manuf_0582,Manuf_0651
1047,Manuf_0583,Manuf_0651
1048,Manuf_0584,Manuf_0651
1049,Manuf_0585,Manuf_0651
1050,Manuf_0586,Manuf_0651
1051,Manuf_0587,Manuf_0651
1052,Manuf_0588,Manuf_0651
1053,Manuf_0589,Manuf_0651
1054,Manuf_0590,Manuf_0651
1055,Manuf_0591,Manuf_0651
1056,Manuf_0592,Manuf_0651
1057,Manuf_0593,Manuf_0651
1058,Manuf_0594,Manuf_0651
1059,Manuf_0595,Manuf_0651
1060,Manuf_0596,Manuf_0651
1061,Manuf_0597,Manuf_0651
1062,Manuf_0598,Manuf_0651
1063,Manuf_0599,Manuf_0651
1064,Manuf_0600,Manuf_0651
1065,Manuf_0601,Manuf_0651
1066,Manuf_0602,Manuf_0651
1067,Manuf_0603,Manuf_0651
1068,Manuf_0604,Manuf_0651
1069,Manuf_0605,Manuf_0651
1070,Manuf_0606,Manuf_0651
1071,Manuf_0607,Manuf_0651
1072,Manuf_0608,Manuf_0651
1073,Manuf_0609,Manuf_0651
1074,Manuf_0610,Manuf_0651
1075,Manuf_0611,Manuf_0651
1076,Manuf_0612,Manuf_0651
1077,Manuf_0613,Manuf_0651
1078,Manuf_0614,Trans_0004
1079,Manuf_0615,Trans_0006
1080,Manuf_0616,Trans_0007
1081,Manuf_0617,Trans_0010
1082,Manuf_0618,Trans_0011
1083,Manuf_0619,Trans_0012
1084,Manuf_0620,Trans_0013
1085,Manuf_0621,Trans_0014
1086,Manuf_0622,Trans_0015
1087,Manuf_0623,Trans_0016
1088,Manuf_0624,Trans_0017
1089,Manuf_0625,Trans_0018
1090,Manuf_0626,Trans_0019
1091,Manuf_0627,Trans_0020
1092,Manuf_0628,Trans_0021
1093,Manuf_0629,Trans_0022
1094,Manuf_0630,Trans_0023
1095,Manuf_0631,Trans_0024
1096,Manuf_0632,Trans_0025
1097,Manuf_0633,Trans_0026
1098,Manuf_0634,Trans_0027
1099,Manuf_0635,Trans_0028
1100,Manuf_0636,Trans_0029
1101,Manuf_0637,Trans_0030
1102,Manuf_0638,Trans_0031
1103,Manuf_0639,Trans_0032
1104,Manuf_0640,Trans_0033
1105,Manuf_0641,Trans_0034
1106,Manuf_0642,Trans_0035
1107,Manuf_0643,Trans_0036
1108,Manuf_0644,Trans_0037
1109,Manuf_0645,Trans_0038
1110,Manuf_0646,Trans_0039
1111,Manuf_0647,Trans_0040
1112,Manuf_0648,Trans_0041
1113,Manuf_0649,Trans_0042
1114,Manuf_0650,Trans_0043
1115,Manuf_0651,Trans_0044
1116,Manuf_0652,Dist_0001
1117,Manuf_0653,Dist_0002
1118,Manuf_0654,Dist_0003
1119,Manuf_0655,Dist_0004
1120,Manuf_0656,Dist_0005
1121,Manuf_0657,Dist_0006
1122,Manuf_0658,Dist_0007
1123,Manuf_0659,Dist_0008
1124,Manuf_0660,Dist_0009
1125,Manuf_0661,Dist_0010
1126,Manuf_0662,Dist_0011
1127,Manuf_0663,Dist_0012
1128,Manuf_0664,Dist_0013
1129,Manuf_0665,Dist_0014
1130,Manuf_0666,Dist_0015
1131,Manuf_0667,Dist_0016
1132,Manuf_0668,Dist_0017
1133,Manuf_0669,Dist_0018
1134,Manuf_0670,Dist_0019
1135,Manuf_0671,Dist_0020
1136,Manuf_0672,Dist_0021
1137,Manuf_0673,Dist_0022
1138,Manuf_0674,Dist_0023
1139,Manuf_0675,Dist_0024
1140,Manuf_0676,Dist_0025
1141,Manuf_0677,Dist_0026
1142,Manuf_0678,Dist_0027
1143,Manuf_0679,Dist_0028
1144,Manuf_0680,Dist_0029
1145,Manuf_0681,Dist_0030
1146,Manuf_0682,Dist_0031
1147,Manuf_0683,Dist_0032
1148,Manuf_0684,Dist_0033
1149,Manuf_0685,Dist_0034
1150,Manuf_0686,Dist_0035
1151,Manuf_0687,Dist_0036
1152,Part_0001,Manuf_0001
1153,Part_0002,Manuf_0002
1154,Part_0003,Manuf_0003
1155,Part_0004,Manuf_0004
1156,Part_0005,Manuf_0005
1157,Part_0006,Manuf_0006
1158,Part_0007,Manuf_0007
1159,Part_0008,Manuf_0008
1160,Part_0009,Manuf_0009
1161,Part_0010,Manuf_0010
1162,Part_0011,Manuf_0011
1163,Part_0012,Manuf_0012
1164,Part_0013,Manuf_0013
1165,Part_0014,Manuf_0014
1166,Part_0015,Manuf_0015
1167,Part_0016,Manuf_0016
1168,Part_0017,Manuf_0017
1169,Part_0018,Manuf_0018
1170,Part_0019,Manuf_0019
1171,Part_0020,Manuf_0020
1172,Part_0021,Manuf_0021
1173,Part_0022,Manuf_0022
1174,Part_0023,Manuf_0023
1175,Part_0024,Manuf_0024
1176,Part_0025,Manuf_0025
1177,Part_0026,Manuf_0026
1178,Part_0027,Manuf_0027
1179,Part_0028,Manuf_0028
1180,Part_0029,Manuf_0029
1181,Part_0030,Manuf_0030
1182,Part_0031,Manuf_0031
1183,Part_0032,Manuf_0032
1184,Part_0033,Manuf_0033
1185,Part_0034,Manuf_0034
1186,Part_0035,Manuf_0035
1187,Part_0036,Manuf_0036
1188,Part_0037,Manuf_0037
1189,Part_0038,Manuf_0038
1190,Part_0039,Manuf_0039
1191,Part_0040,Manuf_0040
1192,Part_0041,Manuf_0041
1193,Part_0042,Manuf_0042
1194,Part_0043,Manuf_0043
1195,Part_0044,Manuf_0044
1196,Part_0045,Manuf_0045
1197,Part_0046,Manuf_0046
1198,Part_0047,Manuf_0047
1199,Part_0048,Manuf_0048
1200,Part_0049,Manuf_0049
1201,Part_0050,Manuf_0050
1202,Part_0051,Manuf_0051
1203,Part_0052,Manuf_0052
1204,Part_0053,Manuf_0053
1205,Part_0054,Manuf_0054
1206,Part_0055,Manuf_0055
1207,Part_0056,Manuf_0056
1208,Part_0057,Manuf_0057
1209,Part_0058,Manuf_0058
1210,Part_0059,Manuf_0059
1211,Part_0060,Manuf_0060
1212,Part_0061,Manuf_0061
1213,Part_0062,Manuf_0062
1214,Part_0063,Manuf_0063
1215,Part_0064,Manuf_0064
1216,Part_0065,Manuf_0065
1217,Part_0066,Manuf_0066
1218,Part_0067,Manuf_0067
1219,Part_0068,Manuf_0068
1220,Part_0069,Manuf_0069
1221,Part_0070,Manuf_0070
1222,Part_0071,Manuf_0071
1223,Part_0072,Manuf_0072
1224,Part_0073,Manuf_0073
1225,Part_0074,Manuf_0074
1226,Part_0075,Manuf_0075
1227,Part_0076,Manuf_0076
1228,Part_0077,Manuf_0077
1229,Part_0078,Manuf_0078
1230,Part_0079,Manuf_0079
1231,Part_0080,Manuf_0080
1232,Part_0081,Manuf_0081
1233,Part_0082,Manuf_0082
1234,Part_0083,Manuf_0083
1235,Part_0084,Manuf_0084
1236,Part_0085,Manuf_0085
1237,Part_0086,Manuf_0086
1238,Part_0087,Manuf_0087
1239,Part_0088,Manuf_0088
1240,Part_0089,Manuf_0089
1241,Part_0090,Manuf_0090
1242,Part_0091,Manuf_0091
1243,Part_0092,Manuf_0092
1244,Part_0093,Manuf_0093
1245,Part_0094,Manuf_0094
1246,Part_0095,Manuf_0095
1247,Part_0096,Manuf_0096
1248,Part_0097,Manuf_0097
1249,Part_0098,Manuf_0098
1250,Part_0099,Manuf_0099
1251,Part_0100,Manuf_0100
1252,Part_0101,Manuf_0101
1253,Part_0102,Manuf_0102
1254,Part_0103,Manuf_0103
1255,Part_0104,Manuf_0104
1256,Part_0105,Manuf_0105
1257,Part_0106,Manuf_0106
1258,Part_0107,Manuf_0107
1259,Part_0108,Manuf_0108
1260,Part_0109,Manuf_0109
1261,Part_0110,Manuf_0110
1262,Part_0111,Manuf_0111
1263,Part_0112,Manuf_0112
1264,Part_0113,Manuf_0113
1265,Part_0114,Manuf_0114
1266,Part_0115,Manuf_0115
1267,Part_0116,Manuf_0116
1268,Part_0117,Manuf_0117
1269,Part_0118,Manuf_0118
1270,Part_0119,Manuf_0119
1271,Part_0120,Manuf_0120
1272,Part_0121,Manuf_0121
1273,Part_0122,Manuf_0122
1274,Part_0123,Manuf_0123
1275,Part_0124,Manuf_0124
1276,Part_0125,Manuf_0125
1277,Part_0126,Manuf_0126
1278,Part_0127,Manuf_0127
1279,Part_0128,Manuf_0128
1280,Part_0129,Manuf_0129
1281,Part_0130,Manuf_0130
1282,Part_0131,Manuf_0131
1283,Part_0132,Manuf_0132
1284,Part_0133,Manuf_0133
1285,Part_0134,Manuf_0134
1286,Part_0135,Manuf_0135
1287,Part_0136,Manuf_0136
1288,Part_0137,Manuf_0137
1289,Part_0138,Manuf_0138
1290,Part_0139,Manuf_0139
1291,Part_0140,Manuf_0140
1292,Part_0141,Manuf_0141
1293,Part_0142,Manuf_0142
1294,Part_0143,Manuf_0143
1295,Part_0144,Manuf_0144
1296,Part_0145,Manuf_0145
1297,Part_0146,Manuf_0146
1298,Part_0147,Manuf_0147
1299,Part_0148,Manuf_0148
1300,Part_0149,Manuf_0149
1301,Part_0150,Manuf_0150
1302,Part_0151,Manuf_0151
1303,Part_0152,Manuf_0152
1304,Part_0153,Manuf_0153
1305,Part_0154,Manuf_0154
1306,Part_0155,Manuf_0155
1307,Part_0156,Manuf_0156
1308,Part_0157,Manuf_0157
1309,Part_0158,Manuf_0158
1310,Part_0159,Manuf_0159
1311,Part_0160,Manuf_0160
1312,Part_0161,Manuf_0161
1313,Part_0162,Manuf_0162
1314,Part_0163,Manuf_0163
1315,Part_0164,Manuf_0164
1316,Part_0165,Manuf_0165
1317,Part_0166,Manuf_0166
1318,Part_0167,Manuf_0167
1319,Part_0168,Manuf_0168
1320,Part_0169,Manuf_0169
1321,Part_0170,Manuf_0170
1322,Part_0171,Manuf_0171
1323,Part_0172,Manuf_0172
1324,Part_0173,Manuf_0173
1325,Part_0174,Manuf_0174
1326,Part_0175,Manuf_0175
1327,Part_0176,Manuf_0176
1328,Part_0177,Manuf_0177
1329,Part_0178,Manuf_0178
1330,Part_0179,Manuf_0179
1331,Part_0180,Manuf_0180
1332,Part_0181,Manuf_0181
1333,Part_0182,Manuf_0182
1334,Part_0183,Manuf_0183
1335,Part_0184,Manuf_0184
1336,Part_0185,Manuf_0185
1337,Part_0186,Manuf_0186
1338,Part_0187,Manuf_0187
1339,Part_0188,Manuf_0188
1340,Part_0189,Manuf_0189
1341,Part_0190,Manuf_0190
1342,Part_0191,Manuf_0191
1343,Part_0192,Manuf_0192
1344,Part_0193,Manuf_0193
1345,Part_0194,Manuf_0194
1346,Part_0195,Manuf_0195
1347,Part_0196,Manuf_0196
1348,Part_0197,Manuf_0197
1349,Part_0198,Manuf_0198
1350,Part_0199,Manuf_0199
1351,Part_0200,Manuf_0200
1352,Part_0201,Manuf_0201
1353,Part_0202,Manuf_0202
1354,Part_0203,Manuf_0203
1355,Part_0204,Manuf_0204
1356,Part_0205,Manuf_0205
1357,Part_0206,Manuf_0206
1358,Part_0207,Manuf_0207
1359,Part_0208,Manuf_0208
1360,Part_0209,Manuf_0209
1361,Part_0210,Manuf_0210
1362,Part_0211,Manuf_0211
1363,Part_0212,Manuf_0212
1364,Part_0213,Manuf_0213
1365,Part_0214,Manuf_0214
1366,Part_0215,Manuf_0215
1367,Part_0216,Manuf_0216
1368,Part_0217,Manuf_0217
1369,Part_0218,Manuf_0218
1370,Part_0219,Manuf_0219
1371,Part_0220,Manuf_0220
1372,Part_0221,Manuf_0221
1373,Part_0222,Manuf_0222
1374,Part_0223,Manuf_0223
1375,Part_0224,Manuf_0224
1376,Part_0225,Manuf_0225
1377,Part_0226,Manuf_0226
1378,Part_0227,Manuf_0227
1379,Part_0228,Manuf_0228
1380,Part_0229,Manuf_0229
1381,Part_0230,Manuf_0230
1382,Part_0231,Manuf_0231
1383,Part_0232,Manuf_0232
1384,Part_0233,Manuf_0233
1385,Part_0234,Manuf_0234
1386,Part_0235,Manuf_0235
1387,Part_0236,Manuf_0236
1388,Part_0237,Manuf_0237
1389,Part_0238,Manuf_0238
1390,Part_0239,Manuf_0239
1391,Part_0240,Manuf_0240
1392,Part_0241,Manuf_0241
1393,Part_0242,Manuf_0242
1394,Part_0243,Manuf_0243
1395,Part_0244,Manuf_0244
1396,Part_0245,Manuf_0245
1397,Part_0246,Manuf_0246
1398,Part_0247,Manuf_0247
1399,Part_0248,Manuf_0248
1400,Part_0249,Manuf_0249
1401,Part_0250,Manuf_0250
1402,Part_0251,Manuf_0251
1403,Part_0252,Manuf_0252
1404,Part_0253,Manuf_0253
1405,Part_0254,Manuf_0254
1406,Part_0255,Manuf_0255
1407,Part_0256,Manuf_0256
1408,Part_0257,Manuf_0257
1409,Part_0258,Manuf_0258
1410,Part_0259,Manuf_0259
1411,Part_0260,Manuf_0260
1412,Part_0261,Manuf_0261
1413,Part_0262,Manuf_0262
1414,Part_0263,Manuf_0263
1415,Part_0264,Manuf_0264
1416,Part_0265,Manuf_0265
1417,Part_0266,Manuf_0266
1418,Part_0267,Manuf_0267
1419,Part_0268,Manuf_0268
1420,Part_0269,Manuf_0269
1421,Part_0270,Manuf_0270
1422,Part_0271,Manuf_0271
1423,Part_0272,Manuf_0272
1424,Part_0273,Manuf_0273
1425,Part_0274,Manuf_0274
1426,Part_0275,Manuf_0275
1427,Part_0276,Manuf_0276
1428,Part_0277,Manuf_0277
1429,Part_0278,Manuf_0278
1430,Part_0279,Manuf_0279
1431,Part_0280,Manuf_0280
1432,Part_0281,Manuf_0281
1433,Part_0282,Manuf_0282
1434,Part_0283,Manuf_0283
1435,Part_0284,Manuf_0284
1436,Part_0285,Manuf_0285
1437,Part_0286,Manuf_0286
1438,Part_0287,Manuf_0287
1439,Part_0288,Manuf_0288
1440,Part_0289,Manuf_0289
1441,Part_0290,Manuf_0290
1442,Part_0291,Manuf_0291
1443,Part_0292,Manuf_0292
1444,Part_0293,Manuf_0293
1445,Part_0294,Manuf_0294
1446,Part_0295,Manuf_0295
1447,Part_0296,Manuf_0296
1448,Part_0297,Manuf_0297
1449,Part_0298,Manuf_0298
1450,Part_0299,Manuf_0299
1451,Part_0300,Manuf_0300
1452,Part_0301,Manuf_0301
1453,Part_0302,Manuf_0302
1454,Part_0303,Manuf_0303
1455,Part_0304,Manuf_0304
1456,Part_0305,Manuf_0305
1457,Part_0306,Manuf_0306
1458,Part_0307,Manuf_0307
1459,Part_0308,Manuf_0308
1460,Part_0309,Manuf_0309
1461,Part_0310,Manuf_0310
1462,Part_0311,Manuf_0311
1463,Part_0312,Manuf_0312
1464,Part_0313,Manuf_0313
1465,Part_0314,Manuf_0314
1466,Part_0315,Manuf_0315
1467,Part_0316,Manuf_0316
1468,Part_0317,Manuf_0317
1469,Part_0318,Manuf_0318
1470,Part_0319,Manuf_0319
1471,Part_0320,Manuf_0320
1472,Part_0321,Manuf_0321
1473,Part_0322,Manuf_0322
1474,Part_0323,Manuf_0323
1475,Part_0324,Manuf_0324
1476,Part_0325,Manuf_0325
1477,Part_0326,Manuf_0326
1478,Part_0327,Manuf_0327
1479,Part_0328,Manuf_0328
1480,Part_0329,Manuf_0329
1481,Part_0330,Manuf_0330
1482,Part_0331,Manuf_0331
1483,Part_0332,Manuf_0332
1484,Part_0333,Manuf_0333
1485,Part_0334,Manuf_0334
1486,Part_0335,Manuf_0335
1487,Part_0336,Manuf_0336
1488,Part_0337,Manuf_0337
1489,Part_0338,Manuf_0338
1490,Part_0339,Manuf_0339
1491,Part_0340,Manuf_0340
1492,Part_0341,Manuf_0341
1493,Part_0342,Manuf_0342
1494,Part_0343,Manuf_0343
1495,Part_0344,Manuf_0344
1496,Part_0345,Manuf_0345
1497,Part_0346,Manuf_0346
1498,Part_0347,Manuf_0347
1499,Part_0348,Manuf_0348
1500,Part_0349,Manuf_0349
1501,Part_0350,Manuf_0350
1502,Part_0351,Manuf_0351
1503,Part_0352,Manuf_0352
1504,Part_0353,Manuf_0353
1505,Part_0354,Manuf_0354
1506,Part_0355,Manuf_0355
1507,Part_0356,Manuf_0356
1508,Part_0357,Manuf_0357
1509,Part_0358,Manuf_0358
1510,Part_0359,Manuf_0359
1511,Part_0360,Manuf_0360
1512,Part_0361,Manuf_0361
1513,Part_0362,Manuf_0362
1514,Part_0363,Manuf_0363
1515,Part_0364,Manuf_0364
1516,Part_0365,Manuf_0365
1517,Part_0366,Manuf_0366
1518,Part_0367,Manuf_0367
1519,Part_0368,Manuf_0368
1520,Part_0369,Manuf_0369
1521,Part_0370,Manuf_0370
1522,Part_0371,Manuf_0371
1523,Part_0372,Manuf_0372
1524,Part_0373,Manuf_0373
1525,Part_0374,Manuf_0374
1526,Part_0375,Manuf_0375
1527,Part_0376,Manuf_0376
1528,Part_0377,Manuf_0377
1529,Part_0378,Manuf_0378
1530,Part_0379,Manuf_0379
1531,Part_0380,Manuf_0380
1532,Part_0381,Manuf_0381
1533,Part_0382,Manuf_0382
1534,Part_0383,Manuf_0383
1535,Part_0384,Manuf_0384
1536,Part_0385,Manuf_0385
1537,Part_0386,Manuf_0386
1538,Part_0387,Manuf_0387
1539,Part_0388,Manuf_0388
1540,Part_0389,Manuf_0389
1541,Part_0390,Manuf_0390
1542,Part_0391,Manuf_0391
1543,Part_0392,Manuf_0392
1544,Part_0393,Manuf_0393
1545,Part_0394,Manuf_0394
1546,Part_0395,Manuf_0395
1547,Part_0396,Manuf_0396
1548,Part_0397,Manuf_0397
1549,Part_0398,Manuf_0398
1550,Part_0399,Manuf_0399
1551,Part_0400,Manuf_0400
1552,Part_0401,Manuf_0401
1553,Part_0402,Manuf_0402
1554,Part_0403,Manuf_0403
1555,Part_0404,Manuf_0404
1556,Part_0405,Manuf_0405
1557,Part_0406,Manuf_0406
1558,Part_0407,Manuf_0407
1559,Part_0408,Manuf_0408
1560,Part_0409,Manuf_0409
1561,Part_0410,Manuf_0410
1562,Part_0411,Manuf_0411
1563,Part_0412,Manuf_0412
1564,Part_0413,Manuf_0413
1565,Part_0414,Manuf_0414
1566,Part_0415,Manuf_0415
1567,Part_0416,Manuf_0416
1568,Part_0417,Manuf_0417
1569,Part_0418,Manuf_0418
1570,Part_0419,Manuf_0419
1571,Part_0420,Manuf_0420
1572,Part_0421,Manuf_0421
1573,Part_0422,Manuf_0422
1574,Part_0423,Manuf_0423
1575,Part_0424,Manuf_0424
1576,Part_0425,Manuf_0425
1577,Part_0426,Manuf_0426
1578,Part_0427,Manuf_0427
1579,Part_0428,Manuf_0428
1580,Part_0429,Manuf_0429
1581,Part_0430,Manuf_0430
1582,Part_0431,Manuf_0431
1583,Part_0432,Manuf_0432
1584,Part_0433,Manuf_0433
1585,Part_0434,Manuf_0434
1586,Part_0435,Manuf_0435
1587,Part_0436,Manuf_0436
1588,Part_0437,Manuf_0437
1589,Part_0438,Manuf_0438
1590,Part_0439,Manuf_0439
1591,Part_0440,Manuf_0440
1592,Part_0441,Manuf_0441
1593,Part_0442,Manuf_0442
1594,Part_0443,Manuf_0443
1595,Part_0444,Manuf_0444
1596,Part_0445,Manuf_0445
1597,Part_0446,Manuf_0446
1598,Part_0447,Manuf_0447
1599,Part_0448,Manuf_0448
1600,Part_0449,Manuf_0449
1601,Part_0450,Manuf_0450
1602,Part_0451,Manuf_0451
1603,Part_0452,Manuf_0452
1604,Part_0453,Manuf_0453
1605,Part_0454,Manuf_0454
1606,Part_0455,Manuf_0455
1607,Part_0456,Manuf_0456
1608,Part_0457,Manuf_0457
1609,Part_0458,Manuf_0458
1610,Part_0459,Manuf_0459
1611,Part_0460,Manuf_0460
1612,Part_0461,Manuf_0461
1613,Part_0462,Manuf_0462
1614,Part_0463,Manuf_0463
1615,Part_0464,Manuf_0464
1616,Part_0465,Manuf_0465
1617,Part_0466,Manuf_0466
1618,Part_0467,Manuf_0467
1619,Part_0468,Manuf_0468
1620,Part_0469,Manuf_0469
1621,Part_0470,Manuf_0470
1622,Part_0471,Manuf_0471
1623,Part_0472,Manuf_0472
1624,Part_0473,Manuf_0473
1625,Part_0474,Manuf_0474
1626,Part_0475,Manuf_0475
1627,Part_0476,Manuf_0476
1628,Part_0477,Manuf_0477
1629,Part_0478,Manuf_0478
1630,Part_0479,Manuf_0479
1631,Part_0480,Manuf_0480
1632,Part_0481,Manuf_0481
1633,Part_0482,Manuf_0482
1634,Part_0483,Manuf_0483
1635,Part_0484,Manuf_0484
1636,Part_0485,Manuf_0485
1637,Part_0486,Manuf_0486
1638,Part_0487,Manuf_0487
1639,Part_0488,Manuf_0488
1640,Part_0489,Manuf_0489
1641,Part_0490,Manuf_0490
1642,Part_0491,Manuf_0491
1643,Part_0492,Manuf_0492
1644,Part_0493,Manuf_0493
1645,Part_0494,Manuf_0494
1646,Part_0495,Manuf_0495
1647,Part_0496,Manuf_0496
1648,Part_0497,Manuf_0497
1649,Part_0498,Manuf_0498
1650,Part_0499,Manuf_0499
1651,Part_0500,Manuf_0500
1652,Part_0501,Manuf_0501
1653,Part_0502,Manuf_0502
1654,Part_0503,Manuf_0503
1655,Part_0504,Manuf_0504
1656,Part_0505,Manuf_0505
1657,Part_0506,Manuf_0506
1658,Part_0507,Manuf_0507
1659,Part_0508,Manuf_0508
1660,Part_0509,Manuf_0509
1661,Part_0510,Manuf_0510
1662,Part_0511,Manuf_0511
1663,Part_0512,Manuf_0512
1664,Part_0513,Manuf_0513
1665,Part_0514,Manuf_0514
1666,Part_0515,Manuf_0515
1667,Part_0516,Manuf_0516
1668,Part_0517,Manuf_0517
1669,Part_0518,Manuf_0518
1670,Part_0519,Manuf_0519
1671,Part_0520,Manuf_0520
1672,Part_0521,Manuf_0521
1673,Part_0522,Manuf_0522
1674,Part_0523,Manuf_0523
1675,Part_0524,Manuf_0524
1676,Part_0525,Manuf_0525
1677,Part_0526,Manuf_0526
1678,Part_0527,Manuf_0527
1679,Part_0528,Manuf_0528
1680,Part_0529,Manuf_0529
1681,Part_0530,Manuf_0530
1682,Part_0531,Manuf_0531
1683,Part_0532,Manuf_0532
1684,Part_0533,Manuf_0533
1685,Part_0534,Manuf_0534
1686,Part_0535,Manuf_0535
1687,Part_0536,Manuf_0536
1688,Part_0537,Manuf_0537
1689,Part_0538,Manuf_0538
1690,Part_0539,Manuf_0539
1691,Part_0540,Manuf_0540
1692,Part_0541,Manuf_0541
1693,Part_0542,Manuf_0542
1694,Part_0543,Manuf_0543
1695,Part_0544,Manuf_0544
1696,Part_0545,Manuf_0545
1697,Part_0546,Manuf_0546
1698,Part_0547,Manuf_0547
1699,Part_0548,Manuf_0548
1700,Part_0549,Manuf_0549
1701,Part_0550,Manuf_0550
1702,Part_0551,Manuf_0551
1703,Part_0552,Manuf_0552
1704,Part_0553,Manuf_0553
1705,Part_0554,Manuf_0554
1706,Part_0555,Manuf_0555
1707,Part_0556,Manuf_0556
1708,Part_0557,Manuf_0557
1709,Part_0558,Manuf_0558
1710,Part_0559,Manuf_0559
1711,Part_0560,Manuf_0560
1712,Part_0561,Manuf_0561
1713,Part_0562,Manuf_0562
1714,Part_0563,Manuf_0563
1715,Part_0564,Manuf_0564
1716,Part_0565,Manuf_0565
1717,Part_0566,Manuf_0566
1718,Part_0567,Manuf_0567
1719,Part_0568,Manuf_0568
1720,Part_0569,Manuf_0569
1721,Part_0570,Manuf_0570
1722,Part_0571,Manuf_0571
1723,Part_0572,Manuf_0572
1724,Part_0573,Manuf_0573
1725,Part_0574,Manuf_0574
1726,Part_0575,Manuf_0575
1727,Part_0576,Manuf_0576
1728,Part_0577,Manuf_0577
1729,Part_0578,Manuf_0578
1730,Part_0579,Manuf_0579
1731,Part_0580,Manuf_0580
1732,Part_0581,Manuf_0581
1733,Part_0582,Manuf_0582
1734,Part_0583,Manuf_0583
1735,Part_0584,Manuf_0584
1736,Part_0585,Manuf_0585
1737,Part_0586,Manuf_0586
1738,Part_0587,Manuf_0587
1739,Part_0588,Manuf_0588
1740,Part_0589,Manuf_0589
1741,Part_0590,Manuf_0590
1742,Part_0591,Manuf_0591
1743,Part_0592,Manuf_0592
1744,Part_0593,Manuf_0593
1745,Part_0594,Manuf_0594
1746,Part_0595,Manuf_0595
1747,Part_0596,Manuf_0596
1748,Part_0597,Manuf_0597
1749,Part_0598,Manuf_0598
1750,Part_0599,Manuf_0599
1751,Part_0600,Manuf_0600
1752,Part_0601,Manuf_0601
1753,Part_0602,Manuf_0602
1754,Part_0603,Manuf_0603
1755,Part_0604,Manuf_0604
1756,Part_0605,Manuf_0605
1757,Part_0606,Manuf_0606
1758,Part_0607,Manuf_0607
1759,Part_0608,Manuf_0608
1760,Part_0609,Manuf_0609
1761,Part_0610,Manuf_0610
1762,Part_0611,Manuf_0611
1763,Part_0612,Manuf_0612
1764,Part_0613,Manuf_0613
1765,Part_0614,Trans_0001
1766,Part_0615,Trans_0002
1767,Part_0616,Trans_0003
1768,Part_0617,Trans_0005
1769,Part_0618,Trans_0008
1770,Part_0619,Trans_0009
1771,Trans_0001,Manuf_0652
1772,Trans_0001,Manuf_0653
1773,Trans_0001,Manuf_0654
1774,Trans_0001,Manuf_0661
1775,Trans_0001,Manuf_0679
1776,Trans_0001,Manuf_0681
1777,Trans_0001,Manuf_0682
1778,Trans_0001,Manuf_0686
1779,Trans_0002,Manuf_0652
1780,Trans_0002,Manuf_0653
1781,Trans_0002,Manuf_0654
1782,Trans_0002,Manuf_0661
1783,Trans_0002,Manuf_0679
1784,Trans_0002,Manuf_0681
1785,Trans_0002,Manuf_0682
1786,Trans_0002,Manuf_0686
1787,Trans_0003,Manuf_0652
1788,Trans_0003,Manuf_0661
1789,Trans_0003,Manuf_0679
1790,Trans_0003,Manuf_0681
1791,Trans_0003,Manuf_0685
1792,Trans_0003,Manuf_0686
1793,Trans_0004,Manuf_0652
1794,Trans_0005,Manuf_0653
1795,Trans_0005,Manuf_0654
1796,Trans_0005,Manuf_0674
1797,Trans_0005,Manuf_0675
1798,Trans_0005,Manuf_0680
1799,Trans_0005,Manuf_0682
1800,Trans_0005,Manuf_0687
1801,Trans_0006,Manuf_0653
1802,Trans_0007,Manuf_0654
1803,Trans_0008,Manuf_0655
1804,Trans_0008,Manuf_0656
1805,Trans_0008,Manuf_0657
1806,Trans_0008,Manuf_0658
1807,Trans_0008,Manuf_0659
1808,Trans_0008,Manuf_0660
1809,Trans_0008,Manuf_0673
1810,Trans_0008,Manuf_0678
1811,Trans_0008,Manuf_0680
1812,Trans_0009,Manuf_0655
1813,Trans_0009,Manuf_0656
1814,Trans_0009,Manuf_0657
1815,Trans_0009,Manuf_0658
1816,Trans_0009,Manuf_0659
1817,Trans_0009,Manuf_0660
1818,Trans_0009,Manuf_0673
1819,Trans_0009,Manuf_0678
1820,Trans_0009,Manuf_0680
1821,Trans_0010,Manuf_0655
1822,Trans_0011,Manuf_0656
1823,Trans_0012,Manuf_0657
1824,Trans_0013,Manuf_0658
1825,Trans_0014,Manuf_0658
1826,Trans_0015,Manuf_0659
1827,Trans_0016,Manuf_0660
1828,Trans_0017,Manuf_0661
1829,Trans_0018,Manuf_0662
1830,Trans_0019,Manuf_0663
1831,Trans_0020,Manuf_0664
1832,Trans_0021,Manuf_0665
1833,Trans_0022,Manuf_0666
1834,Trans_0023,Manuf_0667
1835,Trans_0024,Manuf_0668
1836,Trans_0024,Manuf_0669
1837,Trans_0025,Manuf_0670
1838,Trans_0026,Manuf_0670
1839,Trans_0027,Manuf_0671
1840,Trans_0028,Manuf_0672
1841,Trans_0029,Manuf_0673
1842,Trans_0030,Manuf_0674
1843,Trans_0031,Manuf_0675
1844,Trans_0032,Manuf_0676
1845,Trans_0033,Manuf_0677
1846,Trans_0034,Manuf_0678
1847,Trans_0035,Manuf_0679
1848,Trans_0036,Manuf_0680
1849,Trans_0037,Manuf_0680
1850,Trans_0038,Manuf_0681
1851,Trans_0039,Manuf_0682
1852,Trans_0040,Manuf_0683
1853,Trans_0041,Manuf_0684
1854,Trans_0042,Manuf_0685
1855,Trans_0043,Manuf_0686
1856,Trans_0044,Manuf_0687
