,child,parent
0,Manuf_0001,Manuf_0003
1,Manuf_0002,Manuf_0003
2,Manuf_0003,Manuf_0006
3,Manuf_0004,Manuf_0008
4,Manuf_0005,Manuf_0009
5,Manuf_0006,Manuf_0010
6,Manuf_0007,Trans_0005
7,Manuf_0008,Trans_0008
8,Manuf_0009,Trans_0018
9,Manuf_0009,Trans_0019
10,Manuf_0010,Trans_0017
11,Manuf_0010,Trans_0028
12,Manuf_0011,Manuf_0015
13,Manuf_0012,Manuf_0018
14,Manuf_0013,Manuf_0039
15,Manuf_0014,Manuf_0043
16,Manuf_0015,Manuf_0043
17,Manuf_0016,Manuf_0043
18,Manuf_0017,Manuf_0043
19,Manuf_0018,Manuf_0043
20,Manuf_0019,Manuf_0043
21,Manuf_0020,Manuf_0043
22,Manuf_0021,Manuf_0043
23,Manuf_0022,Manuf_0043
24,Manuf_0023,Manuf_0043
25,Manuf_0024,Manuf_0043
26,Manuf_0025,Manuf_0043
27,Manuf_0026,Manuf_0043
28,Manuf_0027,Manuf_0043
29,Manuf_0028,Manuf_0043
30,Manuf_0029,Manuf_0044
31,Manuf_0030,Manuf_0044
32,Manuf_0031,Manuf_0044
33,Manuf_0032,Manuf_0044
34,Manuf_0033,Manuf_0044
35,Manuf_0034,Manuf_0044
36,Manuf_0035,Manuf_0044
37,Manuf_0036,Manuf_0044
38,Manuf_0037,Manuf_0044
39,Manuf_0038,Manuf_0044
40,Manuf_0039,Manuf_0044
41,Manuf_0040,Manuf_0044
42,Manuf_0041,Manuf_0044
43,Manuf_0042,Manuf_0044
44,Manuf_0043,Trans_0031
45,Manuf_0043,Trans_0032
46,Manuf_0043,Trans_0033
47,Manuf_0044,Trans_0034
48,Manuf_0044,Trans_0035
49,Manuf_0044,Trans_0036
50,Part_0001,Manuf_0001
51,Part_0002,Manuf_0002
52,Part_0003,Manuf_0004
53,Part_0004,Manuf_0005
54,Part_0005,Manuf_0007
55,Part_0006,Manuf_0009
56,Part_0007,Manuf_0009
57,Part_0008,Manuf_0009
58,Part_0009,Manuf_0009
59,Part_0010,Manuf_0009
60,Part_0011,Manuf_0009
61,Part_0012,Manuf_0009
62,Part_0013,Manuf_0009
63,Part_0014,Trans_0001
64,Part_0014,Trans_0002
65,Part_0015,Manuf_0011
66,Part_0016,Trans_0003
67,Part_0017,Trans_0004
68,Part_0018,Trans_0006
69,Part_0019,Trans_0007
70,Part_0020,Trans_0009
71,Part_0020,Trans_0020
72,Part_0021,Trans_0010
73,Part_0021,Trans_0021
74,Part_0022,Trans_0011
75,Part_0022,Trans_0022
76,Part_0023,Trans_0012
77,Part_0023,Trans_0023
78,Part_0024,Trans_0013
79,Part_0024,Trans_0024
80,Part_0025,Trans_0014
81,Part_0025,Trans_0025
82,Part_0026,Trans_0015
83,Part_0026,Trans_0026
84,Part_0027,Trans_0016
85,Part_0027,Trans_0027
86,Part_0028,Trans_0029
87,Part_0029,Trans_0030
88,Part_0030,Manuf_0014
89,Part_0031,Manuf_0014
90,Part_0032,Manuf_0014
91,Part_0033,Manuf_0016
92,Part_0034,Manuf_0017
93,Part_0035,Manuf_0018
94,Part_0036,Manuf_0039
95,Part_0037,Manuf_0039
96,Part_0038,Manuf_0040
97,Part_0039,Manuf_0040
98,Part_0040,Manuf_0040
99,Part_0041,Manuf_0041
100,Part_0042,Manuf_0041
101,Part_0043,Manuf_0041
102,Part_0044,Manuf_0041
103,Part_0045,Manuf_0042
104,Part_0046,Manuf_0042
105,Part_0047,Manuf_0042
106,Part_0048,Manuf_0043
107,Part_0049,Manuf_0043
108,Part_0050,Manuf_0043
109,Part_0051,Manuf_0043
110,Part_0052,Manuf_0043
111,Part_0053,Manuf_0043
112,Part_0054,Manuf_0043
113,Part_0055,Manuf_0043
114,Part_0056,Manuf_0043
115,Part_0057,Manuf_0043
116,Part_0058,Manuf_0043
117,Part_0059,Manuf_0043
118,Part_0060,Manuf_0044
119,Part_0061,Manuf_0044
120,Part_0062,Manuf_0044
121,Part_0063,Manuf_0044
122,Part_0064,Manuf_0044
123,Part_0065,Manuf_0044
124,Part_0066,Manuf_0044
125,Part_0067,Manuf_0044
126,Part_0068,Manuf_0044
127,Part_0069,Manuf_0044
128,Part_0070,Manuf_0044
129,Part_0071,Manuf_0044
130,Part_0072,Manuf_0044
131,Part_0073,Manuf_0044
132,Part_0074,Manuf_0044
133,Trans_0001,Manuf_0012
134,Trans_0002,Manuf_0013
135,Trans_0003,Manuf_0016
136,Trans_0004,Manuf_0016
137,Trans_0005,Manuf_0016
138,Trans_0006,Manuf_0017
139,Trans_0007,Manuf_0017
140,Trans_0008,Manuf_0018
141,Trans_0009,Manuf_0019
142,Trans_0010,Manuf_0020
143,Trans_0011,Manuf_0021
144,Trans_0012,Manuf_0022
145,Trans_0013,Manuf_0023
146,Trans_0014,Manuf_0024
147,Trans_0015,Manuf_0025
148,Trans_0016,Manuf_0026
149,Trans_0017,Manuf_0027
150,Trans_0018,Manuf_0028
151,Trans_0019,Manuf_0029
152,Trans_0020,Manuf_0030
153,Trans_0021,Manuf_0031
154,Trans_0022,Manuf_0032
155,Trans_0023,Manuf_0033
156,Trans_0024,Manuf_0034
157,Trans_0025,Manuf_0035
158,Trans_0026,Manuf_0036
159,Trans_0027,Manuf_0037
160,Trans_0028,Manuf_0038
161,Trans_0029,Manuf_0043
162,Trans_0030,Manuf_0043
163,Trans_0031,Retail_0001
164,Trans_0032,Retail_0001
165,Trans_0033,Retail_0001
166,Trans_0034,Retail_0002
167,Trans_0035,Retail_0002
168,Trans_0036,Retail_0002
