,child,parent
0,Dist_0001,Retail_0001
1,Dist_0001,Retail_0002
2,Dist_0002,Retail_0003
3,Dist_0002,Retail_0004
4,Dist_0003,Retail_0005
5,Dist_0003,Retail_0006
6,Dist_0004,Retail_0007
7,Dist_0004,Retail_0008
8,Dist_0005,Retail_0009
9,Dist_0005,Retail_0010
10,Dist_0006,Retail_0011
11,Dist_0006,Retail_0012
12,Dist_0007,Retail_0013
13,Dist_0007,Retail_0014
14,Dist_0008,Retail_0015
15,Dist_0008,Retail_0016
16,Dist_0009,Retail_0017
17,Dist_0009,Retail_0018
18,Dist_0010,Retail_0019
19,Dist_0010,Retail_0020
20,Dist_0011,Retail_0021
21,Dist_0011,Retail_0022
22,Dist_0012,Retail_0023
23,Dist_0012,Retail_0024
24,Dist_0013,Retail_0025
25,Dist_0013,Retail_0026
26,Dist_0014,Retail_0027
27,Dist_0014,Retail_0028
28,Dist_0015,Retail_0029
29,Dist_0015,Retail_0030
30,Dist_0016,Retail_0031
31,Dist_0016,Retail_0032
32,Dist_0017,Retail_0033
33,Dist_0017,Retail_0034
34,Manuf_0001,Manuf_0014
35,Manuf_0001,Manuf_0015
36,Manuf_0001,Manuf_0016
37,Manuf_0001,Manuf_0017
38,Manuf_0001,Manuf_0018
39,Manuf_0001,Manuf_0019
40,Manuf_0001,Manuf_0020
41,Manuf_0001,Manuf_0021
42,Manuf_0001,Manuf_0022
43,Manuf_0001,Manuf_0023
44,Manuf_0001,Manuf_0024
45,Manuf_0002,Manuf_0014
46,Manuf_0002,Manuf_0015
47,Manuf_0002,Manuf_0016
48,Manuf_0002,Manuf_0017
49,Manuf_0002,Manuf_0018
50,Manuf_0002,Manuf_0019
51,Manuf_0002,Manuf_0020
52,Manuf_0002,Manuf_0021
53,Manuf_0002,Manuf_0022
54,Manuf_0002,Manuf_0023
55,Manuf_0002,Manuf_0024
56,Manuf_0003,Manuf_0014
57,Manuf_0003,Manuf_0015
58,Manuf_0003,Manuf_0016
59,Manuf_0003,Manuf_0017
60,Manuf_0003,Manuf_0018
61,Manuf_0003,Manuf_0019
62,Manuf_0003,Manuf_0020
63,Manuf_0003,Manuf_0021
64,Manuf_0003,Manuf_0022
65,Manuf_0003,Manuf_0023
66,Manuf_0003,Manuf_0024
67,Manuf_0004,Manuf_0014
68,Manuf_0004,Manuf_0015
69,Manuf_0004,Manuf_0016
70,Manuf_0004,Manuf_0017
71,Manuf_0004,Manuf_0018
72,Manuf_0004,Manuf_0019
73,Manuf_0004,Manuf_0020
74,Manuf_0004,Manuf_0021
75,Manuf_0004,Manuf_0022
76,Manuf_0004,Manuf_0023
77,Manuf_0004,Manuf_0024
78,Manuf_0005,Manuf_0025
79,Manuf_0006,Manuf_0025
80,Manuf_0007,Manuf_0025
81,Manuf_0008,Manuf_0025
82,Manuf_0009,Manuf_0025
83,Manuf_0010,Manuf_0025
84,Manuf_0011,Manuf_0027
85,Manuf_0012,Manuf_0029
86,Manuf_0013,Manuf_0030
87,Manuf_0014,Manuf_0031
88,Manuf_0015,Manuf_0032
89,Manuf_0016,Manuf_0033
90,Manuf_0017,Manuf_0034
91,Manuf_0018,Manuf_0035
92,Manuf_0019,Manuf_0036
93,Manuf_0020,Manuf_0037
94,Manuf_0021,Manuf_0038
95,Manuf_0022,Manuf_0039
96,Manuf_0023,Manuf_0040
97,Manuf_0024,Manuf_0041
98,Manuf_0025,Manuf_0042
99,Manuf_0026,Manuf_0043
100,Manuf_0027,Manuf_0044
101,Manuf_0028,Manuf_0045
102,Manuf_0029,Manuf_0046
103,Manuf_0030,Manuf_0047
104,Manuf_0031,Manuf_0048
105,Manuf_0032,Manuf_0049
106,Manuf_0033,Manuf_0050
107,Manuf_0034,Manuf_0051
108,Manuf_0035,Manuf_0052
109,Manuf_0036,Manuf_0053
110,Manuf_0037,Manuf_0054
111,Manuf_0038,Manuf_0055
112,Manuf_0039,Manuf_0056
113,Manuf_0040,Manuf_0057
114,Manuf_0041,Manuf_0058
115,Manuf_0042,Manuf_0059
116,Manuf_0043,Dist_0001
117,Manuf_0044,Dist_0002
118,Manuf_0045,Dist_0003
119,Manuf_0046,Dist_0004
120,Manuf_0047,Dist_0005
121,Manuf_0048,Dist_0006
122,Manuf_0049,Dist_0007
123,Manuf_0050,Dist_0008
124,Manuf_0051,Dist_0009
125,Manuf_0052,Dist_0010
126,Manuf_0053,Dist_0011
127,Manuf_0054,Dist_0012
128,Manuf_0055,Dist_0013
129,Manuf_0056,Dist_0014
130,Manuf_0057,Dist_0015
131,Manuf_0058,Dist_0016
132,Manuf_0059,Dist_0017
133,Part_0001,Manuf_0001
134,Part_0001,Manuf_0002
135,Part_0001,Manuf_0003
136,Part_0001,Manuf_0004
137,Part_0001,Manuf_0014
138,Part_0001,Manuf_0017
139,Part_0001,Manuf_0018
140,Part_0001,Manuf_0019
141,Part_0001,Manuf_0020
142,Part_0001,Manuf_0021
143,Part_0001,Manuf_0022
144,Part_0001,Manuf_0023
145,Part_0001,Manuf_0024
146,Part_0002,Manuf_0001
147,Part_0002,Manuf_0002
148,Part_0002,Manuf_0003
149,Part_0002,Manuf_0004
150,Part_0002,Manuf_0005
151,Part_0002,Manuf_0006
152,Part_0002,Manuf_0007
153,Part_0002,Manuf_0008
154,Part_0002,Manuf_0009
155,Part_0002,Manuf_0010
156,Part_0002,Manuf_0014
157,Part_0002,Manuf_0017
158,Part_0002,Manuf_0018
159,Part_0002,Manuf_0019
160,Part_0002,Manuf_0020
161,Part_0002,Manuf_0021
162,Part_0002,Manuf_0022
163,Part_0002,Manuf_0023
164,Part_0002,Manuf_0024
165,Part_0003,Manuf_0001
166,Part_0003,Manuf_0002
167,Part_0003,Manuf_0003
168,Part_0003,Manuf_0004
169,Part_0003,Manuf_0014
170,Part_0003,Manuf_0017
171,Part_0003,Manuf_0018
172,Part_0003,Manuf_0019
173,Part_0003,Manuf_0020
174,Part_0003,Manuf_0021
175,Part_0003,Manuf_0022
176,Part_0003,Manuf_0023
177,Part_0003,Manuf_0024
178,Part_0004,Manuf_0001
179,Part_0004,Manuf_0002
180,Part_0004,Manuf_0003
181,Part_0004,Manuf_0004
182,Part_0004,Manuf_0014
183,Part_0004,Manuf_0017
184,Part_0004,Manuf_0018
185,Part_0004,Manuf_0019
186,Part_0004,Manuf_0020
187,Part_0004,Manuf_0021
188,Part_0004,Manuf_0022
189,Part_0004,Manuf_0023
190,Part_0004,Manuf_0024
191,Part_0005,Manuf_0005
192,Part_0005,Manuf_0017
193,Part_0005,Manuf_0018
194,Part_0005,Manuf_0019
195,Part_0005,Manuf_0020
196,Part_0005,Manuf_0021
197,Part_0005,Manuf_0022
198,Part_0005,Manuf_0023
199,Part_0005,Manuf_0024
200,Part_0006,Manuf_0005
201,Part_0006,Manuf_0006
202,Part_0006,Manuf_0007
203,Part_0006,Manuf_0008
204,Part_0006,Manuf_0009
205,Part_0006,Manuf_0010
206,Part_0007,Manuf_0011
207,Part_0007,Manuf_0012
208,Part_0007,Manuf_0013
209,Part_0008,Manuf_0011
210,Part_0008,Manuf_0012
211,Part_0008,Manuf_0013
212,Part_0009,Manuf_0026
213,Part_0009,Manuf_0027
214,Part_0009,Manuf_0028
215,Part_0009,Manuf_0029
216,Part_0009,Manuf_0030
217,Part_0010,Manuf_0026
218,Part_0010,Manuf_0027
219,Part_0010,Manuf_0028
220,Part_0010,Manuf_0029
221,Part_0010,Manuf_0030
222,Part_0010,Manuf_0031
223,Part_0010,Manuf_0032
224,Part_0010,Manuf_0033
225,Part_0010,Manuf_0034
226,Part_0010,Manuf_0035
227,Part_0010,Manuf_0036
228,Part_0010,Manuf_0037
229,Part_0010,Manuf_0038
230,Part_0010,Manuf_0039
231,Part_0010,Manuf_0040
232,Part_0010,Manuf_0041
233,Part_0010,Manuf_0042
234,Part_0011,Manuf_0026
235,Part_0012,Manuf_0026
236,Part_0013,Manuf_0027
237,Part_0014,Manuf_0027
238,Part_0015,Manuf_0028
239,Part_0016,Manuf_0028
240,Part_0017,Manuf_0029
241,Part_0018,Manuf_0029
242,Part_0019,Manuf_0030
243,Part_0020,Manuf_0030
244,Part_0021,Manuf_0031
245,Part_0022,Manuf_0031
246,Part_0023,Manuf_0031
247,Part_0023,Manuf_0032
248,Part_0023,Manuf_0033
249,Part_0023,Manuf_0034
250,Part_0023,Manuf_0035
251,Part_0023,Manuf_0036
252,Part_0023,Manuf_0037
253,Part_0023,Manuf_0038
254,Part_0023,Manuf_0039
255,Part_0023,Manuf_0040
256,Part_0023,Manuf_0041
257,Part_0023,Manuf_0042
258,Part_0024,Manuf_0032
259,Part_0025,Manuf_0032
260,Part_0026,Manuf_0033
261,Part_0027,Manuf_0033
262,Part_0028,Manuf_0034
263,Part_0029,Manuf_0034
264,Part_0030,Manuf_0035
265,Part_0031,Manuf_0035
266,Part_0032,Manuf_0036
267,Part_0033,Manuf_0036
268,Part_0034,Manuf_0037
269,Part_0035,Manuf_0037
270,Part_0036,Manuf_0038
271,Part_0037,Manuf_0038
272,Part_0038,Manuf_0039
273,Part_0039,Manuf_0039
274,Part_0040,Manuf_0040
275,Part_0041,Manuf_0040
276,Part_0042,Manuf_0041
277,Part_0043,Manuf_0041
278,Part_0044,Manuf_0042
279,Part_0045,Manuf_0042
280,Part_0046,Manuf_0043
281,Part_0046,Manuf_0044
282,Part_0046,Manuf_0045
283,Part_0046,Manuf_0046
284,Part_0046,Manuf_0047
285,Part_0046,Manuf_0048
286,Part_0046,Manuf_0049
287,Part_0046,Manuf_0050
288,Part_0046,Manuf_0051
289,Part_0046,Manuf_0052
290,Part_0046,Manuf_0053
291,Part_0046,Manuf_0054
292,Part_0046,Manuf_0055
293,Part_0046,Manuf_0056
294,Part_0046,Manuf_0057
295,Part_0046,Manuf_0058
296,Part_0046,Manuf_0059
297,Part_0047,Manuf_0043
298,Part_0048,Manuf_0043
299,Part_0048,Manuf_0044
300,Part_0048,Manuf_0045
301,Part_0048,Manuf_0046
302,Part_0048,Manuf_0047
303,Part_0048,Manuf_0048
304,Part_0048,Manuf_0049
305,Part_0048,Manuf_0050
306,Part_0048,Manuf_0051
307,Part_0048,Manuf_0052
308,Part_0048,Manuf_0053
309,Part_0048,Manuf_0054
310,Part_0048,Manuf_0055
311,Part_0048,Manuf_0056
312,Part_0048,Manuf_0057
313,Part_0048,Manuf_0058
314,Part_0048,Manuf_0059
315,Part_0049,Manuf_0043
316,Part_0049,Manuf_0044
317,Part_0049,Manuf_0045
318,Part_0049,Manuf_0046
319,Part_0049,Manuf_0047
320,Part_0049,Manuf_0048
321,Part_0049,Manuf_0049
322,Part_0049,Manuf_0050
323,Part_0049,Manuf_0051
324,Part_0049,Manuf_0052
325,Part_0049,Manuf_0053
326,Part_0049,Manuf_0054
327,Part_0049,Manuf_0055
328,Part_0049,Manuf_0056
329,Part_0049,Manuf_0057
330,Part_0049,Manuf_0058
331,Part_0049,Manuf_0059
332,Part_0050,Manuf_0044
333,Part_0051,Manuf_0045
334,Part_0052,Manuf_0046
335,Part_0053,Manuf_0047
336,Part_0054,Manuf_0048
337,Part_0055,Manuf_0048
338,Part_0056,Manuf_0049
339,Part_0057,Manuf_0049
340,Part_0058,Manuf_0050
341,Part_0059,Manuf_0050
342,Part_0060,Manuf_0051
343,Part_0061,Manuf_0051
344,Part_0062,Manuf_0052
345,Part_0063,Manuf_0052
346,Part_0064,Manuf_0053
347,Part_0065,Manuf_0053
348,Part_0066,Manuf_0054
349,Part_0067,Manuf_0054
350,Part_0068,Manuf_0055
351,Part_0069,Manuf_0055
352,Part_0070,Manuf_0056
353,Part_0071,Manuf_0057
354,Part_0072,Manuf_0057
355,Part_0073,Manuf_0058
356,Part_0074,Manuf_0058
357,Part_0075,Manuf_0059
358,Part_0076,Manuf_0059
