,child,parent
0,Dist_0001,Retail_0001
1,Dist_0001,Retail_0002
2,Dist_0001,Retail_0003
3,Dist_0001,Retail_0004
4,Dist_0001,Retail_0005
5,Dist_0001,Retail_0006
6,Dist_0001,Retail_0007
7,Dist_0001,Retail_0008
8,Dist_0001,Retail_0009
9,Dist_0001,Retail_0010
10,Dist_0001,Retail_0011
11,Dist_0001,Retail_0012
12,Dist_0001,Retail_0013
13,Dist_0001,Retail_0014
14,Dist_0001,Retail_0015
15,Dist_0001,Retail_0016
16,Dist_0001,Retail_0017
17,Dist_0001,Retail_0018
18,Dist_0001,Retail_0019
19,Dist_0002,Retail_0020
20,Dist_0002,Retail_0021
21,Dist_0002,Retail_0022
22,Dist_0002,Retail_0023
23,Dist_0002,Retail_0024
24,Dist_0002,Retail_0025
25,Dist_0002,Retail_0026
26,Dist_0002,Retail_0027
27,Dist_0002,Retail_0028
28,Dist_0002,Retail_0029
29,Dist_0002,Retail_0030
30,Dist_0002,Retail_0031
31,Dist_0002,Retail_0032
32,Dist_0002,Retail_0033
33,Dist_0002,Retail_0034
34,Dist_0002,Retail_0035
35,Dist_0002,Retail_0036
36,Dist_0002,Retail_0037
37,Dist_0002,Retail_0038
38,Dist_0003,Retail_0039
39,Dist_0003,Retail_0040
40,Dist_0003,Retail_0041
41,Dist_0003,Retail_0042
42,Dist_0003,Retail_0043
43,Dist_0003,Retail_0044
44,Dist_0003,Retail_0045
45,Dist_0003,Retail_0046
46,Dist_0003,Retail_0047
47,Dist_0003,Retail_0048
48,Dist_0003,Retail_0049
49,Dist_0003,Retail_0050
50,Dist_0003,Retail_0051
51,Dist_0003,Retail_0052
52,Dist_0003,Retail_0053
53,Dist_0003,Retail_0054
54,Dist_0003,Retail_0055
55,Dist_0003,Retail_0056
56,Dist_0003,Retail_0057
57,Dist_0004,Retail_0058
58,Dist_0004,Retail_0059
59,Dist_0004,Retail_0060
60,Dist_0004,Retail_0061
61,Dist_0004,Retail_0062
62,Dist_0004,Retail_0063
63,Dist_0004,Retail_0064
64,Dist_0004,Retail_0065
65,Dist_0004,Retail_0066
66,Dist_0004,Retail_0067
67,Dist_0004,Retail_0068
68,Dist_0004,Retail_0069
69,Dist_0004,Retail_0070
70,Dist_0004,Retail_0071
71,Dist_0004,Retail_0072
72,Dist_0004,Retail_0073
73,Dist_0004,Retail_0074
74,Dist_0004,Retail_0075
75,Dist_0004,Retail_0076
76,Dist_0005,Retail_0077
77,Dist_0005,Retail_0078
78,Dist_0005,Retail_0079
79,Dist_0005,Retail_0080
80,Dist_0005,Retail_0081
81,Dist_0005,Retail_0082
82,Dist_0005,Retail_0083
83,Dist_0005,Retail_0084
84,Dist_0005,Retail_0085
85,Dist_0005,Retail_0086
86,Dist_0005,Retail_0087
87,Dist_0005,Retail_0088
88,Dist_0005,Retail_0089
89,Dist_0005,Retail_0090
90,Dist_0005,Retail_0091
91,Dist_0005,Retail_0092
92,Dist_0005,Retail_0093
93,Dist_0005,Retail_0094
94,Dist_0005,Retail_0095
95,Dist_0006,Retail_0096
96,Dist_0006,Retail_0097
97,Dist_0006,Retail_0098
98,Dist_0006,Retail_0099
99,Dist_0006,Retail_0100
100,Dist_0006,Retail_0101
101,Dist_0006,Retail_0102
102,Dist_0006,Retail_0103
103,Dist_0006,Retail_0104
104,Dist_0006,Retail_0105
105,Dist_0006,Retail_0106
106,Dist_0006,Retail_0107
107,Dist_0006,Retail_0108
108,Dist_0006,Retail_0109
109,Dist_0006,Retail_0110
110,Dist_0006,Retail_0111
111,Dist_0006,Retail_0112
112,Dist_0006,Retail_0113
113,Dist_0006,Retail_0114
114,Dist_0007,Retail_0115
115,Dist_0007,Retail_0116
116,Dist_0007,Retail_0117
117,Dist_0007,Retail_0118
118,Dist_0007,Retail_0119
119,Dist_0007,Retail_0120
120,Dist_0007,Retail_0121
121,Dist_0007,Retail_0122
122,Dist_0007,Retail_0123
123,Dist_0007,Retail_0124
124,Dist_0007,Retail_0125
125,Dist_0007,Retail_0126
126,Dist_0007,Retail_0127
127,Dist_0007,Retail_0128
128,Dist_0007,Retail_0129
129,Dist_0007,Retail_0130
130,Dist_0007,Retail_0131
131,Dist_0007,Retail_0132
132,Dist_0007,Retail_0133
133,Dist_0008,Retail_0134
134,Dist_0008,Retail_0135
135,Dist_0008,Retail_0136
136,Dist_0008,Retail_0137
137,Dist_0008,Retail_0138
138,Dist_0008,Retail_0139
139,Dist_0008,Retail_0140
140,Dist_0008,Retail_0141
141,Dist_0008,Retail_0142
142,Dist_0008,Retail_0143
143,Dist_0008,Retail_0144
144,Dist_0008,Retail_0145
145,Dist_0008,Retail_0146
146,Dist_0008,Retail_0147
147,Dist_0008,Retail_0148
148,Dist_0008,Retail_0149
149,Dist_0008,Retail_0150
150,Dist_0008,Retail_0151
151,Dist_0008,Retail_0152
152,Dist_0009,Retail_0153
153,Dist_0009,Retail_0154
154,Dist_0009,Retail_0155
155,Dist_0009,Retail_0156
156,Dist_0009,Retail_0157
157,Dist_0009,Retail_0158
158,Dist_0009,Retail_0159
159,Dist_0009,Retail_0160
160,Dist_0009,Retail_0161
161,Dist_0009,Retail_0162
162,Dist_0009,Retail_0163
163,Dist_0009,Retail_0164
164,Dist_0009,Retail_0165
165,Dist_0009,Retail_0166
166,Dist_0009,Retail_0167
167,Dist_0009,Retail_0168
168,Dist_0009,Retail_0169
169,Dist_0009,Retail_0170
170,Dist_0009,Retail_0171
171,Dist_0010,Retail_0172
172,Dist_0010,Retail_0173
173,Dist_0010,Retail_0174
174,Dist_0010,Retail_0175
175,Dist_0010,Retail_0176
176,Dist_0010,Retail_0177
177,Dist_0010,Retail_0178
178,Dist_0010,Retail_0179
179,Dist_0010,Retail_0180
180,Dist_0010,Retail_0181
181,Dist_0010,Retail_0182
182,Dist_0010,Retail_0183
183,Dist_0010,Retail_0184
184,Dist_0010,Retail_0185
185,Dist_0010,Retail_0186
186,Dist_0010,Retail_0187
187,Dist_0010,Retail_0188
188,Dist_0010,Retail_0189
189,Dist_0010,Retail_0190
190,Dist_0011,Retail_0191
191,Dist_0011,Retail_0192
192,Dist_0011,Retail_0193
193,Dist_0011,Retail_0194
194,Dist_0011,Retail_0195
195,Dist_0011,Retail_0196
196,Dist_0011,Retail_0197
197,Dist_0011,Retail_0198
198,Dist_0011,Retail_0199
199,Dist_0011,Retail_0200
200,Dist_0011,Retail_0201
201,Dist_0011,Retail_0202
202,Dist_0011,Retail_0203
203,Dist_0011,Retail_0204
204,Dist_0011,Retail_0205
205,Dist_0011,Retail_0206
206,Dist_0011,Retail_0207
207,Dist_0011,Retail_0208
208,Dist_0011,Retail_0209
209,Dist_0012,Retail_0210
210,Dist_0012,Retail_0211
211,Dist_0012,Retail_0212
212,Dist_0012,Retail_0213
213,Dist_0012,Retail_0214
214,Dist_0012,Retail_0215
215,Dist_0012,Retail_0216
216,Dist_0012,Retail_0217
217,Dist_0012,Retail_0218
218,Dist_0012,Retail_0219
219,Dist_0012,Retail_0220
220,Dist_0012,Retail_0221
221,Dist_0012,Retail_0222
222,Dist_0012,Retail_0223
223,Dist_0012,Retail_0224
224,Dist_0012,Retail_0225
225,Dist_0012,Retail_0226
226,Dist_0012,Retail_0227
227,Dist_0012,Retail_0228
228,Dist_0013,Retail_0229
229,Dist_0013,Retail_0230
230,Dist_0013,Retail_0231
231,Dist_0013,Retail_0232
232,Dist_0013,Retail_0233
233,Dist_0013,Retail_0234
234,Dist_0013,Retail_0235
235,Dist_0013,Retail_0236
236,Dist_0013,Retail_0237
237,Dist_0013,Retail_0238
238,Dist_0013,Retail_0239
239,Dist_0013,Retail_0240
240,Dist_0013,Retail_0241
241,Dist_0013,Retail_0242
242,Dist_0013,Retail_0243
243,Dist_0013,Retail_0244
244,Dist_0013,Retail_0245
245,Dist_0013,Retail_0246
246,Dist_0013,Retail_0247
247,Dist_0014,Retail_0248
248,Dist_0014,Retail_0249
249,Dist_0014,Retail_0250
250,Dist_0014,Retail_0251
251,Dist_0014,Retail_0252
252,Dist_0014,Retail_0253
253,Dist_0014,Retail_0254
254,Dist_0014,Retail_0255
255,Dist_0014,Retail_0256
256,Dist_0014,Retail_0257
257,Dist_0014,Retail_0258
258,Dist_0014,Retail_0259
259,Dist_0014,Retail_0260
260,Dist_0014,Retail_0261
261,Dist_0014,Retail_0262
262,Dist_0014,Retail_0263
263,Dist_0014,Retail_0264
264,Dist_0014,Retail_0265
265,Dist_0014,Retail_0266
266,Dist_0015,Retail_0267
267,Dist_0015,Retail_0268
268,Dist_0015,Retail_0269
269,Dist_0015,Retail_0270
270,Dist_0015,Retail_0271
271,Dist_0015,Retail_0272
272,Dist_0015,Retail_0273
273,Dist_0015,Retail_0274
274,Dist_0015,Retail_0275
275,Dist_0015,Retail_0276
276,Dist_0015,Retail_0277
277,Dist_0015,Retail_0278
278,Dist_0015,Retail_0279
279,Dist_0015,Retail_0280
280,Dist_0015,Retail_0281
281,Dist_0015,Retail_0282
282,Dist_0015,Retail_0283
283,Dist_0015,Retail_0284
284,Dist_0015,Retail_0285
285,Dist_0016,Retail_0286
286,Dist_0016,Retail_0287
287,Dist_0016,Retail_0288
288,Dist_0016,Retail_0289
289,Dist_0016,Retail_0290
290,Dist_0016,Retail_0291
291,Dist_0016,Retail_0292
292,Dist_0016,Retail_0293
293,Dist_0016,Retail_0294
294,Dist_0016,Retail_0295
295,Dist_0016,Retail_0296
296,Dist_0016,Retail_0297
297,Dist_0016,Retail_0298
298,Dist_0016,Retail_0299
299,Dist_0016,Retail_0300
300,Dist_0016,Retail_0301
301,Dist_0016,Retail_0302
302,Dist_0016,Retail_0303
303,Dist_0016,Retail_0304
304,Dist_0017,Retail_0305
305,Dist_0017,Retail_0306
306,Dist_0017,Retail_0307
307,Dist_0017,Retail_0308
308,Dist_0017,Retail_0309
309,Dist_0017,Retail_0310
310,Dist_0017,Retail_0311
311,Dist_0017,Retail_0312
312,Dist_0017,Retail_0313
313,Dist_0017,Retail_0314
314,Dist_0017,Retail_0315
315,Dist_0017,Retail_0316
316,Dist_0017,Retail_0317
317,Dist_0017,Retail_0318
318,Dist_0017,Retail_0319
319,Dist_0017,Retail_0320
320,Dist_0017,Retail_0321
321,Dist_0017,Retail_0322
322,Dist_0017,Retail_0323
323,Dist_0018,Retail_0324
324,Dist_0018,Retail_0325
325,Dist_0018,Retail_0326
326,Dist_0018,Retail_0327
327,Dist_0018,Retail_0328
328,Dist_0018,Retail_0329
329,Dist_0018,Retail_0330
330,Dist_0018,Retail_0331
331,Dist_0018,Retail_0332
332,Dist_0018,Retail_0333
333,Dist_0018,Retail_0334
334,Dist_0018,Retail_0335
335,Dist_0018,Retail_0336
336,Dist_0018,Retail_0337
337,Dist_0018,Retail_0338
338,Dist_0018,Retail_0339
339,Dist_0018,Retail_0340
340,Dist_0018,Retail_0341
341,Dist_0018,Retail_0342
342,Dist_0019,Retail_0343
343,Dist_0019,Retail_0344
344,Dist_0019,Retail_0345
345,Dist_0019,Retail_0346
346,Dist_0019,Retail_0347
347,Dist_0019,Retail_0348
348,Dist_0019,Retail_0349
349,Dist_0019,Retail_0350
350,Dist_0019,Retail_0351
351,Dist_0019,Retail_0352
352,Dist_0019,Retail_0353
353,Dist_0019,Retail_0354
354,Dist_0019,Retail_0355
355,Dist_0019,Retail_0356
356,Dist_0019,Retail_0357
357,Dist_0019,Retail_0358
358,Dist_0019,Retail_0359
359,Dist_0019,Retail_0360
360,Dist_0019,Retail_0361
361,Dist_0020,Retail_0362
362,Dist_0020,Retail_0363
363,Dist_0020,Retail_0364
364,Dist_0020,Retail_0365
365,Dist_0020,Retail_0366
366,Dist_0020,Retail_0367
367,Dist_0020,Retail_0368
368,Dist_0020,Retail_0369
369,Dist_0020,Retail_0370
370,Dist_0020,Retail_0371
371,Dist_0020,Retail_0372
372,Dist_0020,Retail_0373
373,Dist_0020,Retail_0374
374,Dist_0020,Retail_0375
375,Dist_0020,Retail_0376
376,Dist_0020,Retail_0377
377,Dist_0020,Retail_0378
378,Dist_0020,Retail_0379
379,Dist_0020,Retail_0380
380,Dist_0021,Retail_0381
381,Dist_0021,Retail_0382
382,Dist_0021,Retail_0383
383,Dist_0021,Retail_0384
384,Dist_0021,Retail_0385
385,Dist_0021,Retail_0386
386,Dist_0021,Retail_0387
387,Dist_0021,Retail_0388
388,Dist_0021,Retail_0389
389,Dist_0021,Retail_0390
390,Dist_0021,Retail_0391
391,Dist_0021,Retail_0392
392,Dist_0021,Retail_0393
393,Dist_0021,Retail_0394
394,Dist_0021,Retail_0395
395,Dist_0021,Retail_0396
396,Dist_0021,Retail_0397
397,Dist_0021,Retail_0398
398,Dist_0021,Retail_0399
399,Dist_0022,Retail_0400
400,Dist_0022,Retail_0401
401,Dist_0022,Retail_0402
402,Dist_0022,Retail_0403
403,Dist_0022,Retail_0404
404,Dist_0022,Retail_0405
405,Dist_0022,Retail_0406
406,Dist_0022,Retail_0407
407,Dist_0022,Retail_0408
408,Dist_0022,Retail_0409
409,Dist_0022,Retail_0410
410,Dist_0022,Retail_0411
411,Dist_0022,Retail_0412
412,Dist_0022,Retail_0413
413,Dist_0022,Retail_0414
414,Dist_0022,Retail_0415
415,Dist_0022,Retail_0416
416,Dist_0022,Retail_0417
417,Dist_0022,Retail_0418
418,Dist_0023,Retail_0419
419,Dist_0023,Retail_0420
420,Dist_0023,Retail_0421
421,Dist_0023,Retail_0422
422,Dist_0023,Retail_0423
423,Dist_0023,Retail_0424
424,Dist_0023,Retail_0425
425,Dist_0023,Retail_0426
426,Dist_0023,Retail_0427
427,Dist_0023,Retail_0428
428,Dist_0023,Retail_0429
429,Dist_0023,Retail_0430
430,Dist_0023,Retail_0431
431,Dist_0023,Retail_0432
432,Dist_0023,Retail_0433
433,Dist_0023,Retail_0434
434,Dist_0023,Retail_0435
435,Dist_0023,Retail_0436
436,Dist_0023,Retail_0437
437,Dist_0024,Retail_0438
438,Dist_0024,Retail_0439
439,Dist_0024,Retail_0440
440,Dist_0024,Retail_0441
441,Dist_0024,Retail_0442
442,Dist_0024,Retail_0443
443,Dist_0024,Retail_0444
444,Dist_0024,Retail_0445
445,Dist_0024,Retail_0446
446,Dist_0024,Retail_0447
447,Dist_0024,Retail_0448
448,Dist_0024,Retail_0449
449,Dist_0024,Retail_0450
450,Dist_0024,Retail_0451
451,Dist_0024,Retail_0452
452,Dist_0024,Retail_0453
453,Dist_0024,Retail_0454
454,Dist_0024,Retail_0455
455,Dist_0024,Retail_0456
456,Dist_0025,Retail_0457
457,Dist_0025,Retail_0458
458,Dist_0025,Retail_0459
459,Dist_0025,Retail_0460
460,Dist_0025,Retail_0461
461,Dist_0025,Retail_0462
462,Dist_0025,Retail_0463
463,Dist_0025,Retail_0464
464,Dist_0025,Retail_0465
465,Dist_0025,Retail_0466
466,Dist_0025,Retail_0467
467,Dist_0025,Retail_0468
468,Dist_0025,Retail_0469
469,Dist_0025,Retail_0470
470,Dist_0025,Retail_0471
471,Dist_0025,Retail_0472
472,Dist_0025,Retail_0473
473,Dist_0025,Retail_0474
474,Dist_0025,Retail_0475
475,Dist_0026,Retail_0476
476,Dist_0026,Retail_0477
477,Dist_0026,Retail_0478
478,Dist_0026,Retail_0479
479,Dist_0026,Retail_0480
480,Dist_0026,Retail_0481
481,Dist_0026,Retail_0482
482,Dist_0026,Retail_0483
483,Dist_0026,Retail_0484
484,Dist_0026,Retail_0485
485,Dist_0026,Retail_0486
486,Dist_0026,Retail_0487
487,Dist_0026,Retail_0488
488,Dist_0026,Retail_0489
489,Dist_0026,Retail_0490
490,Dist_0026,Retail_0491
491,Dist_0026,Retail_0492
492,Dist_0026,Retail_0493
493,Dist_0026,Retail_0494
494,Dist_0027,Retail_0495
495,Dist_0027,Retail_0496
496,Dist_0027,Retail_0497
497,Dist_0027,Retail_0498
498,Dist_0027,Retail_0499
499,Dist_0027,Retail_0500
500,Dist_0027,Retail_0501
501,Dist_0027,Retail_0502
502,Dist_0027,Retail_0503
503,Dist_0027,Retail_0504
504,Dist_0027,Retail_0505
505,Dist_0027,Retail_0506
506,Dist_0027,Retail_0507
507,Dist_0027,Retail_0508
508,Dist_0027,Retail_0509
509,Dist_0027,Retail_0510
510,Dist_0027,Retail_0511
511,Dist_0027,Retail_0512
512,Dist_0027,Retail_0513
513,Dist_0028,Retail_0514
514,Dist_0028,Retail_0515
515,Dist_0028,Retail_0516
516,Dist_0028,Retail_0517
517,Dist_0028,Retail_0518
518,Dist_0028,Retail_0519
519,Dist_0028,Retail_0520
520,Dist_0028,Retail_0521
521,Dist_0028,Retail_0522
522,Dist_0028,Retail_0523
523,Dist_0028,Retail_0524
524,Dist_0028,Retail_0525
525,Dist_0028,Retail_0526
526,Dist_0028,Retail_0527
527,Dist_0028,Retail_0528
528,Dist_0028,Retail_0529
529,Dist_0028,Retail_0530
530,Dist_0028,Retail_0531
531,Dist_0028,Retail_0532
532,Dist_0029,Retail_0533
533,Dist_0029,Retail_0534
534,Dist_0029,Retail_0535
535,Dist_0029,Retail_0536
536,Dist_0029,Retail_0537
537,Dist_0029,Retail_0538
538,Dist_0029,Retail_0539
539,Dist_0029,Retail_0540
540,Dist_0029,Retail_0541
541,Dist_0029,Retail_0542
542,Dist_0029,Retail_0543
543,Dist_0029,Retail_0544
544,Dist_0029,Retail_0545
545,Dist_0029,Retail_0546
546,Dist_0029,Retail_0547
547,Dist_0029,Retail_0548
548,Dist_0029,Retail_0549
549,Dist_0029,Retail_0550
550,Dist_0029,Retail_0551
551,Dist_0030,Retail_0552
552,Dist_0030,Retail_0553
553,Dist_0030,Retail_0554
554,Dist_0030,Retail_0555
555,Dist_0030,Retail_0556
556,Dist_0030,Retail_0557
557,Dist_0030,Retail_0558
558,Dist_0030,Retail_0559
559,Dist_0030,Retail_0560
560,Dist_0030,Retail_0561
561,Dist_0030,Retail_0562
562,Dist_0030,Retail_0563
563,Dist_0030,Retail_0564
564,Dist_0030,Retail_0565
565,Dist_0030,Retail_0566
566,Dist_0030,Retail_0567
567,Dist_0030,Retail_0568
568,Dist_0030,Retail_0569
569,Dist_0030,Retail_0570
570,Manuf_0001,Dist_0001
571,Manuf_0002,Dist_0002
572,Manuf_0003,Dist_0003
573,Manuf_0004,Dist_0004
574,Manuf_0005,Dist_0005
575,Manuf_0006,Dist_0006
576,Manuf_0007,Dist_0007
577,Manuf_0008,Dist_0008
578,Manuf_0009,Dist_0009
579,Manuf_0010,Dist_0010
580,Manuf_0011,Dist_0011
581,Manuf_0012,Dist_0012
582,Manuf_0013,Dist_0013
583,Manuf_0014,Dist_0014
584,Manuf_0015,Dist_0015
585,Manuf_0016,Dist_0016
586,Manuf_0017,Dist_0017
587,Manuf_0018,Dist_0018
588,Manuf_0019,Dist_0019
589,Manuf_0020,Dist_0020
590,Manuf_0021,Dist_0021
591,Manuf_0022,Dist_0022
592,Manuf_0023,Dist_0023
593,Manuf_0024,Dist_0024
594,Manuf_0025,Dist_0025
595,Manuf_0026,Dist_0026
596,Manuf_0027,Dist_0027
597,Manuf_0028,Dist_0028
598,Manuf_0029,Dist_0029
599,Manuf_0030,Dist_0030
600,Part_0001,Manuf_0001
601,Part_0002,Manuf_0001
602,Part_0002,Manuf_0003
603,Part_0002,Manuf_0004
604,Part_0002,Manuf_0005
605,Part_0002,Manuf_0007
606,Part_0002,Manuf_0009
607,Part_0002,Manuf_0010
608,Part_0002,Manuf_0011
609,Part_0002,Manuf_0014
610,Part_0002,Manuf_0015
611,Part_0002,Manuf_0017
612,Part_0002,Manuf_0018
613,Part_0002,Manuf_0020
614,Part_0002,Manuf_0022
615,Part_0002,Manuf_0023
616,Part_0002,Manuf_0024
617,Part_0002,Manuf_0025
618,Part_0002,Manuf_0026
619,Part_0002,Manuf_0027
620,Part_0003,Manuf_0001
621,Part_0003,Manuf_0005
622,Part_0003,Manuf_0007
623,Part_0003,Manuf_0014
624,Part_0003,Manuf_0015
625,Part_0004,Manuf_0001
626,Part_0004,Manuf_0007
627,Part_0004,Manuf_0009
628,Part_0004,Manuf_0022
629,Part_0004,Manuf_0024
630,Part_0004,Manuf_0026
631,Part_0004,Manuf_0027
632,Part_0005,Manuf_0001
633,Part_0005,Manuf_0007
634,Part_0005,Manuf_0024
635,Part_0005,Manuf_0026
636,Part_0006,Manuf_0001
637,Part_0006,Manuf_0003
638,Part_0006,Manuf_0004
639,Part_0006,Manuf_0005
640,Part_0006,Manuf_0007
641,Part_0006,Manuf_0009
642,Part_0006,Manuf_0010
643,Part_0006,Manuf_0011
644,Part_0006,Manuf_0014
645,Part_0006,Manuf_0015
646,Part_0006,Manuf_0017
647,Part_0006,Manuf_0018
648,Part_0006,Manuf_0020
649,Part_0006,Manuf_0022
650,Part_0006,Manuf_0023
651,Part_0006,Manuf_0024
652,Part_0006,Manuf_0025
653,Part_0006,Manuf_0026
654,Part_0006,Manuf_0027
655,Part_0007,Manuf_0001
656,Part_0007,Manuf_0004
657,Part_0007,Manuf_0005
658,Part_0007,Manuf_0007
659,Part_0007,Manuf_0009
660,Part_0007,Manuf_0011
661,Part_0007,Manuf_0018
662,Part_0007,Manuf_0020
663,Part_0007,Manuf_0022
664,Part_0007,Manuf_0024
665,Part_0007,Manuf_0025
666,Part_0007,Manuf_0026
667,Part_0007,Manuf_0027
668,Part_0008,Manuf_0001
669,Part_0008,Manuf_0003
670,Part_0008,Manuf_0005
671,Part_0008,Manuf_0007
672,Part_0008,Manuf_0011
673,Part_0008,Manuf_0014
674,Part_0008,Manuf_0015
675,Part_0008,Manuf_0017
676,Part_0008,Manuf_0024
677,Part_0008,Manuf_0025
678,Part_0008,Manuf_0026
679,Part_0009,Manuf_0001
680,Part_0009,Manuf_0005
681,Part_0009,Manuf_0007
682,Part_0009,Manuf_0014
683,Part_0009,Manuf_0015
684,Part_0010,Manuf_0001
685,Part_0010,Manuf_0014
686,Part_0010,Manuf_0017
687,Part_0010,Manuf_0024
688,Part_0010,Manuf_0027
689,Part_0011,Manuf_0001
690,Part_0011,Manuf_0014
691,Part_0011,Manuf_0017
692,Part_0011,Manuf_0024
693,Part_0011,Manuf_0027
694,Part_0012,Manuf_0001
695,Part_0012,Manuf_0002
696,Part_0012,Manuf_0003
697,Part_0012,Manuf_0004
698,Part_0012,Manuf_0005
699,Part_0012,Manuf_0006
700,Part_0012,Manuf_0007
701,Part_0012,Manuf_0008
702,Part_0012,Manuf_0009
703,Part_0012,Manuf_0010
704,Part_0012,Manuf_0011
705,Part_0012,Manuf_0012
706,Part_0012,Manuf_0013
707,Part_0012,Manuf_0014
708,Part_0012,Manuf_0015
709,Part_0012,Manuf_0016
710,Part_0012,Manuf_0017
711,Part_0012,Manuf_0018
712,Part_0012,Manuf_0019
713,Part_0012,Manuf_0020
714,Part_0012,Manuf_0021
715,Part_0012,Manuf_0022
716,Part_0012,Manuf_0023
717,Part_0012,Manuf_0024
718,Part_0012,Manuf_0025
719,Part_0012,Manuf_0026
720,Part_0012,Manuf_0027
721,Part_0012,Manuf_0028
722,Part_0012,Manuf_0029
723,Part_0012,Manuf_0030
724,Part_0013,Manuf_0002
725,Part_0013,Manuf_0006
726,Part_0013,Manuf_0008
727,Part_0013,Manuf_0012
728,Part_0013,Manuf_0013
729,Part_0013,Manuf_0016
730,Part_0013,Manuf_0019
731,Part_0013,Manuf_0021
732,Part_0013,Manuf_0028
733,Part_0013,Manuf_0029
734,Part_0013,Manuf_0030
735,Part_0014,Manuf_0002
736,Part_0014,Manuf_0006
737,Part_0014,Manuf_0008
738,Part_0014,Manuf_0016
739,Part_0014,Manuf_0021
740,Part_0014,Manuf_0029
741,Part_0015,Manuf_0002
742,Part_0015,Manuf_0006
743,Part_0015,Manuf_0008
744,Part_0015,Manuf_0018
745,Part_0015,Manuf_0025
746,Part_0015,Manuf_0028
747,Part_0015,Manuf_0030
748,Part_0016,Manuf_0002
749,Part_0016,Manuf_0006
750,Part_0016,Manuf_0008
751,Part_0016,Manuf_0012
752,Part_0016,Manuf_0013
753,Part_0016,Manuf_0016
754,Part_0016,Manuf_0019
755,Part_0016,Manuf_0021
756,Part_0016,Manuf_0028
757,Part_0016,Manuf_0029
758,Part_0016,Manuf_0030
759,Part_0017,Manuf_0002
760,Part_0017,Manuf_0006
761,Part_0017,Manuf_0008
762,Part_0017,Manuf_0018
763,Part_0017,Manuf_0025
764,Part_0017,Manuf_0028
765,Part_0017,Manuf_0030
766,Part_0018,Manuf_0002
767,Part_0018,Manuf_0013
768,Part_0018,Manuf_0028
769,Part_0018,Manuf_0029
770,Part_0019,Manuf_0002
771,Part_0019,Manuf_0006
772,Part_0019,Manuf_0008
773,Part_0019,Manuf_0012
774,Part_0019,Manuf_0013
775,Part_0019,Manuf_0016
776,Part_0019,Manuf_0019
777,Part_0019,Manuf_0021
778,Part_0019,Manuf_0028
779,Part_0019,Manuf_0029
780,Part_0019,Manuf_0030
781,Part_0020,Manuf_0002
782,Part_0020,Manuf_0029
783,Part_0021,Manuf_0002
784,Part_0021,Manuf_0008
785,Part_0021,Manuf_0012
786,Part_0021,Manuf_0013
787,Part_0021,Manuf_0016
788,Part_0021,Manuf_0028
789,Part_0021,Manuf_0029
790,Part_0021,Manuf_0030
791,Part_0022,Manuf_0002
792,Part_0022,Manuf_0013
793,Part_0022,Manuf_0028
794,Part_0022,Manuf_0029
795,Part_0023,Manuf_0002
796,Part_0024,Manuf_0003
797,Part_0025,Manuf_0003
798,Part_0025,Manuf_0010
799,Part_0025,Manuf_0014
800,Part_0025,Manuf_0015
801,Part_0025,Manuf_0017
802,Part_0025,Manuf_0023
803,Part_0026,Manuf_0003
804,Part_0026,Manuf_0014
805,Part_0026,Manuf_0015
806,Part_0026,Manuf_0017
807,Part_0027,Manuf_0003
808,Part_0027,Manuf_0017
809,Part_0027,Manuf_0022
810,Part_0027,Manuf_0023
811,Part_0027,Manuf_0024
812,Part_0027,Manuf_0026
813,Part_0027,Manuf_0027
814,Part_0028,Manuf_0004
815,Part_0029,Manuf_0004
816,Part_0030,Manuf_0004
817,Part_0031,Manuf_0004
818,Part_0031,Manuf_0005
819,Part_0031,Manuf_0011
820,Part_0031,Manuf_0018
821,Part_0031,Manuf_0020
822,Part_0031,Manuf_0025
823,Part_0032,Manuf_0004
824,Part_0032,Manuf_0009
825,Part_0032,Manuf_0010
826,Part_0032,Manuf_0018
827,Part_0032,Manuf_0020
828,Part_0032,Manuf_0022
829,Part_0032,Manuf_0023
830,Part_0032,Manuf_0027
831,Part_0033,Manuf_0005
832,Part_0034,Manuf_0005
833,Part_0034,Manuf_0011
834,Part_0034,Manuf_0025
835,Part_0035,Manuf_0005
836,Part_0035,Manuf_0011
837,Part_0035,Manuf_0025
838,Part_0036,Manuf_0006
839,Part_0037,Manuf_0006
840,Part_0037,Manuf_0019
841,Part_0037,Manuf_0021
842,Part_0038,Manuf_0006
843,Part_0038,Manuf_0019
844,Part_0038,Manuf_0021
845,Part_0039,Manuf_0006
846,Part_0039,Manuf_0008
847,Part_0039,Manuf_0012
848,Part_0039,Manuf_0016
849,Part_0039,Manuf_0019
850,Part_0039,Manuf_0021
851,Part_0039,Manuf_0030
852,Part_0040,Manuf_0006
853,Part_0040,Manuf_0008
854,Part_0040,Manuf_0016
855,Part_0040,Manuf_0021
856,Part_0041,Manuf_0007
857,Part_0042,Manuf_0008
858,Part_0043,Manuf_0009
859,Part_0044,Manuf_0009
860,Part_0045,Manuf_0009
861,Part_0045,Manuf_0022
862,Part_0045,Manuf_0027
863,Part_0046,Manuf_0009
864,Part_0046,Manuf_0010
865,Part_0047,Manuf_0010
866,Part_0048,Manuf_0010
867,Part_0049,Manuf_0010
868,Part_0049,Manuf_0023
869,Part_0050,Manuf_0011
870,Part_0051,Manuf_0011
871,Part_0051,Manuf_0018
872,Part_0051,Manuf_0020
873,Part_0051,Manuf_0025
874,Part_0052,Manuf_0012
875,Part_0053,Manuf_0012
876,Part_0053,Manuf_0019
877,Part_0053,Manuf_0030
878,Part_0054,Manuf_0012
879,Part_0054,Manuf_0013
880,Part_0054,Manuf_0019
881,Part_0054,Manuf_0028
882,Part_0054,Manuf_0030
883,Part_0055,Manuf_0013
884,Part_0056,Manuf_0013
885,Part_0056,Manuf_0028
886,Part_0057,Manuf_0014
887,Part_0058,Manuf_0015
888,Part_0059,Manuf_0016
889,Part_0060,Manuf_0017
890,Part_0061,Manuf_0018
891,Part_0062,Manuf_0018
892,Part_0062,Manuf_0020
893,Part_0063,Manuf_0019
894,Part_0064,Manuf_0020
895,Part_0065,Manuf_0021
896,Part_0066,Manuf_0022
897,Part_0067,Manuf_0022
898,Part_0067,Manuf_0027
899,Part_0068,Manuf_0023
900,Part_0069,Manuf_0023
901,Part_0070,Manuf_0024
902,Part_0071,Manuf_0025
903,Part_0072,Manuf_0026
904,Part_0073,Manuf_0027
905,Part_0074,Manuf_0028
906,Part_0075,Manuf_0029
907,Part_0076,Manuf_0030
