,child,parent
0,Part_0001,Manuf_0001
1,Part_0002,Manuf_0002
2,Part_0003,Manuf_0003
3,Part_0004,Manuf_0004
4,Part_0005,Manuf_0005
5,Part_0006,Manuf_0006
6,Part_0007,Manuf_0006
7,Part_0008,Manuf_0006
8,Part_0009,Manuf_0001
9,Part_0009,Manuf_0002
10,Part_0009,Manuf_0003
11,Part_0009,Manuf_0004
12,Part_0009,Manuf_0005
13,Part_0009,Manuf_0006
14,Part_0010,Manuf_0001
15,Part_0010,Manuf_0002
16,Part_0010,Manuf_0003
17,Part_0010,Manuf_0004
18,Part_0010,Manuf_0005
19,Part_0010,Manuf_0006
20,Part_0011,Manuf_0001
21,Part_0011,Manuf_0002
22,Part_0011,Manuf_0003
23,Part_0012,Manuf_0001
24,Part_0012,Manuf_0002
25,Part_0012,Manuf_0003
26,Part_0012,Manuf_0004
27,Part_0012,Manuf_0005
28,Part_0012,Manuf_0006
29,Part_0013,Manuf_0001
30,Part_0013,Manuf_0002
31,Part_0013,Manuf_0003
32,Part_0013,Manuf_0004
33,Part_0013,Manuf_0005
34,Part_0013,Manuf_0006
35,Part_0014,Manuf_0004
36,Part_0014,Manuf_0005
37,Part_0014,Manuf_0006
38,Part_0015,Manuf_0001
39,Part_0015,Manuf_0002
40,Part_0015,Manuf_0003
41,Part_0015,Manuf_0004
42,Part_0015,Manuf_0005
43,Part_0015,Manuf_0006
44,Part_0016,Manuf_0001
45,Part_0016,Manuf_0002
46,Part_0016,Manuf_0003
47,Part_0016,Manuf_0004
48,Part_0016,Manuf_0005
49,Part_0016,Manuf_0006
50,Part_0017,Manuf_0001
51,Part_0017,Manuf_0002
52,Part_0017,Manuf_0003
53,Part_0017,Manuf_0004
54,Part_0017,Manuf_0005
55,Part_0017,Manuf_0006
56,Part_0018,Manuf_0001
57,Part_0018,Manuf_0002
58,Part_0018,Manuf_0003
59,Part_0018,Manuf_0004
60,Part_0018,Manuf_0005
61,Part_0018,Manuf_0006
62,Part_0019,Manuf_0001
63,Part_0019,Manuf_0002
64,Part_0019,Manuf_0003
65,Part_0019,Manuf_0004
66,Part_0019,Manuf_0005
67,Part_0019,Manuf_0006
68,Part_0020,Manuf_0001
69,Part_0020,Manuf_0002
70,Part_0020,Manuf_0003
71,Part_0020,Manuf_0004
72,Part_0020,Manuf_0005
73,Part_0020,Manuf_0006
74,Part_0021,Manuf_0004
75,Part_0021,Manuf_0005
76,Part_0021,Manuf_0006
77,Part_0022,Manuf_0001
78,Part_0022,Manuf_0002
79,Part_0022,Manuf_0003
80,Part_0022,Manuf_0004
81,Part_0022,Manuf_0005
82,Part_0022,Manuf_0006
83,Part_0023,Manuf_0004
84,Part_0023,Manuf_0005
85,Part_0023,Manuf_0006
86,Part_0024,Manuf_0001
87,Part_0024,Manuf_0002
88,Part_0024,Manuf_0003
89,Part_0024,Manuf_0004
90,Part_0024,Manuf_0005
91,Part_0024,Manuf_0006
92,Part_0025,Manuf_0001
93,Part_0025,Manuf_0002
94,Part_0025,Manuf_0003
95,Part_0025,Manuf_0004
96,Part_0025,Manuf_0005
97,Part_0025,Manuf_0006
98,Part_0026,Manuf_0004
99,Part_0026,Manuf_0005
100,Part_0027,Manuf_0001
101,Part_0027,Manuf_0002
102,Part_0027,Manuf_0003
103,Part_0027,Manuf_0004
104,Part_0027,Manuf_0005
105,Part_0027,Manuf_0006
106,Part_0028,Manuf_0001
107,Part_0028,Manuf_0002
108,Part_0028,Manuf_0003
109,Part_0028,Manuf_0004
110,Part_0028,Manuf_0005
111,Part_0028,Manuf_0006
112,Part_0029,Manuf_0001
113,Part_0029,Manuf_0002
114,Part_0029,Manuf_0003
115,Part_0029,Manuf_0004
116,Part_0029,Manuf_0005
117,Part_0029,Manuf_0006
118,Part_0030,Manuf_0004
119,Part_0030,Manuf_0005
120,Part_0031,Manuf_0001
121,Part_0031,Manuf_0002
122,Part_0031,Manuf_0003
123,Part_0031,Manuf_0006
124,Part_0032,Manuf_0001
125,Part_0032,Manuf_0002
126,Part_0032,Manuf_0003
127,Part_0033,Manuf_0004
128,Part_0033,Manuf_0005
129,Part_0033,Manuf_0006
130,Part_0034,Manuf_0001
131,Part_0034,Manuf_0002
132,Part_0034,Manuf_0003
133,Part_0034,Manuf_0004
134,Part_0034,Manuf_0005
135,Part_0034,Manuf_0006
136,Part_0035,Manuf_0001
137,Part_0035,Manuf_0002
138,Part_0035,Manuf_0003
139,Part_0035,Manuf_0006
140,Part_0036,Manuf_0001
141,Part_0036,Manuf_0002
142,Part_0036,Manuf_0003
143,Part_0036,Manuf_0004
144,Part_0036,Manuf_0005
145,Part_0036,Manuf_0006
146,Part_0036,Manuf_0007
147,Part_0036,Manuf_0008
148,Part_0036,Manuf_0009
149,Part_0036,Manuf_0010
150,Part_0036,Manuf_0011
151,Part_0036,Manuf_0012
152,Part_0036,Manuf_0013
153,Part_0037,Manuf_0007
154,Part_0037,Manuf_0009
155,Part_0038,Manuf_0008
156,Part_0039,Manuf_0007
157,Part_0039,Manuf_0008
158,Part_0039,Manuf_0009
159,Part_0040,Manuf_0007
160,Part_0040,Manuf_0008
161,Part_0040,Manuf_0009
162,Part_0041,Manuf_0010
163,Part_0041,Manuf_0012
164,Part_0042,Manuf_0010
165,Part_0042,Manuf_0011
166,Part_0043,Manuf_0010
167,Part_0043,Manuf_0011
168,Part_0043,Manuf_0012
169,Part_0043,Manuf_0013
170,Part_0044,Manuf_0012
171,Part_0044,Manuf_0013
172,Part_0045,Manuf_0010
173,Part_0045,Manuf_0011
174,Part_0045,Manuf_0012
175,Part_0045,Manuf_0013
