,child,parent
0,Manuf_0001,Trans_0001
1,Manuf_0002,Trans_0002
2,Manuf_0003,Trans_0003
3,Manuf_0004,Trans_0004
4,Manuf_0005,Manuf_0007
5,Manuf_0006,Manuf_0008
6,Manuf_0007,Manuf_0009
7,Manuf_0008,Manuf_0010
8,Manuf_0009,Manuf_0011
9,Manuf_0009,Manuf_0014
10,Manuf_0009,Manuf_0015
11,Manuf_0010,Manuf_0023
12,Manuf_0010,Manuf_0025
13,Manuf_0010,Manuf_0026
14,Manuf_0011,Manuf_0049
15,Manuf_0011,Manuf_0050
16,Manuf_0011,Manuf_0051
17,Manuf_0011,Manuf_0053
18,Manuf_0011,Manuf_0060
19,Manuf_0011,Manuf_0080
20,Manuf_0011,Manuf_0082
21,Manuf_0011,Manuf_0083
22,Manuf_0012,Manuf_0049
23,Manuf_0012,Manuf_0052
24,Manuf_0012,Manuf_0054
25,Manuf_0013,Manuf_0051
26,Manuf_0013,Manuf_0053
27,Manuf_0014,Manuf_0054
28,Manuf_0014,Manuf_0055
29,Manuf_0014,Manuf_0061
30,Manuf_0015,Manuf_0052
31,Manuf_0015,Manuf_0056
32,Manuf_0015,Manuf_0057
33,Manuf_0015,Manuf_0058
34,Manuf_0015,Manuf_0059
35,Manuf_0015,Manuf_0062
36,Manuf_0015,Manuf_0063
37,Manuf_0015,Manuf_0081
38,Manuf_0015,Manuf_0091
39,Manuf_0016,Manuf_0055
40,Manuf_0017,Manuf_0056
41,Manuf_0018,Manuf_0057
42,Manuf_0019,Manuf_0058
43,Manuf_0020,Manuf_0059
44,Manuf_0021,Manuf_0060
45,Manuf_0021,Manuf_0061
46,Manuf_0021,Manuf_0062
47,Manuf_0022,Manuf_0063
48,Manuf_0023,Manuf_0064
49,Manuf_0023,Manuf_0069
50,Manuf_0023,Manuf_0074
51,Manuf_0023,Manuf_0077
52,Manuf_0023,Manuf_0078
53,Manuf_0024,Manuf_0064
54,Manuf_0024,Manuf_0065
55,Manuf_0024,Manuf_0066
56,Manuf_0025,Manuf_0065
57,Manuf_0025,Manuf_0070
58,Manuf_0025,Manuf_0075
59,Manuf_0025,Manuf_0079
60,Manuf_0025,Manuf_0084
61,Manuf_0025,Manuf_0088
62,Manuf_0025,Manuf_0089
63,Manuf_0025,Manuf_0090
64,Manuf_0025,Manuf_0093
65,Manuf_0026,Manuf_0066
66,Manuf_0026,Manuf_0067
67,Manuf_0026,Manuf_0068
68,Manuf_0026,Manuf_0071
69,Manuf_0026,Manuf_0072
70,Manuf_0026,Manuf_0073
71,Manuf_0026,Manuf_0076
72,Manuf_0026,Manuf_0085
73,Manuf_0026,Manuf_0086
74,Manuf_0026,Manuf_0087
75,Manuf_0026,Manuf_0092
76,Manuf_0027,Manuf_0069
77,Manuf_0028,Manuf_0070
78,Manuf_0028,Manuf_0089
79,Manuf_0029,Manuf_0067
80,Manuf_0029,Manuf_0068
81,Manuf_0029,Manuf_0071
82,Manuf_0030,Manuf_0072
83,Manuf_0031,Manuf_0073
84,Manuf_0032,Manuf_0074
85,Manuf_0032,Manuf_0075
86,Manuf_0032,Manuf_0076
87,Manuf_0033,Manuf_0077
88,Manuf_0034,Manuf_0078
89,Manuf_0035,Manuf_0079
90,Manuf_0036,Manuf_0080
91,Manuf_0037,Manuf_0081
92,Manuf_0038,Manuf_0082
93,Manuf_0039,Manuf_0083
94,Manuf_0040,Manuf_0084
95,Manuf_0041,Manuf_0085
96,Manuf_0042,Manuf_0086
97,Manuf_0043,Manuf_0087
98,Manuf_0044,Manuf_0088
99,Manuf_0045,Manuf_0090
100,Manuf_0046,Manuf_0091
101,Manuf_0047,Manuf_0092
102,Manuf_0048,Manuf_0093
103,Manuf_0049,Retail_0016
104,Manuf_0049,Retail_0017
105,Manuf_0051,Retail_0018
106,Manuf_0053,Retail_0019
107,Manuf_0053,Retail_0020
108,Manuf_0055,Retail_0021
109,Manuf_0055,Retail_0022
110,Manuf_0056,Retail_0023
111,Manuf_0057,Retail_0024
112,Manuf_0058,Retail_0025
113,Manuf_0058,Retail_0026
114,Manuf_0059,Retail_0027
115,Manuf_0059,Retail_0028
116,Manuf_0060,Retail_0029
117,Manuf_0060,Retail_0030
118,Manuf_0061,Retail_0031
119,Manuf_0061,Retail_0032
120,Manuf_0062,Retail_0033
121,Manuf_0062,Retail_0034
122,Manuf_0063,Retail_0035
123,Manuf_0063,Retail_0036
124,Manuf_0064,Retail_0037
125,Manuf_0064,Retail_0038
126,Manuf_0065,Retail_0039
127,Manuf_0065,Retail_0040
128,Manuf_0066,Retail_0041
129,Manuf_0066,Retail_0042
130,Manuf_0069,Retail_0043
131,Manuf_0069,Retail_0044
132,Manuf_0070,Retail_0045
133,Manuf_0070,Retail_0046
134,Manuf_0071,Retail_0047
135,Manuf_0071,Retail_0048
136,Manuf_0072,Retail_0049
137,Manuf_0072,Retail_0050
138,Manuf_0073,Retail_0051
139,Manuf_0073,Retail_0052
140,Manuf_0074,Retail_0053
141,Manuf_0074,Retail_0054
142,Manuf_0075,Retail_0055
143,Manuf_0075,Retail_0056
144,Manuf_0076,Retail_0057
145,Manuf_0076,Retail_0058
146,Manuf_0077,Retail_0059
147,Manuf_0077,Retail_0060
148,Manuf_0078,Retail_0061
149,Manuf_0078,Retail_0062
150,Manuf_0079,Retail_0063
151,Manuf_0079,Retail_0064
152,Manuf_0080,Retail_0065
153,Manuf_0081,Retail_0066
154,Manuf_0082,Retail_0067
155,Manuf_0082,Retail_0068
156,Manuf_0082,Retail_0069
157,Manuf_0083,Retail_0070
158,Manuf_0083,Retail_0071
159,Manuf_0083,Retail_0072
160,Manuf_0084,Retail_0073
161,Manuf_0085,Retail_0074
162,Manuf_0086,Retail_0075
163,Manuf_0087,Retail_0076
164,Manuf_0088,Retail_0077
165,Manuf_0088,Retail_0078
166,Manuf_0088,Retail_0079
167,Manuf_0089,Retail_0080
168,Manuf_0090,Retail_0081
169,Manuf_0090,Retail_0082
170,Part_0001,Manuf_0001
171,Part_0001,Manuf_0003
172,Part_0002,Manuf_0002
173,Part_0002,Manuf_0004
174,Part_0003,Manuf_0005
175,Part_0003,Manuf_0006
176,Part_0004,Manuf_0011
177,Part_0004,Manuf_0014
178,Part_0004,Manuf_0015
179,Part_0004,Manuf_0023
180,Part_0004,Manuf_0025
181,Part_0004,Manuf_0026
182,Part_0005,Manuf_0011
183,Part_0005,Manuf_0014
184,Part_0005,Manuf_0015
185,Part_0006,Manuf_0011
186,Part_0006,Manuf_0014
187,Part_0006,Manuf_0015
188,Part_0007,Manuf_0011
189,Part_0007,Manuf_0014
190,Part_0007,Manuf_0015
191,Part_0008,Manuf_0011
192,Part_0008,Manuf_0014
193,Part_0008,Manuf_0015
194,Part_0009,Manuf_0011
195,Part_0009,Manuf_0014
196,Part_0009,Manuf_0015
197,Part_0010,Manuf_0011
198,Part_0010,Manuf_0014
199,Part_0010,Manuf_0015
200,Part_0011,Manuf_0011
201,Part_0011,Manuf_0014
202,Part_0011,Manuf_0015
203,Part_0012,Manuf_0011
204,Part_0012,Manuf_0014
205,Part_0012,Manuf_0015
206,Part_0013,Manuf_0011
207,Part_0013,Manuf_0014
208,Part_0013,Manuf_0015
209,Part_0014,Manuf_0011
210,Part_0014,Manuf_0014
211,Part_0014,Manuf_0015
212,Part_0014,Manuf_0023
213,Part_0014,Manuf_0025
214,Part_0014,Manuf_0026
215,Part_0015,Manuf_0011
216,Part_0015,Manuf_0014
217,Part_0015,Manuf_0015
218,Part_0015,Manuf_0021
219,Part_0015,Manuf_0023
220,Part_0015,Manuf_0025
221,Part_0015,Manuf_0026
222,Part_0015,Manuf_0032
223,Part_0015,Manuf_0038
224,Part_0015,Manuf_0045
225,Part_0016,Manuf_0011
226,Part_0016,Manuf_0014
227,Part_0016,Manuf_0015
228,Part_0016,Manuf_0023
229,Part_0016,Manuf_0025
230,Part_0016,Manuf_0026
231,Part_0017,Manuf_0011
232,Part_0017,Manuf_0014
233,Part_0017,Manuf_0015
234,Part_0017,Manuf_0023
235,Part_0017,Manuf_0025
236,Part_0017,Manuf_0026
237,Part_0018,Manuf_0011
238,Part_0018,Manuf_0014
239,Part_0018,Manuf_0015
240,Part_0019,Manuf_0011
241,Part_0019,Manuf_0014
242,Part_0019,Manuf_0015
243,Part_0020,Manuf_0011
244,Part_0020,Manuf_0014
245,Part_0020,Manuf_0015
246,Part_0021,Manuf_0011
247,Part_0021,Manuf_0014
248,Part_0021,Manuf_0015
249,Part_0022,Manuf_0011
250,Part_0022,Manuf_0014
251,Part_0022,Manuf_0015
252,Part_0023,Manuf_0011
253,Part_0023,Manuf_0014
254,Part_0023,Manuf_0015
255,Part_0023,Manuf_0023
256,Part_0023,Manuf_0025
257,Part_0023,Manuf_0026
258,Part_0024,Manuf_0011
259,Part_0024,Manuf_0014
260,Part_0024,Manuf_0015
261,Part_0025,Manuf_0011
262,Part_0025,Manuf_0014
263,Part_0025,Manuf_0015
264,Part_0026,Manuf_0011
265,Part_0026,Manuf_0014
266,Part_0026,Manuf_0015
267,Part_0027,Manuf_0011
268,Part_0027,Manuf_0014
269,Part_0027,Manuf_0015
270,Part_0028,Manuf_0011
271,Part_0028,Manuf_0014
272,Part_0028,Manuf_0015
273,Part_0029,Manuf_0011
274,Part_0029,Manuf_0014
275,Part_0029,Manuf_0015
276,Part_0030,Manuf_0011
277,Part_0030,Manuf_0014
278,Part_0030,Manuf_0015
279,Part_0031,Manuf_0011
280,Part_0031,Manuf_0014
281,Part_0031,Manuf_0015
282,Part_0032,Manuf_0011
283,Part_0032,Manuf_0025
284,Part_0033,Manuf_0011
285,Part_0033,Manuf_0014
286,Part_0033,Manuf_0015
287,Part_0033,Manuf_0023
288,Part_0033,Manuf_0025
289,Part_0033,Manuf_0026
290,Part_0034,Manuf_0011
291,Part_0034,Manuf_0014
292,Part_0034,Manuf_0015
293,Part_0035,Manuf_0011
294,Part_0035,Manuf_0014
295,Part_0035,Manuf_0015
296,Part_0036,Manuf_0011
297,Part_0036,Manuf_0014
298,Part_0036,Manuf_0015
299,Part_0037,Manuf_0011
300,Part_0037,Manuf_0014
301,Part_0037,Manuf_0015
302,Part_0038,Manuf_0011
303,Part_0038,Manuf_0014
304,Part_0038,Manuf_0015
305,Part_0039,Manuf_0011
306,Part_0039,Manuf_0014
307,Part_0039,Manuf_0015
308,Part_0040,Manuf_0011
309,Part_0040,Manuf_0014
310,Part_0040,Manuf_0015
311,Part_0041,Manuf_0011
312,Part_0041,Manuf_0014
313,Part_0041,Manuf_0015
314,Part_0042,Manuf_0011
315,Part_0042,Manuf_0014
316,Part_0042,Manuf_0015
317,Part_0043,Manuf_0011
318,Part_0043,Manuf_0014
319,Part_0043,Manuf_0015
320,Part_0043,Manuf_0023
321,Part_0043,Manuf_0025
322,Part_0043,Manuf_0026
323,Part_0044,Manuf_0011
324,Part_0044,Manuf_0014
325,Part_0044,Manuf_0015
326,Part_0044,Manuf_0023
327,Part_0044,Manuf_0025
328,Part_0044,Manuf_0026
329,Part_0045,Manuf_0011
330,Part_0045,Manuf_0014
331,Part_0045,Manuf_0015
332,Part_0045,Manuf_0023
333,Part_0045,Manuf_0025
334,Part_0045,Manuf_0026
335,Part_0046,Manuf_0011
336,Part_0046,Manuf_0014
337,Part_0046,Manuf_0015
338,Part_0046,Manuf_0023
339,Part_0046,Manuf_0025
340,Part_0046,Manuf_0026
341,Part_0047,Manuf_0011
342,Part_0047,Manuf_0014
343,Part_0047,Manuf_0015
344,Part_0047,Manuf_0023
345,Part_0047,Manuf_0025
346,Part_0047,Manuf_0026
347,Part_0048,Manuf_0011
348,Part_0048,Manuf_0014
349,Part_0048,Manuf_0015
350,Part_0048,Manuf_0023
351,Part_0048,Manuf_0025
352,Part_0048,Manuf_0026
353,Part_0049,Manuf_0011
354,Part_0049,Manuf_0014
355,Part_0049,Manuf_0015
356,Part_0049,Manuf_0023
357,Part_0049,Manuf_0025
358,Part_0049,Manuf_0026
359,Part_0050,Manuf_0011
360,Part_0050,Manuf_0014
361,Part_0050,Manuf_0015
362,Part_0051,Manuf_0011
363,Part_0051,Manuf_0014
364,Part_0051,Manuf_0015
365,Part_0051,Manuf_0023
366,Part_0051,Manuf_0025
367,Part_0051,Manuf_0026
368,Part_0052,Manuf_0011
369,Part_0052,Manuf_0014
370,Part_0052,Manuf_0015
371,Part_0052,Manuf_0023
372,Part_0052,Manuf_0025
373,Part_0052,Manuf_0026
374,Part_0053,Manuf_0011
375,Part_0053,Manuf_0014
376,Part_0053,Manuf_0015
377,Part_0053,Manuf_0023
378,Part_0053,Manuf_0025
379,Part_0053,Manuf_0026
380,Part_0054,Manuf_0011
381,Part_0054,Manuf_0014
382,Part_0054,Manuf_0015
383,Part_0055,Manuf_0011
384,Part_0055,Manuf_0014
385,Part_0055,Manuf_0015
386,Part_0055,Manuf_0023
387,Part_0055,Manuf_0025
388,Part_0055,Manuf_0026
389,Part_0056,Manuf_0011
390,Part_0056,Manuf_0014
391,Part_0056,Manuf_0015
392,Part_0057,Manuf_0011
393,Part_0057,Manuf_0014
394,Part_0057,Manuf_0015
395,Part_0057,Manuf_0023
396,Part_0057,Manuf_0025
397,Part_0057,Manuf_0026
398,Part_0058,Manuf_0011
399,Part_0058,Manuf_0014
400,Part_0058,Manuf_0015
401,Part_0058,Manuf_0023
402,Part_0058,Manuf_0025
403,Part_0058,Manuf_0026
404,Part_0059,Manuf_0011
405,Part_0059,Manuf_0014
406,Part_0059,Manuf_0015
407,Part_0060,Manuf_0011
408,Part_0060,Manuf_0014
409,Part_0060,Manuf_0015
410,Part_0060,Manuf_0023
411,Part_0060,Manuf_0025
412,Part_0060,Manuf_0026
413,Part_0061,Manuf_0011
414,Part_0061,Manuf_0014
415,Part_0061,Manuf_0015
416,Part_0062,Manuf_0011
417,Part_0062,Manuf_0014
418,Part_0062,Manuf_0015
419,Part_0062,Manuf_0021
420,Part_0062,Manuf_0023
421,Part_0062,Manuf_0025
422,Part_0062,Manuf_0026
423,Part_0062,Manuf_0032
424,Part_0062,Manuf_0038
425,Part_0062,Manuf_0045
426,Part_0063,Manuf_0011
427,Part_0063,Manuf_0014
428,Part_0063,Manuf_0015
429,Part_0064,Manuf_0011
430,Part_0064,Manuf_0014
431,Part_0064,Manuf_0015
432,Part_0064,Manuf_0023
433,Part_0064,Manuf_0025
434,Part_0064,Manuf_0026
435,Part_0065,Manuf_0011
436,Part_0065,Manuf_0014
437,Part_0065,Manuf_0015
438,Part_0065,Manuf_0021
439,Part_0065,Manuf_0032
440,Part_0065,Manuf_0038
441,Part_0065,Manuf_0045
442,Part_0066,Manuf_0011
443,Part_0066,Manuf_0014
444,Part_0066,Manuf_0015
445,Part_0066,Manuf_0023
446,Part_0066,Manuf_0025
447,Part_0066,Manuf_0026
448,Part_0067,Manuf_0011
449,Part_0067,Manuf_0014
450,Part_0067,Manuf_0015
451,Part_0068,Manuf_0011
452,Part_0068,Manuf_0014
453,Part_0068,Manuf_0015
454,Part_0069,Manuf_0011
455,Part_0069,Manuf_0014
456,Part_0069,Manuf_0015
457,Part_0069,Manuf_0021
458,Part_0069,Manuf_0023
459,Part_0069,Manuf_0025
460,Part_0069,Manuf_0026
461,Part_0069,Manuf_0032
462,Part_0069,Manuf_0038
463,Part_0069,Manuf_0045
464,Part_0070,Manuf_0011
465,Part_0070,Manuf_0014
466,Part_0070,Manuf_0015
467,Part_0071,Manuf_0011
468,Part_0071,Manuf_0014
469,Part_0071,Manuf_0015
470,Part_0072,Manuf_0011
471,Part_0072,Manuf_0012
472,Part_0072,Manuf_0013
473,Part_0072,Manuf_0014
474,Part_0072,Manuf_0015
475,Part_0072,Manuf_0016
476,Part_0072,Manuf_0017
477,Part_0072,Manuf_0018
478,Part_0072,Manuf_0019
479,Part_0072,Manuf_0020
480,Part_0072,Manuf_0022
481,Part_0072,Manuf_0024
482,Part_0072,Manuf_0027
483,Part_0072,Manuf_0028
484,Part_0072,Manuf_0029
485,Part_0072,Manuf_0030
486,Part_0072,Manuf_0031
487,Part_0072,Manuf_0033
488,Part_0072,Manuf_0034
489,Part_0072,Manuf_0035
490,Part_0072,Manuf_0036
491,Part_0072,Manuf_0037
492,Part_0072,Manuf_0039
493,Part_0072,Manuf_0040
494,Part_0072,Manuf_0041
495,Part_0072,Manuf_0042
496,Part_0072,Manuf_0043
497,Part_0072,Manuf_0044
498,Part_0072,Manuf_0046
499,Part_0072,Manuf_0047
500,Part_0073,Manuf_0011
501,Part_0073,Manuf_0014
502,Part_0073,Manuf_0015
503,Part_0073,Manuf_0023
504,Part_0073,Manuf_0025
505,Part_0073,Manuf_0026
506,Part_0074,Manuf_0011
507,Part_0074,Manuf_0014
508,Part_0074,Manuf_0015
509,Part_0074,Manuf_0023
510,Part_0074,Manuf_0025
511,Part_0074,Manuf_0026
512,Part_0075,Manuf_0023
513,Part_0075,Manuf_0025
514,Part_0075,Manuf_0026
515,Part_0076,Manuf_0023
516,Part_0076,Manuf_0025
517,Part_0076,Manuf_0026
518,Part_0077,Manuf_0023
519,Part_0077,Manuf_0025
520,Part_0077,Manuf_0026
521,Part_0078,Manuf_0023
522,Part_0078,Manuf_0025
523,Part_0078,Manuf_0026
524,Part_0079,Manuf_0023
525,Part_0079,Manuf_0025
526,Part_0079,Manuf_0026
527,Part_0080,Manuf_0023
528,Part_0080,Manuf_0025
529,Part_0080,Manuf_0026
530,Part_0081,Manuf_0023
531,Part_0081,Manuf_0025
532,Part_0081,Manuf_0026
533,Part_0082,Manuf_0011
534,Part_0082,Manuf_0014
535,Part_0082,Manuf_0015
536,Part_0082,Manuf_0023
537,Part_0082,Manuf_0025
538,Part_0082,Manuf_0026
539,Part_0083,Manuf_0011
540,Part_0083,Manuf_0014
541,Part_0083,Manuf_0015
542,Part_0083,Manuf_0023
543,Part_0083,Manuf_0025
544,Part_0083,Manuf_0026
545,Part_0084,Manuf_0011
546,Part_0084,Manuf_0014
547,Part_0084,Manuf_0015
548,Part_0085,Manuf_0011
549,Part_0085,Manuf_0014
550,Part_0085,Manuf_0015
551,Part_0086,Manuf_0011
552,Part_0086,Manuf_0014
553,Part_0086,Manuf_0015
554,Part_0086,Manuf_0023
555,Part_0086,Manuf_0025
556,Part_0086,Manuf_0026
557,Part_0087,Manuf_0011
558,Part_0087,Manuf_0014
559,Part_0087,Manuf_0015
560,Part_0088,Manuf_0011
561,Part_0088,Manuf_0014
562,Part_0088,Manuf_0015
563,Part_0089,Manuf_0011
564,Part_0089,Manuf_0014
565,Part_0089,Manuf_0015
566,Part_0090,Manuf_0011
567,Part_0090,Manuf_0014
568,Part_0090,Manuf_0015
569,Part_0090,Manuf_0023
570,Part_0090,Manuf_0025
571,Part_0090,Manuf_0026
572,Part_0091,Manuf_0011
573,Part_0091,Manuf_0014
574,Part_0091,Manuf_0015
575,Part_0091,Manuf_0023
576,Part_0091,Manuf_0025
577,Part_0091,Manuf_0026
578,Part_0092,Manuf_0011
579,Part_0092,Manuf_0014
580,Part_0092,Manuf_0015
581,Part_0093,Manuf_0011
582,Part_0093,Manuf_0014
583,Part_0093,Manuf_0015
584,Part_0093,Manuf_0023
585,Part_0093,Manuf_0025
586,Part_0093,Manuf_0026
587,Part_0094,Manuf_0011
588,Part_0094,Manuf_0014
589,Part_0094,Manuf_0015
590,Part_0094,Manuf_0023
591,Part_0094,Manuf_0025
592,Part_0094,Manuf_0026
593,Part_0095,Manuf_0011
594,Part_0095,Manuf_0014
595,Part_0095,Manuf_0015
596,Part_0095,Manuf_0023
597,Part_0095,Manuf_0025
598,Part_0095,Manuf_0026
599,Part_0096,Manuf_0011
600,Part_0096,Manuf_0014
601,Part_0096,Manuf_0015
602,Part_0096,Manuf_0023
603,Part_0096,Manuf_0025
604,Part_0096,Manuf_0026
605,Part_0097,Manuf_0011
606,Part_0097,Manuf_0014
607,Part_0097,Manuf_0015
608,Part_0097,Manuf_0023
609,Part_0097,Manuf_0025
610,Part_0097,Manuf_0026
611,Part_0098,Manuf_0011
612,Part_0098,Manuf_0014
613,Part_0098,Manuf_0015
614,Part_0099,Manuf_0011
615,Part_0099,Manuf_0014
616,Part_0099,Manuf_0015
617,Part_0100,Manuf_0011
618,Part_0100,Manuf_0014
619,Part_0100,Manuf_0015
620,Part_0100,Manuf_0022
621,Part_0100,Manuf_0033
622,Part_0100,Manuf_0034
623,Part_0100,Manuf_0035
624,Part_0100,Manuf_0036
625,Part_0100,Manuf_0037
626,Part_0100,Manuf_0040
627,Part_0100,Manuf_0041
628,Part_0100,Manuf_0042
629,Part_0100,Manuf_0043
630,Part_0100,Manuf_0047
631,Part_0101,Manuf_0011
632,Part_0101,Manuf_0014
633,Part_0101,Manuf_0015
634,Part_0102,Manuf_0011
635,Part_0102,Manuf_0014
636,Part_0102,Manuf_0015
637,Part_0102,Manuf_0023
638,Part_0102,Manuf_0025
639,Part_0102,Manuf_0026
640,Part_0103,Manuf_0011
641,Part_0103,Manuf_0014
642,Part_0103,Manuf_0015
643,Part_0103,Manuf_0023
644,Part_0103,Manuf_0025
645,Part_0103,Manuf_0026
646,Part_0104,Manuf_0011
647,Part_0104,Manuf_0014
648,Part_0104,Manuf_0015
649,Part_0105,Manuf_0011
650,Part_0105,Manuf_0014
651,Part_0105,Manuf_0015
652,Part_0105,Manuf_0023
653,Part_0105,Manuf_0025
654,Part_0105,Manuf_0026
655,Part_0106,Manuf_0011
656,Part_0106,Manuf_0014
657,Part_0106,Manuf_0015
658,Part_0106,Manuf_0023
659,Part_0106,Manuf_0025
660,Part_0106,Manuf_0026
661,Part_0107,Manuf_0011
662,Part_0107,Manuf_0014
663,Part_0107,Manuf_0015
664,Part_0107,Manuf_0023
665,Part_0107,Manuf_0025
666,Part_0107,Manuf_0026
667,Part_0108,Manuf_0011
668,Part_0108,Manuf_0014
669,Part_0108,Manuf_0015
670,Part_0108,Manuf_0023
671,Part_0108,Manuf_0025
672,Part_0108,Manuf_0026
673,Part_0109,Manuf_0011
674,Part_0109,Manuf_0014
675,Part_0109,Manuf_0015
676,Part_0110,Manuf_0011
677,Part_0110,Manuf_0014
678,Part_0110,Manuf_0015
679,Part_0110,Manuf_0023
680,Part_0110,Manuf_0025
681,Part_0110,Manuf_0026
682,Part_0111,Manuf_0011
683,Part_0111,Manuf_0014
684,Part_0111,Manuf_0015
685,Part_0112,Manuf_0011
686,Part_0112,Manuf_0014
687,Part_0112,Manuf_0015
688,Part_0113,Manuf_0011
689,Part_0113,Manuf_0014
690,Part_0113,Manuf_0015
691,Part_0113,Manuf_0023
692,Part_0113,Manuf_0025
693,Part_0113,Manuf_0026
694,Part_0114,Manuf_0011
695,Part_0114,Manuf_0014
696,Part_0114,Manuf_0015
697,Part_0115,Manuf_0011
698,Part_0115,Manuf_0014
699,Part_0115,Manuf_0015
700,Part_0116,Manuf_0011
701,Part_0116,Manuf_0014
702,Part_0116,Manuf_0015
703,Part_0117,Manuf_0011
704,Part_0117,Manuf_0014
705,Part_0117,Manuf_0015
706,Part_0118,Manuf_0011
707,Part_0118,Manuf_0014
708,Part_0118,Manuf_0015
709,Part_0119,Manuf_0011
710,Part_0119,Manuf_0014
711,Part_0119,Manuf_0015
712,Part_0120,Manuf_0011
713,Part_0120,Manuf_0014
714,Part_0120,Manuf_0015
715,Part_0121,Manuf_0011
716,Part_0121,Manuf_0014
717,Part_0121,Manuf_0015
718,Part_0122,Manuf_0011
719,Part_0122,Manuf_0015
720,Part_0123,Manuf_0011
721,Part_0123,Manuf_0015
722,Part_0124,Manuf_0011
723,Part_0124,Manuf_0015
724,Part_0125,Manuf_0011
725,Part_0125,Manuf_0014
726,Part_0125,Manuf_0015
727,Part_0125,Manuf_0023
728,Part_0125,Manuf_0025
729,Part_0125,Manuf_0026
730,Part_0126,Manuf_0011
731,Part_0126,Manuf_0014
732,Part_0126,Manuf_0015
733,Part_0126,Manuf_0023
734,Part_0126,Manuf_0025
735,Part_0126,Manuf_0026
736,Part_0127,Manuf_0011
737,Part_0127,Manuf_0014
738,Part_0127,Manuf_0015
739,Part_0127,Manuf_0023
740,Part_0127,Manuf_0025
741,Part_0127,Manuf_0026
742,Part_0128,Manuf_0011
743,Part_0128,Manuf_0014
744,Part_0128,Manuf_0015
745,Part_0128,Manuf_0023
746,Part_0128,Manuf_0025
747,Part_0128,Manuf_0026
748,Part_0129,Manuf_0011
749,Part_0129,Manuf_0014
750,Part_0129,Manuf_0015
751,Part_0129,Manuf_0023
752,Part_0129,Manuf_0025
753,Part_0129,Manuf_0026
754,Part_0130,Manuf_0011
755,Part_0130,Manuf_0014
756,Part_0130,Manuf_0015
757,Part_0130,Manuf_0023
758,Part_0130,Manuf_0025
759,Part_0130,Manuf_0026
760,Part_0131,Manuf_0011
761,Part_0131,Manuf_0014
762,Part_0131,Manuf_0015
763,Part_0131,Manuf_0023
764,Part_0131,Manuf_0025
765,Part_0131,Manuf_0026
766,Part_0132,Manuf_0011
767,Part_0132,Manuf_0014
768,Part_0132,Manuf_0015
769,Part_0132,Manuf_0023
770,Part_0132,Manuf_0025
771,Part_0132,Manuf_0026
772,Part_0133,Manuf_0011
773,Part_0133,Manuf_0014
774,Part_0133,Manuf_0015
775,Part_0133,Manuf_0023
776,Part_0133,Manuf_0025
777,Part_0133,Manuf_0026
778,Part_0134,Manuf_0011
779,Part_0134,Manuf_0014
780,Part_0134,Manuf_0015
781,Part_0134,Manuf_0023
782,Part_0134,Manuf_0025
783,Part_0134,Manuf_0026
784,Part_0135,Manuf_0011
785,Part_0135,Manuf_0014
786,Part_0135,Manuf_0015
787,Part_0135,Manuf_0023
788,Part_0135,Manuf_0025
789,Part_0135,Manuf_0026
790,Part_0136,Manuf_0011
791,Part_0136,Manuf_0014
792,Part_0136,Manuf_0015
793,Part_0136,Manuf_0023
794,Part_0136,Manuf_0025
795,Part_0136,Manuf_0026
796,Part_0137,Manuf_0011
797,Part_0137,Manuf_0014
798,Part_0137,Manuf_0015
799,Part_0138,Manuf_0011
800,Part_0138,Manuf_0014
801,Part_0138,Manuf_0015
802,Part_0138,Manuf_0023
803,Part_0138,Manuf_0025
804,Part_0138,Manuf_0026
805,Part_0139,Manuf_0011
806,Part_0139,Manuf_0014
807,Part_0139,Manuf_0015
808,Part_0139,Manuf_0023
809,Part_0139,Manuf_0025
810,Part_0139,Manuf_0026
811,Part_0140,Manuf_0011
812,Part_0140,Manuf_0014
813,Part_0140,Manuf_0015
814,Part_0140,Manuf_0023
815,Part_0140,Manuf_0025
816,Part_0140,Manuf_0026
817,Part_0141,Manuf_0011
818,Part_0141,Manuf_0014
819,Part_0141,Manuf_0015
820,Part_0142,Manuf_0011
821,Part_0142,Manuf_0014
822,Part_0142,Manuf_0015
823,Part_0143,Manuf_0011
824,Part_0143,Manuf_0014
825,Part_0143,Manuf_0015
826,Part_0144,Manuf_0011
827,Part_0144,Manuf_0014
828,Part_0144,Manuf_0015
829,Part_0145,Manuf_0011
830,Part_0145,Manuf_0014
831,Part_0145,Manuf_0015
832,Part_0146,Manuf_0011
833,Part_0146,Manuf_0014
834,Part_0146,Manuf_0015
835,Part_0147,Manuf_0011
836,Part_0147,Manuf_0014
837,Part_0147,Manuf_0015
838,Part_0147,Manuf_0023
839,Part_0147,Manuf_0025
840,Part_0147,Manuf_0026
841,Part_0148,Manuf_0011
842,Part_0148,Manuf_0014
843,Part_0148,Manuf_0015
844,Part_0149,Manuf_0011
845,Part_0149,Manuf_0014
846,Part_0149,Manuf_0015
847,Part_0150,Manuf_0011
848,Part_0150,Manuf_0014
849,Part_0150,Manuf_0015
850,Part_0151,Manuf_0011
851,Part_0151,Manuf_0014
852,Part_0151,Manuf_0015
853,Part_0152,Manuf_0011
854,Part_0152,Manuf_0014
855,Part_0152,Manuf_0015
856,Part_0153,Manuf_0011
857,Part_0153,Manuf_0014
858,Part_0153,Manuf_0015
859,Part_0154,Manuf_0011
860,Part_0154,Manuf_0014
861,Part_0154,Manuf_0015
862,Part_0155,Manuf_0011
863,Part_0155,Manuf_0014
864,Part_0155,Manuf_0015
865,Part_0156,Manuf_0011
866,Part_0156,Manuf_0014
867,Part_0156,Manuf_0015
868,Part_0157,Manuf_0011
869,Part_0157,Manuf_0014
870,Part_0157,Manuf_0015
871,Part_0158,Manuf_0011
872,Part_0158,Manuf_0014
873,Part_0158,Manuf_0015
874,Part_0158,Manuf_0023
875,Part_0158,Manuf_0025
876,Part_0158,Manuf_0026
877,Part_0159,Manuf_0011
878,Part_0159,Manuf_0014
879,Part_0159,Manuf_0015
880,Part_0160,Manuf_0011
881,Part_0160,Manuf_0014
882,Part_0160,Manuf_0015
883,Part_0161,Manuf_0011
884,Part_0161,Manuf_0014
885,Part_0161,Manuf_0015
886,Part_0162,Manuf_0011
887,Part_0162,Manuf_0014
888,Part_0162,Manuf_0015
889,Part_0163,Manuf_0011
890,Part_0163,Manuf_0014
891,Part_0163,Manuf_0015
892,Part_0164,Manuf_0011
893,Part_0164,Manuf_0014
894,Part_0164,Manuf_0015
895,Part_0165,Manuf_0011
896,Part_0165,Manuf_0014
897,Part_0165,Manuf_0015
898,Part_0166,Manuf_0011
899,Part_0166,Manuf_0014
900,Part_0166,Manuf_0015
901,Part_0166,Manuf_0023
902,Part_0166,Manuf_0025
903,Part_0166,Manuf_0026
904,Part_0167,Manuf_0011
905,Part_0167,Manuf_0014
906,Part_0167,Manuf_0015
907,Part_0168,Manuf_0011
908,Part_0168,Manuf_0014
909,Part_0168,Manuf_0015
910,Part_0168,Manuf_0023
911,Part_0168,Manuf_0025
912,Part_0168,Manuf_0026
913,Part_0169,Manuf_0011
914,Part_0169,Manuf_0014
915,Part_0169,Manuf_0015
916,Part_0169,Manuf_0023
917,Part_0169,Manuf_0025
918,Part_0169,Manuf_0026
919,Part_0170,Manuf_0011
920,Part_0170,Manuf_0014
921,Part_0170,Manuf_0015
922,Part_0170,Manuf_0023
923,Part_0170,Manuf_0025
924,Part_0170,Manuf_0026
925,Part_0171,Manuf_0011
926,Part_0171,Manuf_0014
927,Part_0171,Manuf_0015
928,Part_0171,Manuf_0023
929,Part_0171,Manuf_0025
930,Part_0171,Manuf_0026
931,Part_0172,Manuf_0011
932,Part_0172,Manuf_0014
933,Part_0172,Manuf_0015
934,Part_0172,Manuf_0023
935,Part_0172,Manuf_0025
936,Part_0172,Manuf_0026
937,Part_0173,Manuf_0011
938,Part_0173,Manuf_0014
939,Part_0173,Manuf_0015
940,Part_0173,Manuf_0023
941,Part_0173,Manuf_0025
942,Part_0173,Manuf_0026
943,Part_0174,Manuf_0011
944,Part_0174,Manuf_0014
945,Part_0174,Manuf_0015
946,Part_0175,Manuf_0011
947,Part_0175,Manuf_0014
948,Part_0175,Manuf_0015
949,Part_0176,Manuf_0011
950,Part_0176,Manuf_0014
951,Part_0176,Manuf_0015
952,Part_0177,Manuf_0011
953,Part_0177,Manuf_0015
954,Part_0177,Manuf_0025
955,Part_0177,Manuf_0026
956,Part_0178,Manuf_0011
957,Part_0178,Manuf_0014
958,Part_0178,Manuf_0015
959,Part_0179,Manuf_0011
960,Part_0179,Manuf_0014
961,Part_0179,Manuf_0015
962,Part_0180,Manuf_0011
963,Part_0180,Manuf_0014
964,Part_0180,Manuf_0015
965,Part_0181,Manuf_0011
966,Part_0181,Manuf_0014
967,Part_0181,Manuf_0015
968,Part_0182,Manuf_0011
969,Part_0182,Manuf_0014
970,Part_0182,Manuf_0015
971,Part_0183,Manuf_0011
972,Part_0183,Manuf_0014
973,Part_0183,Manuf_0015
974,Part_0184,Manuf_0011
975,Part_0184,Manuf_0014
976,Part_0184,Manuf_0015
977,Part_0184,Manuf_0023
978,Part_0184,Manuf_0025
979,Part_0184,Manuf_0026
980,Part_0185,Manuf_0011
981,Part_0185,Manuf_0014
982,Part_0185,Manuf_0015
983,Part_0185,Manuf_0023
984,Part_0185,Manuf_0025
985,Part_0185,Manuf_0026
986,Part_0186,Manuf_0011
987,Part_0186,Manuf_0025
988,Part_0187,Manuf_0011
989,Part_0187,Manuf_0025
990,Part_0188,Manuf_0011
991,Part_0188,Manuf_0014
992,Part_0188,Manuf_0015
993,Part_0189,Manuf_0011
994,Part_0189,Manuf_0014
995,Part_0189,Manuf_0015
996,Part_0190,Manuf_0011
997,Part_0190,Manuf_0015
998,Part_0190,Manuf_0023
999,Part_0190,Manuf_0025
1000,Part_0190,Manuf_0026
1001,Part_0191,Manuf_0011
1002,Part_0191,Manuf_0014
1003,Part_0191,Manuf_0015
1004,Part_0191,Manuf_0023
1005,Part_0191,Manuf_0025
1006,Part_0191,Manuf_0026
1007,Part_0192,Manuf_0011
1008,Part_0192,Manuf_0014
1009,Part_0192,Manuf_0015
1010,Part_0192,Manuf_0023
1011,Part_0192,Manuf_0025
1012,Part_0192,Manuf_0026
1013,Part_0193,Manuf_0011
1014,Part_0193,Manuf_0014
1015,Part_0193,Manuf_0015
1016,Part_0193,Manuf_0023
1017,Part_0193,Manuf_0025
1018,Part_0193,Manuf_0026
1019,Part_0194,Manuf_0011
1020,Part_0194,Manuf_0014
1021,Part_0194,Manuf_0015
1022,Part_0194,Manuf_0023
1023,Part_0194,Manuf_0025
1024,Part_0194,Manuf_0026
1025,Part_0195,Manuf_0011
1026,Part_0195,Manuf_0014
1027,Part_0195,Manuf_0015
1028,Part_0195,Manuf_0023
1029,Part_0195,Manuf_0025
1030,Part_0195,Manuf_0026
1031,Part_0196,Manuf_0011
1032,Part_0196,Manuf_0014
1033,Part_0196,Manuf_0015
1034,Part_0197,Manuf_0011
1035,Part_0197,Manuf_0014
1036,Part_0197,Manuf_0015
1037,Part_0198,Manuf_0011
1038,Part_0198,Manuf_0014
1039,Part_0198,Manuf_0015
1040,Part_0199,Manuf_0011
1041,Part_0199,Manuf_0014
1042,Part_0199,Manuf_0015
1043,Part_0200,Manuf_0011
1044,Part_0200,Manuf_0014
1045,Part_0200,Manuf_0015
1046,Part_0200,Manuf_0023
1047,Part_0200,Manuf_0025
1048,Part_0200,Manuf_0026
1049,Part_0201,Manuf_0011
1050,Part_0201,Manuf_0014
1051,Part_0201,Manuf_0015
1052,Part_0201,Manuf_0023
1053,Part_0201,Manuf_0025
1054,Part_0201,Manuf_0026
1055,Part_0202,Manuf_0011
1056,Part_0202,Manuf_0014
1057,Part_0202,Manuf_0015
1058,Part_0203,Manuf_0011
1059,Part_0203,Manuf_0014
1060,Part_0203,Manuf_0015
1061,Part_0204,Manuf_0012
1062,Part_0204,Manuf_0021
1063,Part_0204,Manuf_0022
1064,Part_0204,Manuf_0024
1065,Part_0204,Manuf_0032
1066,Part_0204,Manuf_0033
1067,Part_0204,Manuf_0034
1068,Part_0204,Manuf_0035
1069,Part_0204,Manuf_0036
1070,Part_0204,Manuf_0037
1071,Part_0204,Manuf_0038
1072,Part_0204,Manuf_0039
1073,Part_0204,Manuf_0040
1074,Part_0204,Manuf_0041
1075,Part_0204,Manuf_0042
1076,Part_0204,Manuf_0043
1077,Part_0204,Manuf_0044
1078,Part_0204,Manuf_0045
1079,Part_0204,Manuf_0047
1080,Part_0204,Manuf_0048
1081,Part_0204,Retail_0001
1082,Part_0204,Retail_0002
1083,Part_0205,Manuf_0012
1084,Part_0205,Manuf_0013
1085,Part_0205,Manuf_0016
1086,Part_0205,Manuf_0017
1087,Part_0205,Manuf_0018
1088,Part_0205,Manuf_0019
1089,Part_0205,Manuf_0020
1090,Part_0205,Manuf_0022
1091,Part_0205,Manuf_0024
1092,Part_0205,Manuf_0027
1093,Part_0205,Manuf_0028
1094,Part_0205,Manuf_0029
1095,Part_0205,Manuf_0030
1096,Part_0205,Manuf_0031
1097,Part_0205,Manuf_0033
1098,Part_0205,Manuf_0034
1099,Part_0205,Manuf_0035
1100,Part_0205,Manuf_0036
1101,Part_0205,Manuf_0037
1102,Part_0205,Manuf_0039
1103,Part_0205,Manuf_0040
1104,Part_0205,Manuf_0041
1105,Part_0205,Manuf_0042
1106,Part_0205,Manuf_0043
1107,Part_0205,Manuf_0044
1108,Part_0205,Manuf_0046
1109,Part_0205,Manuf_0047
1110,Part_0206,Manuf_0012
1111,Part_0206,Manuf_0024
1112,Part_0206,Manuf_0039
1113,Part_0206,Manuf_0044
1114,Part_0207,Manuf_0012
1115,Part_0207,Manuf_0024
1116,Part_0207,Manuf_0039
1117,Part_0207,Manuf_0044
1118,Part_0208,Manuf_0012
1119,Part_0208,Manuf_0024
1120,Part_0208,Manuf_0039
1121,Part_0208,Manuf_0044
1122,Part_0209,Manuf_0012
1123,Part_0209,Manuf_0013
1124,Part_0209,Manuf_0016
1125,Part_0209,Manuf_0017
1126,Part_0209,Manuf_0018
1127,Part_0209,Manuf_0019
1128,Part_0209,Manuf_0020
1129,Part_0209,Manuf_0021
1130,Part_0209,Manuf_0022
1131,Part_0209,Manuf_0023
1132,Part_0209,Manuf_0024
1133,Part_0209,Manuf_0025
1134,Part_0209,Manuf_0026
1135,Part_0209,Manuf_0027
1136,Part_0209,Manuf_0028
1137,Part_0209,Manuf_0029
1138,Part_0209,Manuf_0030
1139,Part_0209,Manuf_0031
1140,Part_0209,Manuf_0032
1141,Part_0209,Manuf_0033
1142,Part_0209,Manuf_0034
1143,Part_0209,Manuf_0035
1144,Part_0209,Manuf_0036
1145,Part_0209,Manuf_0037
1146,Part_0209,Manuf_0038
1147,Part_0209,Manuf_0039
1148,Part_0209,Manuf_0040
1149,Part_0209,Manuf_0041
1150,Part_0209,Manuf_0042
1151,Part_0209,Manuf_0043
1152,Part_0209,Manuf_0044
1153,Part_0209,Manuf_0045
1154,Part_0209,Manuf_0046
1155,Part_0209,Manuf_0047
1156,Part_0210,Manuf_0012
1157,Part_0210,Manuf_0024
1158,Part_0210,Manuf_0039
1159,Part_0210,Manuf_0044
1160,Part_0211,Manuf_0012
1161,Part_0211,Manuf_0021
1162,Part_0211,Manuf_0022
1163,Part_0211,Manuf_0024
1164,Part_0211,Manuf_0032
1165,Part_0211,Manuf_0033
1166,Part_0211,Manuf_0034
1167,Part_0211,Manuf_0035
1168,Part_0211,Manuf_0036
1169,Part_0211,Manuf_0037
1170,Part_0211,Manuf_0038
1171,Part_0211,Manuf_0039
1172,Part_0211,Manuf_0040
1173,Part_0211,Manuf_0041
1174,Part_0211,Manuf_0042
1175,Part_0211,Manuf_0043
1176,Part_0211,Manuf_0044
1177,Part_0211,Manuf_0045
1178,Part_0211,Manuf_0047
1179,Part_0211,Manuf_0048
1180,Part_0211,Retail_0002
1181,Part_0212,Manuf_0012
1182,Part_0212,Manuf_0024
1183,Part_0212,Manuf_0039
1184,Part_0212,Manuf_0044
1185,Part_0213,Manuf_0012
1186,Part_0213,Manuf_0024
1187,Part_0213,Manuf_0039
1188,Part_0213,Manuf_0044
1189,Part_0214,Manuf_0012
1190,Part_0214,Manuf_0024
1191,Part_0214,Manuf_0039
1192,Part_0214,Manuf_0044
1193,Part_0215,Manuf_0012
1194,Part_0215,Manuf_0024
1195,Part_0215,Manuf_0039
1196,Part_0215,Manuf_0044
1197,Part_0216,Manuf_0012
1198,Part_0216,Manuf_0024
1199,Part_0216,Manuf_0039
1200,Part_0216,Manuf_0044
1201,Part_0217,Manuf_0012
1202,Part_0217,Manuf_0021
1203,Part_0217,Manuf_0022
1204,Part_0217,Manuf_0024
1205,Part_0217,Manuf_0032
1206,Part_0217,Manuf_0033
1207,Part_0217,Manuf_0034
1208,Part_0217,Manuf_0035
1209,Part_0217,Manuf_0036
1210,Part_0217,Manuf_0037
1211,Part_0217,Manuf_0039
1212,Part_0217,Manuf_0040
1213,Part_0217,Manuf_0041
1214,Part_0217,Manuf_0042
1215,Part_0217,Manuf_0043
1216,Part_0217,Manuf_0044
1217,Part_0217,Manuf_0047
1218,Part_0217,Manuf_0048
1219,Part_0217,Retail_0002
1220,Part_0218,Manuf_0012
1221,Part_0218,Manuf_0024
1222,Part_0218,Manuf_0039
1223,Part_0218,Manuf_0044
1224,Part_0219,Manuf_0012
1225,Part_0219,Manuf_0039
1226,Part_0220,Manuf_0012
1227,Part_0220,Manuf_0024
1228,Part_0220,Manuf_0039
1229,Part_0220,Manuf_0044
1230,Part_0221,Manuf_0012
1231,Part_0221,Manuf_0039
1232,Part_0222,Manuf_0012
1233,Part_0222,Manuf_0039
1234,Part_0223,Manuf_0013
1235,Part_0223,Manuf_0017
1236,Part_0223,Manuf_0018
1237,Part_0223,Manuf_0019
1238,Part_0223,Manuf_0020
1239,Part_0223,Manuf_0022
1240,Part_0223,Manuf_0028
1241,Part_0223,Manuf_0029
1242,Part_0223,Manuf_0030
1243,Part_0223,Manuf_0031
1244,Part_0223,Manuf_0035
1245,Part_0223,Manuf_0036
1246,Part_0223,Manuf_0037
1247,Part_0223,Manuf_0040
1248,Part_0223,Manuf_0041
1249,Part_0223,Manuf_0042
1250,Part_0223,Manuf_0043
1251,Part_0223,Manuf_0046
1252,Part_0223,Manuf_0047
1253,Part_0223,Retail_0003
1254,Part_0223,Retail_0004
1255,Part_0223,Retail_0005
1256,Part_0223,Retail_0006
1257,Part_0223,Retail_0007
1258,Part_0223,Retail_0008
1259,Part_0223,Retail_0009
1260,Part_0223,Retail_0012
1261,Part_0223,Retail_0013
1262,Part_0223,Retail_0014
1263,Part_0224,Manuf_0013
1264,Part_0224,Manuf_0016
1265,Part_0224,Manuf_0017
1266,Part_0224,Manuf_0018
1267,Part_0224,Manuf_0019
1268,Part_0224,Manuf_0020
1269,Part_0224,Manuf_0027
1270,Part_0224,Manuf_0028
1271,Part_0224,Manuf_0029
1272,Part_0224,Manuf_0030
1273,Part_0224,Manuf_0031
1274,Part_0224,Manuf_0046
1275,Part_0224,Retail_0003
1276,Part_0224,Retail_0004
1277,Part_0224,Retail_0005
1278,Part_0224,Retail_0006
1279,Part_0224,Retail_0007
1280,Part_0224,Retail_0008
1281,Part_0224,Retail_0009
1282,Part_0224,Retail_0010
1283,Part_0224,Retail_0011
1284,Part_0224,Retail_0012
1285,Part_0224,Retail_0013
1286,Part_0224,Retail_0014
1287,Part_0224,Retail_0015
1288,Part_0225,Manuf_0013
1289,Part_0225,Manuf_0016
1290,Part_0225,Manuf_0017
1291,Part_0225,Manuf_0018
1292,Part_0225,Manuf_0019
1293,Part_0225,Manuf_0020
1294,Part_0225,Manuf_0027
1295,Part_0225,Manuf_0028
1296,Part_0225,Manuf_0029
1297,Part_0225,Manuf_0030
1298,Part_0225,Manuf_0031
1299,Part_0225,Manuf_0046
1300,Part_0225,Retail_0003
1301,Part_0225,Retail_0004
1302,Part_0225,Retail_0005
1303,Part_0225,Retail_0006
1304,Part_0225,Retail_0007
1305,Part_0225,Retail_0008
1306,Part_0225,Retail_0009
1307,Part_0225,Retail_0010
1308,Part_0225,Retail_0011
1309,Part_0225,Retail_0012
1310,Part_0225,Retail_0013
1311,Part_0225,Retail_0014
1312,Part_0225,Retail_0015
1313,Part_0226,Manuf_0013
1314,Part_0226,Manuf_0017
1315,Part_0226,Manuf_0018
1316,Part_0226,Manuf_0019
1317,Part_0226,Manuf_0020
1318,Part_0226,Manuf_0029
1319,Part_0226,Manuf_0030
1320,Part_0226,Manuf_0031
1321,Part_0226,Manuf_0046
1322,Part_0226,Retail_0003
1323,Part_0226,Retail_0004
1324,Part_0226,Retail_0005
1325,Part_0226,Retail_0006
1326,Part_0226,Retail_0007
1327,Part_0226,Retail_0008
1328,Part_0226,Retail_0009
1329,Part_0226,Retail_0012
1330,Part_0226,Retail_0013
1331,Part_0226,Retail_0014
1332,Part_0227,Manuf_0013
1333,Part_0227,Manuf_0016
1334,Part_0227,Manuf_0017
1335,Part_0227,Manuf_0018
1336,Part_0227,Manuf_0019
1337,Part_0227,Manuf_0020
1338,Part_0227,Manuf_0027
1339,Part_0227,Manuf_0028
1340,Part_0227,Manuf_0029
1341,Part_0227,Manuf_0030
1342,Part_0227,Manuf_0031
1343,Part_0227,Manuf_0046
1344,Part_0227,Retail_0003
1345,Part_0227,Retail_0004
1346,Part_0227,Retail_0005
1347,Part_0227,Retail_0006
1348,Part_0227,Retail_0007
1349,Part_0227,Retail_0008
1350,Part_0227,Retail_0009
1351,Part_0227,Retail_0010
1352,Part_0227,Retail_0011
1353,Part_0227,Retail_0012
1354,Part_0227,Retail_0013
1355,Part_0227,Retail_0014
1356,Part_0227,Retail_0015
1357,Part_0228,Manuf_0013
1358,Part_0228,Manuf_0016
1359,Part_0228,Manuf_0017
1360,Part_0228,Manuf_0018
1361,Part_0228,Manuf_0019
1362,Part_0228,Manuf_0020
1363,Part_0228,Manuf_0027
1364,Part_0228,Manuf_0028
1365,Part_0228,Manuf_0029
1366,Part_0228,Manuf_0030
1367,Part_0228,Manuf_0031
1368,Part_0228,Manuf_0046
1369,Part_0228,Retail_0003
1370,Part_0228,Retail_0004
1371,Part_0228,Retail_0005
1372,Part_0228,Retail_0006
1373,Part_0228,Retail_0007
1374,Part_0228,Retail_0008
1375,Part_0228,Retail_0009
1376,Part_0228,Retail_0010
1377,Part_0228,Retail_0011
1378,Part_0228,Retail_0012
1379,Part_0228,Retail_0013
1380,Part_0228,Retail_0014
1381,Part_0228,Retail_0015
1382,Part_0229,Manuf_0013
1383,Part_0229,Manuf_0016
1384,Part_0229,Manuf_0017
1385,Part_0229,Manuf_0018
1386,Part_0229,Manuf_0019
1387,Part_0229,Manuf_0020
1388,Part_0229,Manuf_0027
1389,Part_0229,Manuf_0028
1390,Part_0229,Manuf_0029
1391,Part_0229,Manuf_0030
1392,Part_0229,Manuf_0031
1393,Part_0229,Manuf_0046
1394,Part_0229,Retail_0004
1395,Part_0229,Retail_0006
1396,Part_0229,Retail_0008
1397,Part_0229,Retail_0009
1398,Part_0229,Retail_0010
1399,Part_0229,Retail_0011
1400,Part_0229,Retail_0013
1401,Part_0229,Retail_0014
1402,Part_0230,Manuf_0013
1403,Part_0230,Manuf_0016
1404,Part_0230,Manuf_0017
1405,Part_0230,Manuf_0018
1406,Part_0230,Manuf_0019
1407,Part_0230,Manuf_0020
1408,Part_0230,Manuf_0027
1409,Part_0230,Manuf_0028
1410,Part_0230,Manuf_0029
1411,Part_0230,Manuf_0030
1412,Part_0230,Manuf_0031
1413,Part_0230,Manuf_0046
1414,Part_0230,Retail_0003
1415,Part_0230,Retail_0004
1416,Part_0230,Retail_0005
1417,Part_0230,Retail_0006
1418,Part_0230,Retail_0007
1419,Part_0230,Retail_0008
1420,Part_0230,Retail_0009
1421,Part_0230,Retail_0010
1422,Part_0230,Retail_0011
1423,Part_0230,Retail_0012
1424,Part_0230,Retail_0013
1425,Part_0230,Retail_0014
1426,Part_0230,Retail_0015
1427,Part_0231,Manuf_0013
1428,Part_0231,Manuf_0016
1429,Part_0231,Manuf_0017
1430,Part_0231,Manuf_0018
1431,Part_0231,Manuf_0019
1432,Part_0231,Manuf_0020
1433,Part_0231,Manuf_0027
1434,Part_0231,Manuf_0028
1435,Part_0231,Manuf_0029
1436,Part_0231,Manuf_0030
1437,Part_0231,Manuf_0031
1438,Part_0231,Manuf_0046
1439,Part_0231,Retail_0003
1440,Part_0231,Retail_0004
1441,Part_0231,Retail_0006
1442,Part_0231,Retail_0008
1443,Part_0231,Retail_0009
1444,Part_0231,Retail_0010
1445,Part_0231,Retail_0011
1446,Part_0231,Retail_0013
1447,Part_0231,Retail_0014
1448,Part_0231,Retail_0015
1449,Part_0232,Manuf_0013
1450,Part_0232,Manuf_0016
1451,Part_0232,Manuf_0017
1452,Part_0232,Manuf_0018
1453,Part_0232,Manuf_0019
1454,Part_0232,Manuf_0020
1455,Part_0232,Manuf_0027
1456,Part_0232,Manuf_0028
1457,Part_0232,Manuf_0029
1458,Part_0232,Manuf_0030
1459,Part_0232,Manuf_0031
1460,Part_0232,Manuf_0046
1461,Part_0233,Manuf_0013
1462,Part_0233,Manuf_0016
1463,Part_0233,Manuf_0017
1464,Part_0233,Manuf_0018
1465,Part_0233,Manuf_0019
1466,Part_0233,Manuf_0020
1467,Part_0233,Manuf_0022
1468,Part_0233,Manuf_0027
1469,Part_0233,Manuf_0028
1470,Part_0233,Manuf_0029
1471,Part_0233,Manuf_0030
1472,Part_0233,Manuf_0031
1473,Part_0233,Manuf_0036
1474,Part_0233,Manuf_0037
1475,Part_0233,Manuf_0046
1476,Part_0234,Manuf_0013
1477,Part_0234,Manuf_0016
1478,Part_0234,Manuf_0017
1479,Part_0234,Manuf_0018
1480,Part_0234,Manuf_0019
1481,Part_0234,Manuf_0020
1482,Part_0234,Manuf_0027
1483,Part_0234,Manuf_0028
1484,Part_0234,Manuf_0029
1485,Part_0234,Manuf_0030
1486,Part_0234,Manuf_0031
1487,Part_0234,Manuf_0046
1488,Part_0235,Manuf_0013
1489,Part_0235,Manuf_0016
1490,Part_0235,Manuf_0017
1491,Part_0235,Manuf_0018
1492,Part_0235,Manuf_0019
1493,Part_0235,Manuf_0020
1494,Part_0235,Manuf_0027
1495,Part_0235,Manuf_0028
1496,Part_0235,Manuf_0029
1497,Part_0235,Manuf_0030
1498,Part_0235,Manuf_0031
1499,Part_0235,Manuf_0033
1500,Part_0235,Manuf_0034
1501,Part_0235,Manuf_0035
1502,Part_0235,Manuf_0040
1503,Part_0235,Manuf_0041
1504,Part_0235,Manuf_0042
1505,Part_0235,Manuf_0043
1506,Part_0235,Manuf_0046
1507,Part_0235,Manuf_0047
1508,Part_0236,Manuf_0013
1509,Part_0236,Manuf_0016
1510,Part_0236,Manuf_0017
1511,Part_0236,Manuf_0018
1512,Part_0236,Manuf_0019
1513,Part_0236,Manuf_0020
1514,Part_0236,Manuf_0027
1515,Part_0236,Manuf_0028
1516,Part_0236,Manuf_0029
1517,Part_0236,Manuf_0030
1518,Part_0236,Manuf_0031
1519,Part_0236,Manuf_0046
1520,Part_0237,Manuf_0013
1521,Part_0237,Manuf_0017
1522,Part_0237,Manuf_0018
1523,Part_0237,Manuf_0028
1524,Part_0237,Manuf_0029
1525,Part_0237,Manuf_0046
1526,Part_0238,Manuf_0013
1527,Part_0238,Manuf_0016
1528,Part_0238,Manuf_0017
1529,Part_0238,Manuf_0018
1530,Part_0238,Manuf_0019
1531,Part_0238,Manuf_0020
1532,Part_0238,Manuf_0027
1533,Part_0238,Manuf_0028
1534,Part_0238,Manuf_0029
1535,Part_0238,Manuf_0030
1536,Part_0238,Manuf_0031
1537,Part_0238,Manuf_0046
1538,Part_0239,Manuf_0013
1539,Part_0239,Manuf_0016
1540,Part_0239,Manuf_0017
1541,Part_0239,Manuf_0018
1542,Part_0239,Manuf_0019
1543,Part_0239,Manuf_0020
1544,Part_0239,Manuf_0027
1545,Part_0239,Manuf_0028
1546,Part_0239,Manuf_0029
1547,Part_0239,Manuf_0030
1548,Part_0239,Manuf_0031
1549,Part_0239,Manuf_0046
1550,Part_0240,Manuf_0013
1551,Part_0240,Manuf_0016
1552,Part_0240,Manuf_0017
1553,Part_0240,Manuf_0018
1554,Part_0240,Manuf_0019
1555,Part_0240,Manuf_0020
1556,Part_0240,Manuf_0027
1557,Part_0240,Manuf_0028
1558,Part_0240,Manuf_0029
1559,Part_0240,Manuf_0030
1560,Part_0240,Manuf_0031
1561,Part_0240,Manuf_0046
1562,Part_0241,Manuf_0013
1563,Part_0241,Manuf_0016
1564,Part_0241,Manuf_0017
1565,Part_0241,Manuf_0018
1566,Part_0241,Manuf_0019
1567,Part_0241,Manuf_0020
1568,Part_0241,Manuf_0027
1569,Part_0241,Manuf_0028
1570,Part_0241,Manuf_0029
1571,Part_0241,Manuf_0030
1572,Part_0241,Manuf_0031
1573,Part_0241,Manuf_0046
1574,Part_0242,Manuf_0013
1575,Part_0242,Manuf_0016
1576,Part_0242,Manuf_0017
1577,Part_0242,Manuf_0018
1578,Part_0242,Manuf_0019
1579,Part_0242,Manuf_0020
1580,Part_0242,Manuf_0027
1581,Part_0242,Manuf_0028
1582,Part_0242,Manuf_0029
1583,Part_0242,Manuf_0030
1584,Part_0242,Manuf_0031
1585,Part_0242,Manuf_0046
1586,Part_0243,Manuf_0013
1587,Part_0243,Manuf_0016
1588,Part_0243,Manuf_0017
1589,Part_0243,Manuf_0018
1590,Part_0243,Manuf_0019
1591,Part_0243,Manuf_0020
1592,Part_0243,Manuf_0024
1593,Part_0243,Manuf_0044
1594,Part_0243,Manuf_0046
1595,Part_0244,Manuf_0014
1596,Part_0244,Manuf_0023
1597,Part_0245,Manuf_0014
1598,Part_0246,Manuf_0014
1599,Part_0246,Manuf_0023
1600,Part_0247,Manuf_0016
1601,Part_0247,Manuf_0027
1602,Part_0247,Manuf_0033
1603,Part_0247,Manuf_0034
1604,Part_0248,Manuf_0016
1605,Part_0248,Manuf_0027
1606,Part_0248,Manuf_0033
1607,Part_0248,Manuf_0034
1608,Part_0249,Manuf_0016
1609,Part_0249,Manuf_0027
1610,Part_0250,Manuf_0015
1611,Part_0250,Manuf_0026
1612,Part_0251,Manuf_0015
1613,Part_0251,Manuf_0026
1614,Part_0252,Manuf_0015
1615,Part_0252,Manuf_0026
1616,Part_0253,Manuf_0015
1617,Part_0253,Manuf_0026
1618,Part_0254,Manuf_0017
1619,Part_0254,Manuf_0018
1620,Part_0254,Manuf_0029
1621,Part_0254,Manuf_0037
1622,Part_0254,Manuf_0041
1623,Part_0254,Manuf_0046
1624,Part_0254,Manuf_0047
1625,Part_0255,Manuf_0019
1626,Part_0255,Manuf_0020
1627,Part_0255,Manuf_0022
1628,Part_0255,Manuf_0030
1629,Part_0255,Manuf_0031
1630,Part_0255,Manuf_0042
1631,Part_0255,Manuf_0043
1632,Part_0255,Manuf_0046
1633,Part_0256,Manuf_0019
1634,Part_0256,Manuf_0020
1635,Part_0256,Manuf_0030
1636,Part_0256,Manuf_0031
1637,Part_0256,Manuf_0046
1638,Part_0257,Manuf_0021
1639,Part_0257,Manuf_0032
1640,Part_0257,Manuf_0038
1641,Part_0257,Manuf_0045
1642,Part_0258,Manuf_0021
1643,Part_0258,Manuf_0032
1644,Part_0259,Manuf_0021
1645,Part_0259,Manuf_0032
1646,Part_0259,Manuf_0038
1647,Part_0259,Manuf_0045
1648,Part_0260,Manuf_0021
1649,Part_0261,Manuf_0021
1650,Part_0261,Manuf_0022
1651,Part_0261,Manuf_0032
1652,Part_0261,Manuf_0036
1653,Part_0261,Manuf_0037
1654,Part_0261,Manuf_0038
1655,Part_0261,Manuf_0045
1656,Part_0262,Manuf_0021
1657,Part_0262,Manuf_0032
1658,Part_0263,Manuf_0021
1659,Part_0263,Manuf_0032
1660,Part_0264,Manuf_0021
1661,Part_0264,Manuf_0032
1662,Part_0264,Manuf_0038
1663,Part_0264,Manuf_0045
1664,Part_0265,Manuf_0021
1665,Part_0265,Manuf_0032
1666,Part_0265,Manuf_0038
1667,Part_0265,Manuf_0045
1668,Part_0266,Manuf_0021
1669,Part_0266,Manuf_0032
1670,Part_0266,Manuf_0038
1671,Part_0266,Manuf_0045
1672,Part_0267,Manuf_0021
1673,Part_0267,Manuf_0032
1674,Part_0267,Manuf_0038
1675,Part_0267,Manuf_0045
1676,Part_0268,Manuf_0021
1677,Part_0268,Manuf_0032
1678,Part_0268,Manuf_0038
1679,Part_0268,Manuf_0045
1680,Part_0269,Manuf_0021
1681,Part_0269,Manuf_0032
1682,Part_0269,Manuf_0038
1683,Part_0269,Manuf_0045
1684,Part_0270,Manuf_0021
1685,Part_0270,Manuf_0032
1686,Part_0271,Manuf_0021
1687,Part_0271,Manuf_0032
1688,Part_0271,Manuf_0038
1689,Part_0271,Manuf_0045
1690,Part_0272,Manuf_0021
1691,Part_0272,Manuf_0032
1692,Part_0272,Manuf_0038
1693,Part_0272,Manuf_0045
1694,Part_0273,Manuf_0021
1695,Part_0273,Manuf_0038
1696,Part_0274,Manuf_0021
1697,Part_0274,Manuf_0038
1698,Part_0275,Manuf_0021
1699,Part_0275,Manuf_0032
1700,Part_0275,Manuf_0038
1701,Part_0275,Manuf_0045
1702,Part_0276,Manuf_0021
1703,Part_0276,Manuf_0022
1704,Part_0276,Manuf_0036
1705,Part_0276,Manuf_0037
1706,Part_0276,Manuf_0038
1707,Part_0276,Retail_0002
1708,Part_0277,Manuf_0021
1709,Part_0277,Manuf_0032
1710,Part_0277,Manuf_0038
1711,Part_0277,Manuf_0045
1712,Part_0278,Manuf_0021
1713,Part_0278,Manuf_0032
1714,Part_0278,Manuf_0038
1715,Part_0278,Manuf_0045
1716,Part_0279,Manuf_0022
1717,Part_0279,Manuf_0033
1718,Part_0279,Manuf_0034
1719,Part_0279,Manuf_0035
1720,Part_0279,Manuf_0036
1721,Part_0279,Manuf_0037
1722,Part_0279,Manuf_0040
1723,Part_0279,Manuf_0041
1724,Part_0279,Manuf_0042
1725,Part_0279,Manuf_0043
1726,Part_0279,Manuf_0047
1727,Part_0280,Manuf_0022
1728,Part_0280,Manuf_0033
1729,Part_0280,Manuf_0034
1730,Part_0280,Manuf_0035
1731,Part_0280,Manuf_0036
1732,Part_0280,Manuf_0037
1733,Part_0280,Manuf_0040
1734,Part_0280,Manuf_0041
1735,Part_0280,Manuf_0042
1736,Part_0280,Manuf_0043
1737,Part_0280,Manuf_0047
1738,Part_0281,Manuf_0022
1739,Part_0281,Manuf_0036
1740,Part_0281,Manuf_0037
1741,Part_0282,Manuf_0022
1742,Part_0282,Manuf_0036
1743,Part_0282,Manuf_0037
1744,Part_0283,Manuf_0022
1745,Part_0283,Manuf_0033
1746,Part_0283,Manuf_0034
1747,Part_0283,Manuf_0035
1748,Part_0283,Manuf_0036
1749,Part_0283,Manuf_0037
1750,Part_0283,Manuf_0040
1751,Part_0283,Manuf_0041
1752,Part_0283,Manuf_0042
1753,Part_0283,Manuf_0043
1754,Part_0283,Manuf_0047
1755,Part_0284,Manuf_0022
1756,Part_0284,Manuf_0036
1757,Part_0284,Manuf_0037
1758,Part_0285,Manuf_0022
1759,Part_0285,Manuf_0036
1760,Part_0285,Manuf_0037
1761,Part_0286,Manuf_0022
1762,Part_0286,Manuf_0033
1763,Part_0286,Manuf_0034
1764,Part_0286,Manuf_0035
1765,Part_0286,Manuf_0036
1766,Part_0286,Manuf_0037
1767,Part_0286,Manuf_0040
1768,Part_0286,Manuf_0041
1769,Part_0286,Manuf_0042
1770,Part_0286,Manuf_0043
1771,Part_0286,Manuf_0047
1772,Part_0287,Manuf_0022
1773,Part_0287,Manuf_0036
1774,Part_0287,Manuf_0037
1775,Part_0288,Manuf_0022
1776,Part_0288,Manuf_0042
1777,Part_0288,Manuf_0043
1778,Part_0289,Manuf_0022
1779,Part_0289,Manuf_0033
1780,Part_0289,Manuf_0034
1781,Part_0289,Manuf_0035
1782,Part_0289,Manuf_0036
1783,Part_0289,Manuf_0037
1784,Part_0289,Manuf_0040
1785,Part_0289,Manuf_0041
1786,Part_0289,Manuf_0042
1787,Part_0289,Manuf_0043
1788,Part_0289,Manuf_0047
1789,Part_0290,Manuf_0022
1790,Part_0290,Manuf_0033
1791,Part_0290,Manuf_0034
1792,Part_0290,Manuf_0035
1793,Part_0290,Manuf_0036
1794,Part_0290,Manuf_0037
1795,Part_0290,Manuf_0040
1796,Part_0290,Manuf_0041
1797,Part_0290,Manuf_0042
1798,Part_0290,Manuf_0043
1799,Part_0290,Manuf_0047
1800,Part_0291,Manuf_0022
1801,Part_0291,Manuf_0036
1802,Part_0291,Manuf_0037
1803,Part_0292,Manuf_0022
1804,Part_0292,Manuf_0036
1805,Part_0292,Manuf_0037
1806,Part_0293,Manuf_0022
1807,Part_0293,Manuf_0033
1808,Part_0293,Manuf_0034
1809,Part_0293,Manuf_0035
1810,Part_0293,Manuf_0036
1811,Part_0293,Manuf_0037
1812,Part_0293,Manuf_0040
1813,Part_0293,Manuf_0041
1814,Part_0293,Manuf_0042
1815,Part_0293,Manuf_0043
1816,Part_0293,Manuf_0047
1817,Part_0294,Manuf_0022
1818,Part_0294,Manuf_0033
1819,Part_0294,Manuf_0034
1820,Part_0294,Manuf_0035
1821,Part_0294,Manuf_0036
1822,Part_0294,Manuf_0037
1823,Part_0294,Manuf_0040
1824,Part_0294,Manuf_0041
1825,Part_0294,Manuf_0042
1826,Part_0294,Manuf_0043
1827,Part_0294,Manuf_0047
1828,Part_0295,Manuf_0022
1829,Part_0295,Manuf_0035
1830,Part_0295,Manuf_0036
1831,Part_0295,Manuf_0037
1832,Part_0295,Manuf_0040
1833,Part_0295,Manuf_0041
1834,Part_0295,Manuf_0042
1835,Part_0295,Manuf_0043
1836,Part_0295,Manuf_0047
1837,Part_0296,Manuf_0022
1838,Part_0296,Manuf_0033
1839,Part_0296,Manuf_0034
1840,Part_0296,Manuf_0035
1841,Part_0296,Manuf_0036
1842,Part_0296,Manuf_0037
1843,Part_0296,Manuf_0040
1844,Part_0296,Manuf_0041
1845,Part_0296,Manuf_0042
1846,Part_0296,Manuf_0043
1847,Part_0296,Manuf_0047
1848,Part_0297,Manuf_0022
1849,Part_0297,Manuf_0036
1850,Part_0297,Manuf_0037
1851,Part_0298,Manuf_0022
1852,Part_0298,Manuf_0036
1853,Part_0298,Manuf_0037
1854,Part_0299,Manuf_0022
1855,Part_0299,Manuf_0036
1856,Part_0299,Manuf_0037
1857,Part_0300,Manuf_0022
1858,Part_0300,Manuf_0036
1859,Part_0300,Manuf_0037
1860,Part_0301,Manuf_0022
1861,Part_0301,Manuf_0036
1862,Part_0301,Manuf_0037
1863,Part_0302,Manuf_0022
1864,Part_0302,Manuf_0036
1865,Part_0302,Manuf_0037
1866,Part_0303,Manuf_0022
1867,Part_0303,Manuf_0036
1868,Part_0303,Manuf_0037
1869,Part_0304,Manuf_0022
1870,Part_0304,Manuf_0036
1871,Part_0304,Manuf_0037
1872,Part_0305,Manuf_0022
1873,Part_0305,Manuf_0033
1874,Part_0305,Manuf_0034
1875,Part_0305,Manuf_0035
1876,Part_0305,Manuf_0036
1877,Part_0305,Manuf_0037
1878,Part_0305,Manuf_0040
1879,Part_0305,Manuf_0041
1880,Part_0305,Manuf_0042
1881,Part_0305,Manuf_0043
1882,Part_0305,Manuf_0047
1883,Part_0306,Manuf_0022
1884,Part_0306,Manuf_0033
1885,Part_0306,Manuf_0034
1886,Part_0306,Manuf_0035
1887,Part_0306,Manuf_0037
1888,Part_0306,Manuf_0040
1889,Part_0306,Manuf_0041
1890,Part_0306,Manuf_0042
1891,Part_0306,Manuf_0043
1892,Part_0306,Manuf_0047
1893,Part_0307,Manuf_0023
1894,Part_0307,Manuf_0025
1895,Part_0307,Manuf_0026
1896,Part_0308,Manuf_0023
1897,Part_0308,Manuf_0025
1898,Part_0308,Manuf_0026
1899,Part_0309,Manuf_0023
1900,Part_0309,Manuf_0025
1901,Part_0309,Manuf_0026
1902,Part_0310,Manuf_0023
1903,Part_0310,Manuf_0025
1904,Part_0310,Manuf_0026
1905,Part_0311,Manuf_0023
1906,Part_0311,Manuf_0025
1907,Part_0311,Manuf_0026
1908,Part_0312,Manuf_0023
1909,Part_0312,Manuf_0025
1910,Part_0312,Manuf_0026
1911,Part_0313,Manuf_0023
1912,Part_0313,Manuf_0025
1913,Part_0313,Manuf_0026
1914,Part_0314,Manuf_0023
1915,Part_0314,Manuf_0025
1916,Part_0314,Manuf_0026
1917,Part_0315,Manuf_0023
1918,Part_0315,Manuf_0025
1919,Part_0315,Manuf_0026
1920,Part_0316,Manuf_0023
1921,Part_0316,Manuf_0025
1922,Part_0316,Manuf_0026
1923,Part_0317,Manuf_0023
1924,Part_0317,Manuf_0025
1925,Part_0317,Manuf_0026
1926,Part_0318,Manuf_0023
1927,Part_0318,Manuf_0025
1928,Part_0318,Manuf_0026
1929,Part_0319,Manuf_0023
1930,Part_0319,Manuf_0025
1931,Part_0319,Manuf_0026
1932,Part_0320,Manuf_0023
1933,Part_0320,Manuf_0025
1934,Part_0320,Manuf_0026
1935,Part_0321,Manuf_0023
1936,Part_0321,Manuf_0025
1937,Part_0321,Manuf_0026
1938,Part_0322,Manuf_0023
1939,Part_0322,Manuf_0025
1940,Part_0322,Manuf_0026
1941,Part_0323,Manuf_0023
1942,Part_0323,Manuf_0025
1943,Part_0323,Manuf_0026
1944,Part_0324,Manuf_0023
1945,Part_0324,Manuf_0025
1946,Part_0324,Manuf_0026
1947,Part_0325,Manuf_0023
1948,Part_0325,Manuf_0025
1949,Part_0325,Manuf_0026
1950,Part_0326,Manuf_0023
1951,Part_0326,Manuf_0025
1952,Part_0326,Manuf_0026
1953,Part_0327,Manuf_0023
1954,Part_0327,Manuf_0025
1955,Part_0327,Manuf_0026
1956,Part_0328,Manuf_0023
1957,Part_0328,Manuf_0025
1958,Part_0328,Manuf_0026
1959,Part_0329,Manuf_0023
1960,Part_0329,Manuf_0025
1961,Part_0329,Manuf_0026
1962,Part_0330,Manuf_0023
1963,Part_0330,Manuf_0025
1964,Part_0330,Manuf_0026
1965,Part_0331,Manuf_0023
1966,Part_0331,Manuf_0025
1967,Part_0331,Manuf_0026
1968,Part_0332,Manuf_0023
1969,Part_0332,Manuf_0025
1970,Part_0332,Manuf_0026
1971,Part_0333,Manuf_0023
1972,Part_0333,Manuf_0025
1973,Part_0333,Manuf_0026
1974,Part_0334,Manuf_0023
1975,Part_0334,Manuf_0025
1976,Part_0334,Manuf_0026
1977,Part_0335,Manuf_0023
1978,Part_0335,Manuf_0025
1979,Part_0335,Manuf_0026
1980,Part_0336,Manuf_0023
1981,Part_0336,Manuf_0025
1982,Part_0336,Manuf_0026
1983,Part_0337,Manuf_0023
1984,Part_0337,Manuf_0025
1985,Part_0337,Manuf_0026
1986,Part_0338,Manuf_0023
1987,Part_0338,Manuf_0025
1988,Part_0338,Manuf_0026
1989,Part_0339,Manuf_0023
1990,Part_0339,Manuf_0025
1991,Part_0339,Manuf_0026
1992,Part_0340,Manuf_0023
1993,Part_0340,Manuf_0025
1994,Part_0340,Manuf_0026
1995,Part_0341,Manuf_0023
1996,Part_0341,Manuf_0025
1997,Part_0341,Manuf_0026
1998,Part_0342,Manuf_0023
1999,Part_0342,Manuf_0025
2000,Part_0342,Manuf_0026
2001,Part_0343,Manuf_0023
2002,Part_0343,Manuf_0025
2003,Part_0343,Manuf_0026
2004,Part_0344,Manuf_0023
2005,Part_0344,Manuf_0025
2006,Part_0344,Manuf_0026
2007,Part_0345,Manuf_0023
2008,Part_0345,Manuf_0025
2009,Part_0345,Manuf_0026
2010,Part_0346,Manuf_0023
2011,Part_0346,Manuf_0025
2012,Part_0346,Manuf_0026
2013,Part_0347,Manuf_0023
2014,Part_0347,Manuf_0025
2015,Part_0347,Manuf_0026
2016,Part_0348,Manuf_0023
2017,Part_0348,Manuf_0025
2018,Part_0348,Manuf_0026
2019,Part_0349,Manuf_0023
2020,Part_0349,Manuf_0025
2021,Part_0349,Manuf_0026
2022,Part_0350,Manuf_0023
2023,Part_0350,Manuf_0025
2024,Part_0350,Manuf_0026
2025,Part_0351,Manuf_0023
2026,Part_0351,Manuf_0025
2027,Part_0351,Manuf_0026
2028,Part_0352,Manuf_0023
2029,Part_0352,Manuf_0025
2030,Part_0352,Manuf_0026
2031,Part_0353,Manuf_0023
2032,Part_0353,Manuf_0025
2033,Part_0353,Manuf_0026
2034,Part_0354,Manuf_0023
2035,Part_0354,Manuf_0025
2036,Part_0354,Manuf_0026
2037,Part_0355,Manuf_0023
2038,Part_0355,Manuf_0025
2039,Part_0355,Manuf_0026
2040,Part_0356,Manuf_0023
2041,Part_0356,Manuf_0025
2042,Part_0356,Manuf_0026
2043,Part_0357,Manuf_0023
2044,Part_0357,Manuf_0025
2045,Part_0357,Manuf_0026
2046,Part_0358,Manuf_0023
2047,Part_0358,Manuf_0025
2048,Part_0358,Manuf_0026
2049,Part_0359,Manuf_0023
2050,Part_0359,Manuf_0025
2051,Part_0359,Manuf_0026
2052,Part_0360,Manuf_0023
2053,Part_0360,Manuf_0025
2054,Part_0360,Manuf_0026
2055,Part_0361,Manuf_0023
2056,Part_0361,Manuf_0025
2057,Part_0361,Manuf_0026
2058,Part_0362,Manuf_0023
2059,Part_0362,Manuf_0025
2060,Part_0362,Manuf_0026
2061,Part_0363,Manuf_0023
2062,Part_0363,Manuf_0025
2063,Part_0363,Manuf_0026
2064,Part_0364,Manuf_0023
2065,Part_0364,Manuf_0025
2066,Part_0364,Manuf_0026
2067,Part_0365,Manuf_0023
2068,Part_0365,Manuf_0025
2069,Part_0365,Manuf_0026
2070,Part_0366,Manuf_0023
2071,Part_0366,Manuf_0025
2072,Part_0366,Manuf_0026
2073,Part_0367,Manuf_0023
2074,Part_0367,Manuf_0025
2075,Part_0367,Manuf_0026
2076,Part_0368,Manuf_0023
2077,Part_0368,Manuf_0025
2078,Part_0368,Manuf_0026
2079,Part_0369,Manuf_0023
2080,Part_0369,Manuf_0025
2081,Part_0369,Manuf_0026
2082,Part_0370,Manuf_0024
2083,Part_0370,Manuf_0044
2084,Part_0371,Manuf_0024
2085,Part_0371,Manuf_0044
2086,Part_0372,Manuf_0027
2087,Part_0372,Manuf_0028
2088,Part_0372,Manuf_0029
2089,Part_0372,Manuf_0030
2090,Part_0372,Manuf_0031
2091,Part_0372,Manuf_0033
2092,Part_0372,Manuf_0034
2093,Part_0372,Manuf_0035
2094,Part_0372,Manuf_0040
2095,Part_0372,Manuf_0041
2096,Part_0372,Manuf_0042
2097,Part_0372,Manuf_0043
2098,Part_0372,Manuf_0047
2099,Part_0373,Manuf_0032
2100,Part_0373,Manuf_0045
2101,Part_0374,Manuf_0032
2102,Part_0374,Manuf_0038
2103,Part_0374,Manuf_0045
2104,Part_0375,Manuf_0032
2105,Part_0375,Manuf_0045
2106,Part_0376,Manuf_0032
2107,Part_0376,Manuf_0045
2108,Part_0376,Manuf_0048
2109,Part_0377,Manuf_0033
2110,Part_0377,Manuf_0034
2111,Part_0377,Manuf_0035
2112,Part_0377,Manuf_0040
2113,Part_0377,Manuf_0041
2114,Part_0377,Manuf_0042
2115,Part_0377,Manuf_0043
2116,Part_0377,Manuf_0047
2117,Part_0378,Manuf_0033
2118,Part_0378,Manuf_0034
2119,Part_0378,Manuf_0035
2120,Part_0378,Manuf_0040
2121,Part_0378,Manuf_0041
2122,Part_0378,Manuf_0042
2123,Part_0378,Manuf_0043
2124,Part_0378,Manuf_0047
2125,Part_0379,Manuf_0033
2126,Part_0379,Manuf_0034
2127,Part_0379,Manuf_0035
2128,Part_0379,Manuf_0040
2129,Part_0379,Manuf_0041
2130,Part_0379,Manuf_0042
2131,Part_0379,Manuf_0043
2132,Part_0379,Manuf_0047
2133,Part_0380,Manuf_0033
2134,Part_0380,Manuf_0040
2135,Part_0380,Manuf_0041
2136,Part_0380,Manuf_0042
2137,Part_0381,Manuf_0033
2138,Part_0381,Manuf_0034
2139,Part_0381,Manuf_0035
2140,Part_0381,Manuf_0040
2141,Part_0381,Manuf_0041
2142,Part_0381,Manuf_0042
2143,Part_0381,Manuf_0043
2144,Part_0381,Manuf_0047
2145,Part_0382,Manuf_0033
2146,Part_0382,Manuf_0034
2147,Part_0382,Manuf_0035
2148,Part_0382,Manuf_0040
2149,Part_0382,Manuf_0041
2150,Part_0382,Manuf_0042
2151,Part_0382,Manuf_0043
2152,Part_0382,Manuf_0047
2153,Part_0383,Manuf_0033
2154,Part_0383,Manuf_0034
2155,Part_0383,Manuf_0035
2156,Part_0383,Manuf_0040
2157,Part_0383,Manuf_0041
2158,Part_0383,Manuf_0042
2159,Part_0383,Manuf_0043
2160,Part_0383,Manuf_0047
2161,Part_0384,Manuf_0033
2162,Part_0384,Manuf_0034
2163,Part_0384,Manuf_0035
2164,Part_0384,Manuf_0040
2165,Part_0384,Manuf_0041
2166,Part_0384,Manuf_0042
2167,Part_0384,Manuf_0043
2168,Part_0384,Manuf_0047
2169,Part_0385,Manuf_0033
2170,Part_0385,Manuf_0034
2171,Part_0385,Manuf_0035
2172,Part_0385,Manuf_0040
2173,Part_0385,Manuf_0041
2174,Part_0385,Manuf_0042
2175,Part_0385,Manuf_0043
2176,Part_0385,Manuf_0047
2177,Part_0386,Manuf_0033
2178,Part_0386,Manuf_0034
2179,Part_0386,Manuf_0035
2180,Part_0386,Manuf_0040
2181,Part_0386,Manuf_0041
2182,Part_0386,Manuf_0042
2183,Part_0386,Manuf_0043
2184,Part_0386,Manuf_0047
2185,Part_0387,Manuf_0033
2186,Part_0387,Manuf_0040
2187,Part_0387,Manuf_0041
2188,Part_0387,Manuf_0042
2189,Part_0388,Manuf_0033
2190,Part_0388,Manuf_0034
2191,Part_0388,Manuf_0035
2192,Part_0388,Manuf_0040
2193,Part_0388,Manuf_0041
2194,Part_0388,Manuf_0042
2195,Part_0388,Manuf_0043
2196,Part_0388,Manuf_0047
2197,Part_0389,Manuf_0033
2198,Part_0389,Manuf_0034
2199,Part_0389,Manuf_0035
2200,Part_0389,Manuf_0040
2201,Part_0389,Manuf_0041
2202,Part_0389,Manuf_0042
2203,Part_0389,Manuf_0043
2204,Part_0389,Manuf_0047
2205,Part_0390,Manuf_0033
2206,Part_0390,Manuf_0040
2207,Part_0390,Manuf_0041
2208,Part_0390,Manuf_0042
2209,Part_0391,Manuf_0033
2210,Part_0391,Manuf_0034
2211,Part_0391,Manuf_0035
2212,Part_0391,Manuf_0040
2213,Part_0391,Manuf_0041
2214,Part_0391,Manuf_0042
2215,Part_0391,Manuf_0043
2216,Part_0391,Manuf_0047
2217,Part_0392,Manuf_0033
2218,Part_0392,Manuf_0034
2219,Part_0392,Manuf_0035
2220,Part_0392,Manuf_0040
2221,Part_0392,Manuf_0041
2222,Part_0392,Manuf_0042
2223,Part_0392,Manuf_0043
2224,Part_0392,Manuf_0047
2225,Part_0393,Manuf_0035
2226,Part_0393,Manuf_0036
2227,Part_0393,Manuf_0037
2228,Part_0393,Manuf_0040
2229,Part_0393,Manuf_0041
2230,Part_0393,Manuf_0047
2231,Part_0394,Manuf_0035
2232,Part_0394,Manuf_0040
2233,Part_0394,Manuf_0041
2234,Part_0394,Manuf_0042
2235,Part_0394,Manuf_0043
2236,Part_0394,Manuf_0047
2237,Part_0395,Manuf_0038
2238,Part_0395,Manuf_0039
2239,Part_0395,Manuf_0044
2240,Part_0395,Manuf_0045
2241,Part_0396,Manuf_0048
2242,Part_0396,Retail_0002
2243,Part_0397,Manuf_0048
2244,Part_0397,Retail_0002
2245,Part_0398,Retail_0003
2246,Part_0398,Retail_0004
2247,Part_0398,Retail_0005
2248,Part_0398,Retail_0006
2249,Part_0398,Retail_0007
2250,Part_0398,Retail_0008
2251,Part_0398,Retail_0009
2252,Part_0398,Retail_0010
2253,Part_0398,Retail_0011
2254,Part_0398,Retail_0012
2255,Part_0398,Retail_0013
2256,Part_0398,Retail_0014
2257,Part_0398,Retail_0015
2258,Trans_0001,Manuf_0007
2259,Trans_0002,Manuf_0007
2260,Trans_0003,Manuf_0008
2261,Trans_0004,Manuf_0008
