,child,parent
0,Manuf_0001,Trans_0001
1,Manuf_0001,Trans_0003
2,Manuf_0001,Trans_0004
3,Manuf_0001,Trans_0005
4,Manuf_0001,Trans_0006
5,Manuf_0001,Trans_0007
6,Manuf_0001,Trans_0008
7,Manuf_0001,Trans_0350
8,Manuf_0001,Trans_0351
9,Manuf_0002,Trans_0002
10,Manuf_0002,Trans_0129
11,Manuf_0002,Trans_0130
12,Manuf_0002,Trans_0131
13,Manuf_0002,Trans_0132
14,Manuf_0002,Trans_0133
15,Manuf_0002,Trans_0134
16,Manuf_0002,Trans_0135
17,Manuf_0002,Trans_0456
18,Manuf_0003,Trans_0009
19,Manuf_0003,Trans_0010
20,Manuf_0003,Trans_0011
21,Manuf_0003,Trans_0012
22,Manuf_0003,Trans_0013
23,Manuf_0003,Trans_0014
24,Manuf_0003,Trans_0015
25,Manuf_0003,Trans_0016
26,Manuf_0003,Trans_0017
27,Manuf_0004,Trans_0018
28,Manuf_0004,Trans_0019
29,Manuf_0004,Trans_0020
30,Manuf_0004,Trans_0021
31,Manuf_0004,Trans_0022
32,Manuf_0004,Trans_0023
33,Manuf_0004,Trans_0024
34,Manuf_0004,Trans_0025
35,Manuf_0004,Trans_0026
36,Manuf_0005,Trans_0027
37,Manuf_0005,Trans_0028
38,Manuf_0005,Trans_0029
39,Manuf_0005,Trans_0030
40,Manuf_0005,Trans_0031
41,Manuf_0005,Trans_0032
42,Manuf_0005,Trans_0033
43,Manuf_0005,Trans_0034
44,Manuf_0005,Trans_0035
45,Manuf_0005,Trans_0036
46,Manuf_0006,Trans_0037
47,Manuf_0006,Trans_0038
48,Manuf_0006,Trans_0039
49,Manuf_0006,Trans_0040
50,Manuf_0006,Trans_0041
51,Manuf_0006,Trans_0042
52,Manuf_0006,Trans_0043
53,Manuf_0006,Trans_0044
54,Manuf_0006,Trans_0045
55,Manuf_0007,Trans_0046
56,Manuf_0007,Trans_0047
57,Manuf_0007,Trans_0048
58,Manuf_0007,Trans_0049
59,Manuf_0007,Trans_0050
60,Manuf_0007,Trans_0051
61,Manuf_0007,Trans_0052
62,Manuf_0007,Trans_0053
63,Manuf_0007,Trans_0054
64,Manuf_0008,Trans_0055
65,Manuf_0008,Trans_0056
66,Manuf_0008,Trans_0057
67,Manuf_0008,Trans_0058
68,Manuf_0008,Trans_0059
69,Manuf_0008,Trans_0060
70,Manuf_0008,Trans_0061
71,Manuf_0008,Trans_0062
72,Manuf_0008,Trans_0063
73,Manuf_0009,Trans_0064
74,Manuf_0009,Trans_0065
75,Manuf_0009,Trans_0066
76,Manuf_0009,Trans_0067
77,Manuf_0009,Trans_0068
78,Manuf_0009,Trans_0069
79,Manuf_0009,Trans_0070
80,Manuf_0009,Trans_0071
81,Manuf_0009,Trans_0072
82,Manuf_0010,Trans_0073
83,Manuf_0010,Trans_0074
84,Manuf_0010,Trans_0075
85,Manuf_0010,Trans_0076
86,Manuf_0010,Trans_0077
87,Manuf_0010,Trans_0078
88,Manuf_0010,Trans_0079
89,Manuf_0010,Trans_0080
90,Manuf_0010,Trans_0480
91,Manuf_0011,Trans_0081
92,Manuf_0011,Trans_0082
93,Manuf_0011,Trans_0083
94,Manuf_0011,Trans_0084
95,Manuf_0011,Trans_0085
96,Manuf_0011,Trans_0556
97,Manuf_0011,Trans_0557
98,Manuf_0011,Trans_0558
99,Manuf_0011,Trans_0559
100,Manuf_0012,Trans_0086
101,Manuf_0012,Trans_0087
102,Manuf_0012,Trans_0088
103,Manuf_0012,Trans_0089
104,Manuf_0012,Trans_0090
105,Manuf_0012,Trans_0091
106,Manuf_0012,Trans_0092
107,Manuf_0012,Trans_0093
108,Manuf_0012,Trans_0094
109,Manuf_0013,Trans_0095
110,Manuf_0013,Trans_0096
111,Manuf_0013,Trans_0097
112,Manuf_0013,Trans_0098
113,Manuf_0013,Trans_0099
114,Manuf_0013,Trans_0100
115,Manuf_0013,Trans_0101
116,Manuf_0013,Trans_0102
117,Manuf_0013,Trans_0103
118,Manuf_0013,Trans_0104
119,Manuf_0014,Trans_0105
120,Manuf_0014,Trans_0106
121,Manuf_0014,Trans_0107
122,Manuf_0014,Trans_0108
123,Manuf_0014,Trans_0109
124,Manuf_0014,Trans_0110
125,Manuf_0014,Trans_0111
126,Manuf_0014,Trans_0112
127,Manuf_0014,Trans_0113
128,Manuf_0015,Trans_0114
129,Manuf_0015,Trans_0115
130,Manuf_0015,Trans_0116
131,Manuf_0015,Trans_0117
132,Manuf_0015,Trans_0118
133,Manuf_0015,Trans_0119
134,Manuf_0015,Trans_0120
135,Manuf_0015,Trans_0121
136,Manuf_0015,Trans_0122
137,Manuf_0016,Trans_0123
138,Manuf_0016,Trans_0124
139,Manuf_0016,Trans_0125
140,Manuf_0016,Trans_0126
141,Manuf_0016,Trans_0127
142,Manuf_0016,Trans_0128
143,Manuf_0016,Trans_0247
144,Manuf_0016,Trans_0248
145,Manuf_0016,Trans_0249
146,Manuf_0016,Trans_0250
147,Manuf_0017,Trans_0136
148,Manuf_0017,Trans_0137
149,Manuf_0017,Trans_0138
150,Manuf_0017,Trans_0139
151,Manuf_0017,Trans_0140
152,Manuf_0017,Trans_0141
153,Manuf_0017,Trans_0142
154,Manuf_0017,Trans_0143
155,Manuf_0017,Trans_0144
156,Manuf_0017,Trans_0145
157,Manuf_0018,Trans_0146
158,Manuf_0018,Trans_0147
159,Manuf_0018,Trans_0148
160,Manuf_0018,Trans_0149
161,Manuf_0018,Trans_0150
162,Manuf_0018,Trans_0151
163,Manuf_0018,Trans_0152
164,Manuf_0018,Trans_0153
165,Manuf_0018,Trans_0154
166,Manuf_0019,Trans_0155
167,Manuf_0019,Trans_0156
168,Manuf_0019,Trans_0157
169,Manuf_0019,Trans_0158
170,Manuf_0019,Trans_0159
171,Manuf_0019,Trans_0160
172,Manuf_0019,Trans_0161
173,Manuf_0019,Trans_0162
174,Manuf_0019,Trans_0163
175,Manuf_0020,Trans_0164
176,Manuf_0020,Trans_0165
177,Manuf_0020,Trans_0166
178,Manuf_0020,Trans_0167
179,Manuf_0020,Trans_0168
180,Manuf_0020,Trans_0169
181,Manuf_0020,Trans_0170
182,Manuf_0020,Trans_0171
183,Manuf_0020,Trans_0172
184,Manuf_0021,Trans_0173
185,Manuf_0021,Trans_0174
186,Manuf_0021,Trans_0175
187,Manuf_0021,Trans_0176
188,Manuf_0021,Trans_0177
189,Manuf_0021,Trans_0178
190,Manuf_0021,Trans_0179
191,Manuf_0021,Trans_0180
192,Manuf_0021,Trans_0181
193,Manuf_0022,Trans_0182
194,Manuf_0022,Trans_0183
195,Manuf_0022,Trans_0184
196,Manuf_0022,Trans_0185
197,Manuf_0022,Trans_0186
198,Manuf_0022,Trans_0187
199,Manuf_0022,Trans_0188
200,Manuf_0022,Trans_0189
201,Manuf_0022,Trans_0190
202,Manuf_0023,Trans_0191
203,Manuf_0024,Trans_0192
204,Manuf_0025,Trans_0193
205,Manuf_0026,Trans_0194
206,Manuf_0027,Trans_0195
207,Manuf_0027,Trans_0196
208,Manuf_0028,Trans_0197
209,Manuf_0029,Trans_0198
210,Manuf_0029,Trans_0199
211,Manuf_0029,Trans_0200
212,Manuf_0029,Trans_0201
213,Manuf_0029,Trans_0202
214,Manuf_0029,Trans_0203
215,Manuf_0029,Trans_0204
216,Manuf_0029,Trans_0205
217,Manuf_0029,Trans_0206
218,Manuf_0030,Trans_0207
219,Manuf_0030,Trans_0208
220,Manuf_0030,Trans_0209
221,Manuf_0030,Trans_0210
222,Manuf_0030,Trans_0211
223,Manuf_0030,Trans_0212
224,Manuf_0030,Trans_0213
225,Manuf_0030,Trans_0214
226,Manuf_0030,Trans_0215
227,Manuf_0031,Trans_0216
228,Manuf_0031,Trans_0217
229,Manuf_0031,Trans_0218
230,Manuf_0031,Trans_0219
231,Manuf_0031,Trans_0220
232,Manuf_0031,Trans_0221
233,Manuf_0031,Trans_0222
234,Manuf_0031,Trans_0223
235,Manuf_0031,Trans_0224
236,Manuf_0032,Trans_0225
237,Manuf_0032,Trans_0226
238,Manuf_0032,Trans_0227
239,Manuf_0032,Trans_0228
240,Manuf_0032,Trans_0229
241,Manuf_0032,Trans_0230
242,Manuf_0032,Trans_0231
243,Manuf_0032,Trans_0232
244,Manuf_0032,Trans_0233
245,Manuf_0033,Trans_0234
246,Manuf_0033,Trans_0235
247,Manuf_0033,Trans_0236
248,Manuf_0033,Trans_0237
249,Manuf_0033,Trans_0238
250,Manuf_0033,Trans_0239
251,Manuf_0033,Trans_0240
252,Manuf_0033,Trans_0241
253,Manuf_0033,Trans_0242
254,Manuf_0034,Trans_0243
255,Manuf_0034,Trans_0244
256,Manuf_0034,Trans_0245
257,Manuf_0034,Trans_0246
258,Manuf_0034,Trans_0506
259,Manuf_0034,Trans_0507
260,Manuf_0034,Trans_0508
261,Manuf_0034,Trans_0509
262,Manuf_0034,Trans_0510
263,Manuf_0035,Trans_0251
264,Manuf_0035,Trans_0252
265,Manuf_0035,Trans_0253
266,Manuf_0035,Trans_0254
267,Manuf_0035,Trans_0255
268,Manuf_0035,Trans_0256
269,Manuf_0035,Trans_0257
270,Manuf_0035,Trans_0258
271,Manuf_0035,Trans_0259
272,Manuf_0036,Trans_0260
273,Manuf_0036,Trans_0261
274,Manuf_0036,Trans_0262
275,Manuf_0036,Trans_0263
276,Manuf_0036,Trans_0264
277,Manuf_0036,Trans_0265
278,Manuf_0036,Trans_0266
279,Manuf_0036,Trans_0267
280,Manuf_0036,Trans_0268
281,Manuf_0037,Trans_0269
282,Manuf_0037,Trans_0270
283,Manuf_0037,Trans_0271
284,Manuf_0037,Trans_0272
285,Manuf_0037,Trans_0273
286,Manuf_0037,Trans_0274
287,Manuf_0037,Trans_0275
288,Manuf_0037,Trans_0276
289,Manuf_0037,Trans_0277
290,Manuf_0038,Trans_0278
291,Manuf_0038,Trans_0279
292,Manuf_0038,Trans_0280
293,Manuf_0038,Trans_0281
294,Manuf_0038,Trans_0282
295,Manuf_0038,Trans_0283
296,Manuf_0038,Trans_0284
297,Manuf_0038,Trans_0285
298,Manuf_0038,Trans_0286
299,Manuf_0039,Trans_0287
300,Manuf_0039,Trans_0288
301,Manuf_0039,Trans_0289
302,Manuf_0039,Trans_0290
303,Manuf_0039,Trans_0291
304,Manuf_0039,Trans_0292
305,Manuf_0039,Trans_0293
306,Manuf_0039,Trans_0294
307,Manuf_0039,Trans_0295
308,Manuf_0040,Trans_0296
309,Manuf_0040,Trans_0297
310,Manuf_0040,Trans_0298
311,Manuf_0040,Trans_0299
312,Manuf_0040,Trans_0300
313,Manuf_0040,Trans_0301
314,Manuf_0040,Trans_0302
315,Manuf_0040,Trans_0303
316,Manuf_0040,Trans_0304
317,Manuf_0041,Trans_0305
318,Manuf_0041,Trans_0306
319,Manuf_0041,Trans_0307
320,Manuf_0041,Trans_0308
321,Manuf_0041,Trans_0309
322,Manuf_0041,Trans_0310
323,Manuf_0041,Trans_0311
324,Manuf_0041,Trans_0312
325,Manuf_0041,Trans_0313
326,Manuf_0042,Trans_0314
327,Manuf_0042,Trans_0315
328,Manuf_0042,Trans_0316
329,Manuf_0042,Trans_0317
330,Manuf_0042,Trans_0318
331,Manuf_0042,Trans_0319
332,Manuf_0042,Trans_0320
333,Manuf_0042,Trans_0321
334,Manuf_0042,Trans_0322
335,Manuf_0043,Trans_0323
336,Manuf_0043,Trans_0324
337,Manuf_0043,Trans_0325
338,Manuf_0043,Trans_0326
339,Manuf_0043,Trans_0327
340,Manuf_0043,Trans_0328
341,Manuf_0043,Trans_0329
342,Manuf_0043,Trans_0330
343,Manuf_0043,Trans_0331
344,Manuf_0044,Trans_0332
345,Manuf_0044,Trans_0333
346,Manuf_0044,Trans_0334
347,Manuf_0044,Trans_0335
348,Manuf_0044,Trans_0336
349,Manuf_0044,Trans_0337
350,Manuf_0044,Trans_0338
351,Manuf_0044,Trans_0339
352,Manuf_0044,Trans_0340
353,Manuf_0045,Trans_0341
354,Manuf_0045,Trans_0342
355,Manuf_0045,Trans_0343
356,Manuf_0045,Trans_0344
357,Manuf_0045,Trans_0345
358,Manuf_0045,Trans_0346
359,Manuf_0045,Trans_0347
360,Manuf_0045,Trans_0348
361,Manuf_0045,Trans_0349
362,Manuf_0046,Trans_0352
363,Manuf_0046,Trans_0353
364,Manuf_0046,Trans_0354
365,Manuf_0046,Trans_0500
366,Manuf_0046,Trans_0501
367,Manuf_0046,Trans_0502
368,Manuf_0046,Trans_0503
369,Manuf_0046,Trans_0504
370,Manuf_0046,Trans_0505
371,Manuf_0047,Trans_0355
372,Manuf_0047,Trans_0356
373,Manuf_0047,Trans_0357
374,Manuf_0047,Trans_0358
375,Manuf_0047,Trans_0359
376,Manuf_0047,Trans_0360
377,Manuf_0047,Trans_0361
378,Manuf_0047,Trans_0362
379,Manuf_0047,Trans_0363
380,Manuf_0048,Trans_0364
381,Manuf_0048,Trans_0365
382,Manuf_0048,Trans_0366
383,Manuf_0048,Trans_0367
384,Manuf_0048,Trans_0368
385,Manuf_0048,Trans_0369
386,Manuf_0048,Trans_0370
387,Manuf_0048,Trans_0371
388,Manuf_0048,Trans_0372
389,Manuf_0049,Trans_0373
390,Manuf_0049,Trans_0374
391,Manuf_0049,Trans_0375
392,Manuf_0049,Trans_0376
393,Manuf_0049,Trans_0377
394,Manuf_0049,Trans_0378
395,Manuf_0049,Trans_0379
396,Manuf_0049,Trans_0380
397,Manuf_0049,Trans_0381
398,Manuf_0050,Trans_0382
399,Manuf_0050,Trans_0383
400,Manuf_0050,Trans_0384
401,Manuf_0050,Trans_0385
402,Manuf_0050,Trans_0386
403,Manuf_0050,Trans_0387
404,Manuf_0050,Trans_0388
405,Manuf_0050,Trans_0389
406,Manuf_0050,Trans_0390
407,Manuf_0051,Trans_0391
408,Manuf_0051,Trans_0392
409,Manuf_0051,Trans_0393
410,Manuf_0051,Trans_0394
411,Manuf_0051,Trans_0395
412,Manuf_0051,Trans_0396
413,Manuf_0051,Trans_0397
414,Manuf_0051,Trans_0398
415,Manuf_0051,Trans_0399
416,Manuf_0052,Trans_0400
417,Manuf_0052,Trans_0401
418,Manuf_0052,Trans_0402
419,Manuf_0052,Trans_0403
420,Manuf_0052,Trans_0404
421,Manuf_0052,Trans_0405
422,Manuf_0052,Trans_0406
423,Manuf_0052,Trans_0407
424,Manuf_0052,Trans_0408
425,Manuf_0053,Trans_0409
426,Manuf_0053,Trans_0410
427,Manuf_0053,Trans_0411
428,Manuf_0053,Trans_0412
429,Manuf_0053,Trans_0413
430,Manuf_0053,Trans_0414
431,Manuf_0053,Trans_0415
432,Manuf_0053,Trans_0416
433,Manuf_0053,Trans_0417
434,Manuf_0054,Trans_0418
435,Manuf_0054,Trans_0419
436,Manuf_0054,Trans_0420
437,Manuf_0054,Trans_0421
438,Manuf_0054,Trans_0422
439,Manuf_0054,Trans_0423
440,Manuf_0054,Trans_0424
441,Manuf_0054,Trans_0425
442,Manuf_0054,Trans_0426
443,Manuf_0054,Trans_0427
444,Manuf_0055,Trans_0428
445,Manuf_0055,Trans_0429
446,Manuf_0055,Trans_0430
447,Manuf_0055,Trans_0431
448,Manuf_0055,Trans_0432
449,Manuf_0055,Trans_0433
450,Manuf_0055,Trans_0434
451,Manuf_0055,Trans_0435
452,Manuf_0055,Trans_0436
453,Manuf_0056,Trans_0437
454,Manuf_0056,Trans_0438
455,Manuf_0056,Trans_0439
456,Manuf_0056,Trans_0440
457,Manuf_0056,Trans_0441
458,Manuf_0056,Trans_0442
459,Manuf_0056,Trans_0443
460,Manuf_0056,Trans_0444
461,Manuf_0056,Trans_0445
462,Manuf_0057,Trans_0446
463,Manuf_0057,Trans_0447
464,Manuf_0057,Trans_0448
465,Manuf_0057,Trans_0449
466,Manuf_0057,Trans_0450
467,Manuf_0057,Trans_0451
468,Manuf_0057,Trans_0452
469,Manuf_0057,Trans_0453
470,Manuf_0057,Trans_0454
471,Manuf_0057,Trans_0455
472,Manuf_0058,Trans_0457
473,Manuf_0059,Trans_0458
474,Manuf_0060,Trans_0459
475,Manuf_0061,Trans_0460
476,Manuf_0062,Trans_0461
477,Manuf_0063,Trans_0462
478,Manuf_0064,Trans_0463
479,Manuf_0065,Trans_0464
480,Manuf_0066,Trans_0465
481,Manuf_0067,Trans_0466
482,Manuf_0068,Trans_0467
483,Manuf_0069,Trans_0468
484,Manuf_0070,Trans_0469
485,Manuf_0071,Trans_0470
486,Manuf_0072,Trans_0471
487,Manuf_0073,Trans_0472
488,Manuf_0074,Trans_0473
489,Manuf_0075,Trans_0474
490,Manuf_0076,Trans_0475
491,Manuf_0077,Trans_0476
492,Manuf_0078,Trans_0477
493,Manuf_0079,Trans_0478
494,Manuf_0080,Trans_0479
495,Manuf_0081,Trans_0481
496,Manuf_0081,Trans_0482
497,Manuf_0081,Trans_0483
498,Manuf_0081,Trans_0484
499,Manuf_0081,Trans_0485
500,Manuf_0081,Trans_0486
501,Manuf_0081,Trans_0487
502,Manuf_0081,Trans_0488
503,Manuf_0081,Trans_0489
504,Manuf_0082,Trans_0490
505,Manuf_0082,Trans_0491
506,Manuf_0082,Trans_0492
507,Manuf_0082,Trans_0493
508,Manuf_0082,Trans_0494
509,Manuf_0082,Trans_0495
510,Manuf_0082,Trans_0496
511,Manuf_0082,Trans_0497
512,Manuf_0082,Trans_0498
513,Manuf_0082,Trans_0499
514,Manuf_0083,Trans_0511
515,Manuf_0083,Trans_0512
516,Manuf_0083,Trans_0513
517,Manuf_0083,Trans_0514
518,Manuf_0083,Trans_0515
519,Manuf_0083,Trans_0516
520,Manuf_0083,Trans_0517
521,Manuf_0083,Trans_0518
522,Manuf_0083,Trans_0519
523,Manuf_0084,Trans_0520
524,Manuf_0084,Trans_0521
525,Manuf_0084,Trans_0522
526,Manuf_0084,Trans_0523
527,Manuf_0084,Trans_0524
528,Manuf_0084,Trans_0525
529,Manuf_0084,Trans_0526
530,Manuf_0084,Trans_0527
531,Manuf_0084,Trans_0528
532,Manuf_0085,Trans_0529
533,Manuf_0085,Trans_0530
534,Manuf_0085,Trans_0531
535,Manuf_0085,Trans_0532
536,Manuf_0085,Trans_0533
537,Manuf_0085,Trans_0534
538,Manuf_0085,Trans_0535
539,Manuf_0085,Trans_0536
540,Manuf_0085,Trans_0537
541,Manuf_0086,Trans_0538
542,Manuf_0086,Trans_0539
543,Manuf_0086,Trans_0540
544,Manuf_0086,Trans_0541
545,Manuf_0086,Trans_0542
546,Manuf_0086,Trans_0543
547,Manuf_0086,Trans_0544
548,Manuf_0086,Trans_0545
549,Manuf_0086,Trans_0546
550,Manuf_0087,Trans_0547
551,Manuf_0087,Trans_0548
552,Manuf_0087,Trans_0549
553,Manuf_0087,Trans_0550
554,Manuf_0087,Trans_0551
555,Manuf_0087,Trans_0552
556,Manuf_0087,Trans_0553
557,Manuf_0087,Trans_0554
558,Manuf_0087,Trans_0555
559,Part_0001,Manuf_0001
560,Part_0002,Manuf_0001
561,Part_0002,Manuf_0003
562,Part_0002,Manuf_0044
563,Part_0002,Manuf_0045
564,Part_0003,Manuf_0001
565,Part_0004,Manuf_0002
566,Part_0005,Manuf_0001
567,Part_0005,Manuf_0020
568,Part_0005,Manuf_0021
569,Part_0005,Manuf_0040
570,Part_0005,Manuf_0042
571,Part_0005,Manuf_0044
572,Part_0005,Manuf_0046
573,Part_0005,Manuf_0048
574,Part_0005,Manuf_0050
575,Part_0005,Manuf_0052
576,Part_0005,Manuf_0054
577,Part_0005,Manuf_0063
578,Part_0005,Manuf_0065
579,Part_0005,Manuf_0077
580,Part_0006,Manuf_0001
581,Part_0006,Manuf_0020
582,Part_0006,Manuf_0021
583,Part_0006,Manuf_0040
584,Part_0006,Manuf_0042
585,Part_0006,Manuf_0044
586,Part_0006,Manuf_0046
587,Part_0006,Manuf_0048
588,Part_0006,Manuf_0050
589,Part_0006,Manuf_0052
590,Part_0006,Manuf_0054
591,Part_0006,Manuf_0063
592,Part_0006,Manuf_0065
593,Part_0006,Manuf_0077
594,Part_0007,Manuf_0001
595,Part_0007,Manuf_0003
596,Part_0007,Manuf_0020
597,Part_0007,Manuf_0021
598,Part_0007,Manuf_0022
599,Part_0007,Manuf_0040
600,Part_0007,Manuf_0041
601,Part_0007,Manuf_0042
602,Part_0007,Manuf_0043
603,Part_0007,Manuf_0044
604,Part_0007,Manuf_0045
605,Part_0007,Manuf_0046
606,Part_0007,Manuf_0047
607,Part_0007,Manuf_0048
608,Part_0007,Manuf_0049
609,Part_0007,Manuf_0053
610,Part_0007,Manuf_0062
611,Part_0007,Manuf_0063
612,Part_0007,Manuf_0064
613,Part_0007,Manuf_0065
614,Part_0007,Manuf_0074
615,Part_0007,Manuf_0075
616,Part_0007,Manuf_0076
617,Part_0007,Manuf_0077
618,Part_0008,Manuf_0001
619,Part_0008,Manuf_0003
620,Part_0008,Manuf_0020
621,Part_0008,Manuf_0021
622,Part_0008,Manuf_0022
623,Part_0008,Manuf_0040
624,Part_0008,Manuf_0041
625,Part_0008,Manuf_0042
626,Part_0008,Manuf_0043
627,Part_0008,Manuf_0044
628,Part_0008,Manuf_0045
629,Part_0008,Manuf_0046
630,Part_0008,Manuf_0047
631,Part_0008,Manuf_0048
632,Part_0008,Manuf_0049
633,Part_0008,Manuf_0053
634,Part_0008,Manuf_0062
635,Part_0008,Manuf_0063
636,Part_0008,Manuf_0064
637,Part_0008,Manuf_0065
638,Part_0008,Manuf_0074
639,Part_0008,Manuf_0075
640,Part_0008,Manuf_0076
641,Part_0008,Manuf_0077
642,Part_0009,Manuf_0001
643,Part_0009,Manuf_0003
644,Part_0009,Manuf_0020
645,Part_0009,Manuf_0021
646,Part_0009,Manuf_0022
647,Part_0009,Manuf_0040
648,Part_0009,Manuf_0041
649,Part_0009,Manuf_0042
650,Part_0009,Manuf_0043
651,Part_0009,Manuf_0044
652,Part_0009,Manuf_0045
653,Part_0009,Manuf_0046
654,Part_0009,Manuf_0047
655,Part_0009,Manuf_0048
656,Part_0009,Manuf_0049
657,Part_0009,Manuf_0053
658,Part_0009,Manuf_0062
659,Part_0009,Manuf_0063
660,Part_0009,Manuf_0064
661,Part_0009,Manuf_0065
662,Part_0009,Manuf_0074
663,Part_0009,Manuf_0075
664,Part_0009,Manuf_0076
665,Part_0009,Manuf_0077
666,Part_0010,Manuf_0001
667,Part_0010,Manuf_0003
668,Part_0010,Manuf_0040
669,Part_0010,Manuf_0041
670,Part_0010,Manuf_0042
671,Part_0010,Manuf_0043
672,Part_0010,Manuf_0044
673,Part_0010,Manuf_0045
674,Part_0011,Manuf_0001
675,Part_0011,Manuf_0016
676,Part_0011,Manuf_0018
677,Part_0011,Manuf_0038
678,Part_0011,Manuf_0042
679,Part_0012,Manuf_0001
680,Part_0012,Manuf_0016
681,Part_0012,Manuf_0042
682,Part_0013,Manuf_0002
683,Part_0013,Manuf_0007
684,Part_0013,Manuf_0035
685,Part_0013,Manuf_0039
686,Part_0013,Manuf_0058
687,Part_0013,Manuf_0066
688,Part_0013,Manuf_0070
689,Part_0013,Manuf_0081
690,Part_0014,Manuf_0002
691,Part_0014,Manuf_0007
692,Part_0014,Manuf_0066
693,Part_0015,Manuf_0002
694,Part_0015,Manuf_0007
695,Part_0015,Manuf_0066
696,Part_0016,Manuf_0001
697,Part_0016,Manuf_0003
698,Part_0016,Manuf_0040
699,Part_0016,Manuf_0041
700,Part_0016,Manuf_0042
701,Part_0016,Manuf_0043
702,Part_0016,Manuf_0044
703,Part_0016,Manuf_0045
704,Part_0017,Manuf_0001
705,Part_0017,Manuf_0042
706,Part_0018,Manuf_0001
707,Part_0018,Manuf_0003
708,Part_0018,Manuf_0008
709,Part_0018,Manuf_0009
710,Part_0018,Manuf_0010
711,Part_0018,Manuf_0014
712,Part_0018,Manuf_0015
713,Part_0018,Manuf_0016
714,Part_0018,Manuf_0017
715,Part_0018,Manuf_0018
716,Part_0018,Manuf_0019
717,Part_0018,Manuf_0020
718,Part_0018,Manuf_0021
719,Part_0018,Manuf_0022
720,Part_0018,Manuf_0035
721,Part_0018,Manuf_0036
722,Part_0018,Manuf_0040
723,Part_0018,Manuf_0041
724,Part_0018,Manuf_0042
725,Part_0018,Manuf_0043
726,Part_0018,Manuf_0044
727,Part_0018,Manuf_0045
728,Part_0018,Manuf_0046
729,Part_0018,Manuf_0047
730,Part_0018,Manuf_0048
731,Part_0018,Manuf_0049
732,Part_0018,Manuf_0053
733,Part_0018,Manuf_0058
734,Part_0018,Manuf_0059
735,Part_0018,Manuf_0060
736,Part_0018,Manuf_0061
737,Part_0018,Manuf_0062
738,Part_0018,Manuf_0063
739,Part_0018,Manuf_0064
740,Part_0018,Manuf_0065
741,Part_0018,Manuf_0066
742,Part_0018,Manuf_0067
743,Part_0018,Manuf_0068
744,Part_0018,Manuf_0069
745,Part_0018,Manuf_0070
746,Part_0018,Manuf_0071
747,Part_0018,Manuf_0072
748,Part_0018,Manuf_0073
749,Part_0018,Manuf_0074
750,Part_0018,Manuf_0075
751,Part_0018,Manuf_0076
752,Part_0018,Manuf_0077
753,Part_0018,Manuf_0081
754,Part_0019,Manuf_0002
755,Part_0019,Manuf_0049
756,Part_0019,Manuf_0053
757,Part_0019,Manuf_0081
758,Part_0020,Manuf_0002
759,Part_0020,Manuf_0055
760,Part_0020,Manuf_0056
761,Part_0020,Manuf_0057
762,Part_0021,Manuf_0003
763,Part_0021,Manuf_0035
764,Part_0021,Manuf_0043
765,Part_0022,Manuf_0003
766,Part_0022,Manuf_0043
767,Part_0023,Manuf_0002
768,Part_0023,Manuf_0055
769,Part_0023,Manuf_0056
770,Part_0024,Manuf_0003
771,Part_0024,Manuf_0022
772,Part_0024,Manuf_0043
773,Part_0024,Manuf_0049
774,Part_0024,Manuf_0053
775,Part_0024,Manuf_0062
776,Part_0024,Manuf_0074
777,Part_0025,Manuf_0003
778,Part_0025,Manuf_0022
779,Part_0025,Manuf_0043
780,Part_0025,Manuf_0049
781,Part_0025,Manuf_0053
782,Part_0025,Manuf_0062
783,Part_0025,Manuf_0074
784,Part_0026,Manuf_0003
785,Part_0026,Manuf_0043
786,Part_0026,Manuf_0049
787,Part_0026,Manuf_0053
788,Part_0026,Manuf_0062
789,Part_0026,Manuf_0074
790,Part_0027,Manuf_0003
791,Part_0028,Manuf_0003
792,Part_0028,Manuf_0044
793,Part_0028,Manuf_0045
794,Part_0029,Manuf_0004
795,Part_0029,Manuf_0055
796,Part_0029,Manuf_0069
797,Part_0030,Manuf_0004
798,Part_0031,Manuf_0004
799,Part_0031,Manuf_0005
800,Part_0031,Manuf_0006
801,Part_0031,Manuf_0007
802,Part_0032,Manuf_0004
803,Part_0032,Manuf_0005
804,Part_0032,Manuf_0007
805,Part_0033,Manuf_0004
806,Part_0033,Manuf_0006
807,Part_0033,Manuf_0055
808,Part_0033,Manuf_0057
809,Part_0033,Manuf_0067
810,Part_0033,Manuf_0069
811,Part_0034,Manuf_0005
812,Part_0035,Manuf_0005
813,Part_0035,Manuf_0056
814,Part_0035,Manuf_0068
815,Part_0036,Manuf_0005
816,Part_0036,Manuf_0056
817,Part_0036,Manuf_0068
818,Part_0037,Manuf_0005
819,Part_0037,Manuf_0009
820,Part_0037,Manuf_0015
821,Part_0037,Manuf_0037
822,Part_0037,Manuf_0056
823,Part_0037,Manuf_0060
824,Part_0037,Manuf_0068
825,Part_0037,Manuf_0072
826,Part_0038,Manuf_0006
827,Part_0039,Manuf_0006
828,Part_0040,Manuf_0006
829,Part_0040,Manuf_0057
830,Part_0040,Manuf_0067
831,Part_0041,Manuf_0007
832,Part_0041,Manuf_0013
833,Part_0041,Manuf_0032
834,Part_0041,Manuf_0039
835,Part_0041,Manuf_0083
836,Part_0041,Manuf_0087
837,Part_0042,Manuf_0007
838,Part_0043,Manuf_0008
839,Part_0043,Manuf_0009
840,Part_0043,Manuf_0010
841,Part_0043,Manuf_0081
842,Part_0044,Manuf_0008
843,Part_0044,Manuf_0009
844,Part_0044,Manuf_0081
845,Part_0045,Manuf_0008
846,Part_0045,Manuf_0009
847,Part_0045,Manuf_0010
848,Part_0045,Manuf_0081
849,Part_0045,Manuf_0082
850,Part_0046,Manuf_0008
851,Part_0046,Manuf_0010
852,Part_0047,Manuf_0008
853,Part_0047,Manuf_0046
854,Part_0047,Manuf_0055
855,Part_0048,Manuf_0008
856,Part_0048,Manuf_0009
857,Part_0048,Manuf_0010
858,Part_0048,Manuf_0014
859,Part_0048,Manuf_0015
860,Part_0048,Manuf_0016
861,Part_0048,Manuf_0017
862,Part_0048,Manuf_0018
863,Part_0048,Manuf_0019
864,Part_0048,Manuf_0035
865,Part_0048,Manuf_0036
866,Part_0048,Manuf_0058
867,Part_0048,Manuf_0059
868,Part_0048,Manuf_0060
869,Part_0048,Manuf_0061
870,Part_0048,Manuf_0070
871,Part_0048,Manuf_0071
872,Part_0048,Manuf_0072
873,Part_0048,Manuf_0073
874,Part_0048,Manuf_0081
875,Part_0049,Manuf_0008
876,Part_0049,Manuf_0009
877,Part_0049,Manuf_0010
878,Part_0049,Manuf_0014
879,Part_0049,Manuf_0015
880,Part_0049,Manuf_0016
881,Part_0049,Manuf_0017
882,Part_0049,Manuf_0018
883,Part_0049,Manuf_0019
884,Part_0049,Manuf_0035
885,Part_0049,Manuf_0036
886,Part_0049,Manuf_0058
887,Part_0049,Manuf_0059
888,Part_0049,Manuf_0060
889,Part_0049,Manuf_0061
890,Part_0049,Manuf_0070
891,Part_0049,Manuf_0071
892,Part_0049,Manuf_0072
893,Part_0049,Manuf_0073
894,Part_0049,Manuf_0081
895,Part_0050,Manuf_0009
896,Part_0051,Manuf_0009
897,Part_0051,Manuf_0047
898,Part_0051,Manuf_0056
899,Part_0052,Manuf_0010
900,Part_0053,Manuf_0010
901,Part_0053,Manuf_0048
902,Part_0054,Manuf_0011
903,Part_0054,Manuf_0012
904,Part_0054,Manuf_0013
905,Part_0054,Manuf_0024
906,Part_0054,Manuf_0025
907,Part_0055,Manuf_0011
908,Part_0055,Manuf_0012
909,Part_0055,Manuf_0013
910,Part_0056,Manuf_0011
911,Part_0056,Manuf_0024
912,Part_0056,Manuf_0029
913,Part_0056,Manuf_0031
914,Part_0056,Manuf_0033
915,Part_0056,Manuf_0078
916,Part_0056,Manuf_0080
917,Part_0056,Manuf_0084
918,Part_0056,Manuf_0086
919,Part_0057,Manuf_0011
920,Part_0057,Manuf_0024
921,Part_0058,Manuf_0011
922,Part_0058,Manuf_0012
923,Part_0058,Manuf_0013
924,Part_0059,Manuf_0011
925,Part_0059,Manuf_0012
926,Part_0059,Manuf_0013
927,Part_0059,Manuf_0023
928,Part_0059,Manuf_0024
929,Part_0059,Manuf_0025
930,Part_0059,Manuf_0078
931,Part_0059,Manuf_0079
932,Part_0059,Manuf_0080
933,Part_0059,Manuf_0084
934,Part_0059,Manuf_0085
935,Part_0059,Manuf_0086
936,Part_0059,Manuf_0087
937,Part_0060,Manuf_0011
938,Part_0060,Manuf_0024
939,Part_0060,Manuf_0078
940,Part_0060,Manuf_0080
941,Part_0060,Manuf_0084
942,Part_0060,Manuf_0086
943,Part_0061,Manuf_0011
944,Part_0061,Manuf_0024
945,Part_0061,Manuf_0078
946,Part_0061,Manuf_0080
947,Part_0061,Manuf_0084
948,Part_0061,Manuf_0086
949,Part_0062,Manuf_0011
950,Part_0062,Manuf_0012
951,Part_0062,Manuf_0013
952,Part_0062,Manuf_0023
953,Part_0062,Manuf_0024
954,Part_0062,Manuf_0025
955,Part_0062,Manuf_0078
956,Part_0062,Manuf_0079
957,Part_0062,Manuf_0080
958,Part_0062,Manuf_0084
959,Part_0062,Manuf_0085
960,Part_0062,Manuf_0086
961,Part_0062,Manuf_0087
962,Part_0063,Manuf_0011
963,Part_0063,Manuf_0012
964,Part_0063,Manuf_0013
965,Part_0063,Manuf_0084
966,Part_0063,Manuf_0085
967,Part_0063,Manuf_0086
968,Part_0063,Manuf_0087
969,Part_0064,Manuf_0011
970,Part_0064,Manuf_0012
971,Part_0064,Manuf_0013
972,Part_0064,Manuf_0023
973,Part_0064,Manuf_0024
974,Part_0064,Manuf_0025
975,Part_0064,Manuf_0078
976,Part_0064,Manuf_0079
977,Part_0064,Manuf_0080
978,Part_0064,Manuf_0084
979,Part_0064,Manuf_0085
980,Part_0064,Manuf_0086
981,Part_0064,Manuf_0087
982,Part_0065,Manuf_0012
983,Part_0066,Manuf_0012
984,Part_0066,Manuf_0079
985,Part_0066,Manuf_0085
986,Part_0067,Manuf_0012
987,Part_0067,Manuf_0079
988,Part_0067,Manuf_0085
989,Part_0068,Manuf_0013
990,Part_0068,Manuf_0023
991,Part_0068,Manuf_0025
992,Part_0068,Manuf_0087
993,Part_0069,Manuf_0013
994,Part_0069,Manuf_0023
995,Part_0069,Manuf_0025
996,Part_0069,Manuf_0087
997,Part_0070,Manuf_0013
998,Part_0070,Manuf_0025
999,Part_0071,Manuf_0013
1000,Part_0071,Manuf_0025
1001,Part_0071,Manuf_0083
1002,Part_0072,Manuf_0013
1003,Part_0072,Manuf_0025
1004,Part_0072,Manuf_0083
1005,Part_0073,Manuf_0013
1006,Part_0073,Manuf_0025
1007,Part_0073,Manuf_0083
1008,Part_0074,Manuf_0014
1009,Part_0074,Manuf_0015
1010,Part_0074,Manuf_0016
1011,Part_0074,Manuf_0035
1012,Part_0074,Manuf_0036
1013,Part_0075,Manuf_0014
1014,Part_0076,Manuf_0014
1015,Part_0076,Manuf_0015
1016,Part_0076,Manuf_0016
1017,Part_0076,Manuf_0035
1018,Part_0077,Manuf_0014
1019,Part_0077,Manuf_0015
1020,Part_0077,Manuf_0035
1021,Part_0078,Manuf_0014
1022,Part_0078,Manuf_0036
1023,Part_0078,Manuf_0040
1024,Part_0078,Manuf_0044
1025,Part_0079,Manuf_0015
1026,Part_0080,Manuf_0015
1027,Part_0080,Manuf_0041
1028,Part_0080,Manuf_0045
1029,Part_0081,Manuf_0016
1030,Part_0082,Manuf_0016
1031,Part_0083,Manuf_0017
1032,Part_0084,Manuf_0017
1033,Part_0085,Manuf_0017
1034,Part_0085,Manuf_0020
1035,Part_0086,Manuf_0017
1036,Part_0086,Manuf_0018
1037,Part_0086,Manuf_0019
1038,Part_0087,Manuf_0017
1039,Part_0087,Manuf_0019
1040,Part_0088,Manuf_0017
1041,Part_0088,Manuf_0018
1042,Part_0088,Manuf_0019
1043,Part_0088,Manuf_0020
1044,Part_0088,Manuf_0021
1045,Part_0088,Manuf_0022
1046,Part_0089,Manuf_0017
1047,Part_0089,Manuf_0018
1048,Part_0089,Manuf_0019
1049,Part_0089,Manuf_0020
1050,Part_0089,Manuf_0021
1051,Part_0089,Manuf_0022
1052,Part_0089,Manuf_0070
1053,Part_0089,Manuf_0071
1054,Part_0089,Manuf_0072
1055,Part_0089,Manuf_0073
1056,Part_0090,Manuf_0018
1057,Part_0091,Manuf_0018
1058,Part_0092,Manuf_0018
1059,Part_0092,Manuf_0021
1060,Part_0093,Manuf_0019
1061,Part_0094,Manuf_0019
1062,Part_0095,Manuf_0019
1063,Part_0095,Manuf_0022
1064,Part_0096,Manuf_0020
1065,Part_0097,Manuf_0020
1066,Part_0097,Manuf_0022
1067,Part_0098,Manuf_0020
1068,Part_0098,Manuf_0021
1069,Part_0098,Manuf_0022
1070,Part_0099,Manuf_0020
1071,Part_0100,Manuf_0020
1072,Part_0101,Manuf_0020
1073,Part_0101,Manuf_0021
1074,Part_0101,Manuf_0022
1075,Part_0101,Manuf_0074
1076,Part_0101,Manuf_0075
1077,Part_0101,Manuf_0076
1078,Part_0101,Manuf_0077
1079,Part_0102,Manuf_0021
1080,Part_0103,Manuf_0021
1081,Part_0104,Manuf_0021
1082,Part_0105,Manuf_0021
1083,Part_0106,Manuf_0022
1084,Part_0107,Manuf_0022
1085,Part_0108,Manuf_0022
1086,Part_0109,Manuf_0024
1087,Part_0109,Manuf_0026
1088,Part_0109,Manuf_0078
1089,Part_0110,Manuf_0023
1090,Part_0110,Manuf_0024
1091,Part_0110,Manuf_0025
1092,Part_0110,Manuf_0078
1093,Part_0110,Manuf_0079
1094,Part_0110,Manuf_0080
1095,Part_0111,Manuf_0023
1096,Part_0111,Manuf_0078
1097,Part_0111,Manuf_0079
1098,Part_0112,Manuf_0023
1099,Part_0112,Manuf_0078
1100,Part_0112,Manuf_0079
1101,Part_0112,Manuf_0080
1102,Part_0113,Manuf_0023
1103,Part_0113,Manuf_0078
1104,Part_0113,Manuf_0079
1105,Part_0113,Manuf_0080
1106,Part_0113,Manuf_0084
1107,Part_0113,Manuf_0085
1108,Part_0113,Manuf_0086
1109,Part_0113,Manuf_0087
1110,Part_0114,Manuf_0023
1111,Part_0114,Manuf_0024
1112,Part_0114,Manuf_0025
1113,Part_0114,Manuf_0078
1114,Part_0114,Manuf_0079
1115,Part_0114,Manuf_0080
1116,Part_0115,Manuf_0023
1117,Part_0115,Manuf_0087
1118,Part_0116,Manuf_0023
1119,Part_0116,Manuf_0029
1120,Part_0116,Manuf_0030
1121,Part_0116,Manuf_0032
1122,Part_0116,Manuf_0078
1123,Part_0116,Manuf_0079
1124,Part_0116,Manuf_0084
1125,Part_0116,Manuf_0085
1126,Part_0116,Manuf_0087
1127,Part_0117,Manuf_0023
1128,Part_0117,Manuf_0025
1129,Part_0117,Manuf_0028
1130,Part_0118,Manuf_0024
1131,Part_0118,Manuf_0025
1132,Part_0119,Manuf_0024
1133,Part_0119,Manuf_0025
1134,Part_0120,Manuf_0026
1135,Part_0120,Manuf_0036
1136,Part_0121,Manuf_0026
1137,Part_0121,Manuf_0027
1138,Part_0121,Manuf_0028
1139,Part_0122,Manuf_0026
1140,Part_0122,Manuf_0028
1141,Part_0123,Manuf_0027
1142,Part_0124,Manuf_0027
1143,Part_0125,Manuf_0027
1144,Part_0125,Manuf_0038
1145,Part_0126,Manuf_0028
1146,Part_0127,Manuf_0029
1147,Part_0127,Manuf_0031
1148,Part_0127,Manuf_0033
1149,Part_0128,Manuf_0027
1150,Part_0129,Manuf_0028
1151,Part_0129,Manuf_0039
1152,Part_0130,Manuf_0029
1153,Part_0130,Manuf_0030
1154,Part_0130,Manuf_0032
1155,Part_0131,Manuf_0029
1156,Part_0131,Manuf_0030
1157,Part_0131,Manuf_0031
1158,Part_0131,Manuf_0032
1159,Part_0132,Manuf_0029
1160,Part_0132,Manuf_0030
1161,Part_0132,Manuf_0032
1162,Part_0132,Manuf_0033
1163,Part_0132,Manuf_0034
1164,Part_0132,Manuf_0083
1165,Part_0133,Manuf_0029
1166,Part_0133,Manuf_0030
1167,Part_0133,Manuf_0031
1168,Part_0133,Manuf_0032
1169,Part_0133,Manuf_0033
1170,Part_0133,Manuf_0034
1171,Part_0133,Manuf_0083
1172,Part_0134,Manuf_0029
1173,Part_0134,Manuf_0030
1174,Part_0134,Manuf_0031
1175,Part_0134,Manuf_0032
1176,Part_0135,Manuf_0029
1177,Part_0135,Manuf_0078
1178,Part_0135,Manuf_0084
1179,Part_0136,Manuf_0029
1180,Part_0136,Manuf_0031
1181,Part_0136,Manuf_0078
1182,Part_0136,Manuf_0080
1183,Part_0136,Manuf_0084
1184,Part_0136,Manuf_0086
1185,Part_0137,Manuf_0029
1186,Part_0137,Manuf_0031
1187,Part_0137,Manuf_0033
1188,Part_0138,Manuf_0029
1189,Part_0138,Manuf_0031
1190,Part_0138,Manuf_0033
1191,Part_0139,Manuf_0004
1192,Part_0139,Manuf_0011
1193,Part_0139,Manuf_0029
1194,Part_0139,Manuf_0033
1195,Part_0139,Manuf_0084
1196,Part_0140,Manuf_0030
1197,Part_0140,Manuf_0034
1198,Part_0141,Manuf_0012
1199,Part_0141,Manuf_0030
1200,Part_0141,Manuf_0034
1201,Part_0141,Manuf_0079
1202,Part_0141,Manuf_0085
1203,Part_0142,Manuf_0030
1204,Part_0142,Manuf_0079
1205,Part_0142,Manuf_0085
1206,Part_0143,Manuf_0030
1207,Part_0143,Manuf_0079
1208,Part_0143,Manuf_0085
1209,Part_0144,Manuf_0030
1210,Part_0144,Manuf_0034
1211,Part_0145,Manuf_0030
1212,Part_0145,Manuf_0034
1213,Part_0146,Manuf_0005
1214,Part_0146,Manuf_0012
1215,Part_0146,Manuf_0030
1216,Part_0146,Manuf_0034
1217,Part_0146,Manuf_0037
1218,Part_0146,Manuf_0085
1219,Part_0147,Manuf_0031
1220,Part_0147,Manuf_0080
1221,Part_0147,Manuf_0086
1222,Part_0148,Manuf_0031
1223,Part_0149,Manuf_0031
1224,Part_0150,Manuf_0031
1225,Part_0150,Manuf_0080
1226,Part_0150,Manuf_0086
1227,Part_0151,Manuf_0031
1228,Part_0151,Manuf_0080
1229,Part_0151,Manuf_0086
1230,Part_0152,Manuf_0031
1231,Part_0152,Manuf_0080
1232,Part_0152,Manuf_0086
1233,Part_0153,Manuf_0006
1234,Part_0153,Manuf_0031
1235,Part_0153,Manuf_0038
1236,Part_0153,Manuf_0080
1237,Part_0153,Manuf_0086
1238,Part_0154,Manuf_0032
1239,Part_0154,Manuf_0083
1240,Part_0155,Manuf_0013
1241,Part_0155,Manuf_0023
1242,Part_0155,Manuf_0025
1243,Part_0155,Manuf_0032
1244,Part_0155,Manuf_0083
1245,Part_0155,Manuf_0087
1246,Part_0156,Manuf_0023
1247,Part_0156,Manuf_0032
1248,Part_0156,Manuf_0087
1249,Part_0157,Manuf_0023
1250,Part_0157,Manuf_0032
1251,Part_0157,Manuf_0087
1252,Part_0158,Manuf_0032
1253,Part_0158,Manuf_0083
1254,Part_0159,Manuf_0032
1255,Part_0159,Manuf_0083
1256,Part_0160,Manuf_0033
1257,Part_0160,Manuf_0034
1258,Part_0160,Manuf_0083
1259,Part_0161,Manuf_0033
1260,Part_0161,Manuf_0034
1261,Part_0161,Manuf_0083
1262,Part_0162,Manuf_0033
1263,Part_0162,Manuf_0034
1264,Part_0162,Manuf_0083
1265,Part_0163,Manuf_0011
1266,Part_0163,Manuf_0024
1267,Part_0163,Manuf_0033
1268,Part_0164,Manuf_0011
1269,Part_0164,Manuf_0024
1270,Part_0164,Manuf_0033
1271,Part_0165,Manuf_0012
1272,Part_0165,Manuf_0034
1273,Part_0166,Manuf_0011
1274,Part_0166,Manuf_0024
1275,Part_0166,Manuf_0033
1276,Part_0167,Manuf_0012
1277,Part_0167,Manuf_0034
1278,Part_0168,Manuf_0012
1279,Part_0168,Manuf_0034
1280,Part_0169,Manuf_0035
1281,Part_0170,Manuf_0036
1282,Part_0171,Manuf_0036
1283,Part_0171,Manuf_0037
1284,Part_0171,Manuf_0038
1285,Part_0171,Manuf_0039
1286,Part_0172,Manuf_0037
1287,Part_0172,Manuf_0039
1288,Part_0173,Manuf_0037
1289,Part_0174,Manuf_0038
1290,Part_0175,Manuf_0040
1291,Part_0175,Manuf_0044
1292,Part_0176,Manuf_0040
1293,Part_0176,Manuf_0041
1294,Part_0176,Manuf_0043
1295,Part_0177,Manuf_0040
1296,Part_0177,Manuf_0041
1297,Part_0177,Manuf_0042
1298,Part_0177,Manuf_0043
1299,Part_0178,Manuf_0040
1300,Part_0179,Manuf_0040
1301,Part_0179,Manuf_0044
1302,Part_0180,Manuf_0040
1303,Part_0180,Manuf_0044
1304,Part_0181,Manuf_0040
1305,Part_0181,Manuf_0044
1306,Part_0182,Manuf_0041
1307,Part_0183,Manuf_0041
1308,Part_0183,Manuf_0045
1309,Part_0184,Manuf_0041
1310,Part_0184,Manuf_0045
1311,Part_0184,Manuf_0047
1312,Part_0184,Manuf_0051
1313,Part_0184,Manuf_0064
1314,Part_0184,Manuf_0076
1315,Part_0185,Manuf_0041
1316,Part_0185,Manuf_0045
1317,Part_0185,Manuf_0047
1318,Part_0185,Manuf_0051
1319,Part_0185,Manuf_0064
1320,Part_0185,Manuf_0076
1321,Part_0186,Manuf_0041
1322,Part_0186,Manuf_0045
1323,Part_0186,Manuf_0047
1324,Part_0186,Manuf_0051
1325,Part_0186,Manuf_0064
1326,Part_0186,Manuf_0076
1327,Part_0187,Manuf_0042
1328,Part_0188,Manuf_0042
1329,Part_0189,Manuf_0043
1330,Part_0190,Manuf_0044
1331,Part_0191,Manuf_0045
1332,Part_0192,Manuf_0046
1333,Part_0193,Manuf_0046
1334,Part_0193,Manuf_0047
1335,Part_0193,Manuf_0048
1336,Part_0193,Manuf_0049
1337,Part_0194,Manuf_0046
1338,Part_0194,Manuf_0047
1339,Part_0194,Manuf_0049
1340,Part_0194,Manuf_0053
1341,Part_0195,Manuf_0046
1342,Part_0195,Manuf_0047
1343,Part_0195,Manuf_0048
1344,Part_0195,Manuf_0049
1345,Part_0195,Manuf_0053
1346,Part_0196,Manuf_0046
1347,Part_0196,Manuf_0048
1348,Part_0196,Manuf_0050
1349,Part_0196,Manuf_0052
1350,Part_0196,Manuf_0054
1351,Part_0197,Manuf_0047
1352,Part_0198,Manuf_0047
1353,Part_0198,Manuf_0051
1354,Part_0199,Manuf_0048
1355,Part_0200,Manuf_0048
1356,Part_0201,Manuf_0049
1357,Part_0202,Manuf_0049
1358,Part_0202,Manuf_0053
1359,Part_0203,Manuf_0050
1360,Part_0203,Manuf_0052
1361,Part_0204,Manuf_0050
1362,Part_0205,Manuf_0050
1363,Part_0205,Manuf_0051
1364,Part_0205,Manuf_0052
1365,Part_0205,Manuf_0053
1366,Part_0205,Manuf_0054
1367,Part_0206,Manuf_0050
1368,Part_0206,Manuf_0051
1369,Part_0207,Manuf_0051
1370,Part_0208,Manuf_0051
1371,Part_0209,Manuf_0052
1372,Part_0209,Manuf_0054
1373,Part_0210,Manuf_0052
1374,Part_0211,Manuf_0053
1375,Part_0212,Manuf_0054
1376,Part_0213,Manuf_0054
1377,Part_0213,Manuf_0082
1378,Part_0214,Manuf_0055
1379,Part_0215,Manuf_0056
1380,Part_0216,Manuf_0057
1381,Part_0217,Manuf_0057
1382,Part_0218,Manuf_0057
1383,Part_0219,Manuf_0058
1384,Part_0220,Manuf_0058
1385,Part_0220,Manuf_0062
1386,Part_0220,Manuf_0066
1387,Part_0221,Manuf_0058
1388,Part_0222,Manuf_0058
1389,Part_0222,Manuf_0059
1390,Part_0222,Manuf_0060
1391,Part_0222,Manuf_0061
1392,Part_0222,Manuf_0062
1393,Part_0222,Manuf_0063
1394,Part_0222,Manuf_0064
1395,Part_0222,Manuf_0065
1396,Part_0222,Manuf_0066
1397,Part_0222,Manuf_0067
1398,Part_0222,Manuf_0068
1399,Part_0222,Manuf_0069
1400,Part_0222,Manuf_0074
1401,Part_0222,Manuf_0075
1402,Part_0222,Manuf_0076
1403,Part_0222,Manuf_0077
1404,Part_0223,Manuf_0059
1405,Part_0223,Manuf_0060
1406,Part_0223,Manuf_0061
1407,Part_0224,Manuf_0060
1408,Part_0225,Manuf_0060
1409,Part_0225,Manuf_0064
1410,Part_0225,Manuf_0068
1411,Part_0226,Manuf_0059
1412,Part_0226,Manuf_0061
1413,Part_0227,Manuf_0061
1414,Part_0227,Manuf_0065
1415,Part_0227,Manuf_0069
1416,Part_0228,Manuf_0063
1417,Part_0228,Manuf_0065
1418,Part_0229,Manuf_0063
1419,Part_0229,Manuf_0065
1420,Part_0229,Manuf_0077
1421,Part_0230,Manuf_0062
1422,Part_0231,Manuf_0062
1423,Part_0231,Manuf_0063
1424,Part_0231,Manuf_0064
1425,Part_0231,Manuf_0065
1426,Part_0232,Manuf_0062
1427,Part_0232,Manuf_0063
1428,Part_0232,Manuf_0064
1429,Part_0232,Manuf_0065
1430,Part_0233,Manuf_0064
1431,Part_0234,Manuf_0064
1432,Part_0234,Manuf_0076
1433,Part_0235,Manuf_0068
1434,Part_0236,Manuf_0069
1435,Part_0237,Manuf_0066
1436,Part_0238,Manuf_0066
1437,Part_0238,Manuf_0067
1438,Part_0238,Manuf_0068
1439,Part_0238,Manuf_0069
1440,Part_0239,Manuf_0066
1441,Part_0239,Manuf_0067
1442,Part_0239,Manuf_0068
1443,Part_0239,Manuf_0069
1444,Part_0240,Manuf_0067
1445,Part_0241,Manuf_0066
1446,Part_0241,Manuf_0067
1447,Part_0241,Manuf_0068
1448,Part_0241,Manuf_0069
1449,Part_0242,Manuf_0059
1450,Part_0242,Manuf_0063
1451,Part_0242,Manuf_0067
1452,Part_0243,Manuf_0070
1453,Part_0243,Manuf_0071
1454,Part_0243,Manuf_0072
1455,Part_0243,Manuf_0073
1456,Part_0243,Manuf_0074
1457,Part_0243,Manuf_0075
1458,Part_0243,Manuf_0076
1459,Part_0243,Manuf_0077
1460,Part_0244,Manuf_0070
1461,Part_0244,Manuf_0071
1462,Part_0244,Manuf_0072
1463,Part_0244,Manuf_0073
1464,Part_0245,Manuf_0070
1465,Part_0246,Manuf_0070
1466,Part_0246,Manuf_0074
1467,Part_0247,Manuf_0071
1468,Part_0248,Manuf_0071
1469,Part_0249,Manuf_0072
1470,Part_0250,Manuf_0072
1471,Part_0250,Manuf_0076
1472,Part_0251,Manuf_0073
1473,Part_0252,Manuf_0073
1474,Part_0252,Manuf_0077
1475,Part_0253,Manuf_0074
1476,Part_0253,Manuf_0075
1477,Part_0253,Manuf_0076
1478,Part_0253,Manuf_0077
1479,Part_0254,Manuf_0074
1480,Part_0255,Manuf_0062
1481,Part_0255,Manuf_0074
1482,Part_0256,Manuf_0075
1483,Part_0257,Manuf_0075
1484,Part_0258,Manuf_0071
1485,Part_0258,Manuf_0075
1486,Part_0259,Manuf_0075
1487,Part_0260,Manuf_0075
1488,Part_0261,Manuf_0075
1489,Part_0262,Manuf_0076
1490,Part_0263,Manuf_0077
1491,Part_0264,Manuf_0078
1492,Part_0264,Manuf_0084
1493,Part_0265,Manuf_0079
1494,Part_0266,Manuf_0080
1495,Part_0267,Manuf_0079
1496,Part_0267,Manuf_0085
1497,Part_0268,Manuf_0080
1498,Part_0268,Manuf_0086
1499,Part_0269,Manuf_0081
1500,Part_0270,Manuf_0082
1501,Part_0271,Manuf_0082
1502,Part_0272,Manuf_0084
1503,Part_0272,Manuf_0085
1504,Part_0272,Manuf_0086
1505,Part_0272,Manuf_0087
1506,Part_0273,Manuf_0084
1507,Part_0273,Manuf_0085
1508,Part_0273,Manuf_0087
1509,Part_0274,Manuf_0086
1510,Trans_0001,Retail_0001
1511,Trans_0002,Retail_0002
1512,Trans_0003,Retail_0003
1513,Trans_0004,Retail_0004
1514,Trans_0005,Retail_0005
1515,Trans_0006,Retail_0006
1516,Trans_0007,Retail_0007
1517,Trans_0008,Retail_0008
1518,Trans_0009,Retail_0009
1519,Trans_0010,Retail_0010
1520,Trans_0011,Retail_0011
1521,Trans_0012,Retail_0012
1522,Trans_0013,Retail_0013
1523,Trans_0014,Retail_0014
1524,Trans_0015,Retail_0015
1525,Trans_0016,Retail_0016
1526,Trans_0017,Retail_0017
1527,Trans_0018,Retail_0018
1528,Trans_0019,Retail_0019
1529,Trans_0020,Retail_0020
1530,Trans_0021,Retail_0021
1531,Trans_0022,Retail_0022
1532,Trans_0023,Retail_0023
1533,Trans_0024,Retail_0024
1534,Trans_0025,Retail_0025
1535,Trans_0026,Retail_0026
1536,Trans_0027,Retail_0027
1537,Trans_0028,Retail_0028
1538,Trans_0029,Retail_0029
1539,Trans_0030,Retail_0030
1540,Trans_0031,Dist_0001
1541,Trans_0032,Retail_0031
1542,Trans_0033,Retail_0032
1543,Trans_0034,Retail_0033
1544,Trans_0035,Retail_0034
1545,Trans_0036,Retail_0035
1546,Trans_0037,Retail_0036
1547,Trans_0038,Retail_0037
1548,Trans_0039,Retail_0038
1549,Trans_0040,Retail_0039
1550,Trans_0041,Retail_0040
1551,Trans_0042,Retail_0041
1552,Trans_0043,Retail_0042
1553,Trans_0044,Retail_0043
1554,Trans_0045,Retail_0044
1555,Trans_0046,Retail_0045
1556,Trans_0047,Retail_0046
1557,Trans_0048,Retail_0047
1558,Trans_0049,Retail_0048
1559,Trans_0050,Retail_0049
1560,Trans_0051,Retail_0050
1561,Trans_0052,Retail_0051
1562,Trans_0053,Retail_0052
1563,Trans_0054,Retail_0053
1564,Trans_0055,Retail_0054
1565,Trans_0056,Retail_0055
1566,Trans_0057,Retail_0056
1567,Trans_0058,Retail_0057
1568,Trans_0059,Retail_0058
1569,Trans_0060,Retail_0059
1570,Trans_0061,Retail_0060
1571,Trans_0062,Retail_0061
1572,Trans_0063,Retail_0062
1573,Trans_0064,Retail_0063
1574,Trans_0065,Retail_0064
1575,Trans_0066,Retail_0065
1576,Trans_0067,Retail_0066
1577,Trans_0068,Retail_0067
1578,Trans_0069,Retail_0068
1579,Trans_0070,Retail_0069
1580,Trans_0071,Retail_0070
1581,Trans_0072,Retail_0071
1582,Trans_0073,Retail_0072
1583,Trans_0074,Retail_0073
1584,Trans_0075,Retail_0074
1585,Trans_0076,Retail_0075
1586,Trans_0077,Retail_0076
1587,Trans_0078,Retail_0077
1588,Trans_0079,Retail_0078
1589,Trans_0080,Retail_0079
1590,Trans_0081,Retail_0080
1591,Trans_0082,Retail_0081
1592,Trans_0083,Retail_0082
1593,Trans_0084,Retail_0083
1594,Trans_0085,Retail_0084
1595,Trans_0086,Retail_0085
1596,Trans_0087,Retail_0086
1597,Trans_0088,Retail_0087
1598,Trans_0089,Retail_0088
1599,Trans_0090,Retail_0089
1600,Trans_0091,Retail_0090
1601,Trans_0092,Retail_0091
1602,Trans_0093,Retail_0092
1603,Trans_0094,Retail_0093
1604,Trans_0095,Retail_0094
1605,Trans_0096,Retail_0095
1606,Trans_0097,Retail_0096
1607,Trans_0098,Retail_0097
1608,Trans_0099,Dist_0002
1609,Trans_0100,Retail_0098
1610,Trans_0101,Retail_0099
1611,Trans_0102,Retail_0100
1612,Trans_0103,Retail_0101
1613,Trans_0104,Retail_0102
1614,Trans_0105,Retail_0103
1615,Trans_0106,Retail_0104
1616,Trans_0107,Retail_0105
1617,Trans_0108,Retail_0106
1618,Trans_0109,Retail_0107
1619,Trans_0110,Retail_0108
1620,Trans_0111,Retail_0109
1621,Trans_0112,Retail_0110
1622,Trans_0113,Retail_0111
1623,Trans_0114,Retail_0112
1624,Trans_0115,Retail_0113
1625,Trans_0116,Retail_0114
1626,Trans_0117,Retail_0115
1627,Trans_0118,Retail_0116
1628,Trans_0119,Retail_0117
1629,Trans_0120,Retail_0118
1630,Trans_0121,Retail_0119
1631,Trans_0122,Retail_0120
1632,Trans_0123,Retail_0121
1633,Trans_0124,Retail_0122
1634,Trans_0125,Retail_0123
1635,Trans_0126,Retail_0124
1636,Trans_0127,Dist_0003
1637,Trans_0128,Retail_0125
1638,Trans_0129,Retail_0126
1639,Trans_0130,Retail_0127
1640,Trans_0131,Retail_0128
1641,Trans_0132,Retail_0129
1642,Trans_0133,Retail_0130
1643,Trans_0134,Retail_0131
1644,Trans_0135,Retail_0132
1645,Trans_0136,Retail_0133
1646,Trans_0137,Retail_0134
1647,Trans_0138,Retail_0135
1648,Trans_0139,Retail_0136
1649,Trans_0140,Dist_0004
1650,Trans_0141,Retail_0137
1651,Trans_0142,Retail_0138
1652,Trans_0143,Retail_0139
1653,Trans_0144,Retail_0140
1654,Trans_0145,Retail_0141
1655,Trans_0146,Retail_0142
1656,Trans_0147,Retail_0143
1657,Trans_0148,Retail_0144
1658,Trans_0149,Retail_0145
1659,Trans_0150,Retail_0146
1660,Trans_0151,Retail_0147
1661,Trans_0152,Retail_0148
1662,Trans_0153,Retail_0149
1663,Trans_0154,Retail_0150
1664,Trans_0155,Retail_0151
1665,Trans_0156,Retail_0152
1666,Trans_0157,Retail_0153
1667,Trans_0158,Retail_0154
1668,Trans_0159,Retail_0155
1669,Trans_0160,Retail_0156
1670,Trans_0161,Retail_0157
1671,Trans_0162,Retail_0158
1672,Trans_0163,Retail_0159
1673,Trans_0164,Retail_0160
1674,Trans_0165,Retail_0161
1675,Trans_0166,Retail_0162
1676,Trans_0167,Retail_0163
1677,Trans_0168,Retail_0164
1678,Trans_0169,Retail_0165
1679,Trans_0170,Retail_0166
1680,Trans_0171,Retail_0167
1681,Trans_0172,Retail_0168
1682,Trans_0173,Retail_0169
1683,Trans_0174,Retail_0170
1684,Trans_0175,Retail_0171
1685,Trans_0176,Retail_0172
1686,Trans_0177,Retail_0173
1687,Trans_0178,Retail_0174
1688,Trans_0179,Retail_0175
1689,Trans_0180,Retail_0176
1690,Trans_0181,Retail_0177
1691,Trans_0182,Retail_0178
1692,Trans_0183,Retail_0179
1693,Trans_0184,Retail_0180
1694,Trans_0185,Retail_0181
1695,Trans_0186,Retail_0182
1696,Trans_0187,Retail_0183
1697,Trans_0188,Retail_0184
1698,Trans_0189,Retail_0185
1699,Trans_0190,Retail_0186
1700,Trans_0191,Dist_0005
1701,Trans_0192,Dist_0006
1702,Trans_0193,Dist_0007
1703,Trans_0194,Dist_0008
1704,Trans_0195,Retail_0187
1705,Trans_0196,Dist_0009
1706,Trans_0197,Dist_0010
1707,Trans_0198,Retail_0188
1708,Trans_0199,Retail_0189
1709,Trans_0200,Retail_0190
1710,Trans_0201,Retail_0191
1711,Trans_0202,Retail_0192
1712,Trans_0203,Retail_0193
1713,Trans_0204,Retail_0194
1714,Trans_0205,Retail_0195
1715,Trans_0206,Retail_0196
1716,Trans_0207,Retail_0197
1717,Trans_0208,Retail_0198
1718,Trans_0209,Retail_0199
1719,Trans_0210,Retail_0200
1720,Trans_0211,Retail_0201
1721,Trans_0212,Retail_0202
1722,Trans_0213,Retail_0203
1723,Trans_0214,Retail_0204
1724,Trans_0215,Retail_0205
1725,Trans_0216,Retail_0206
1726,Trans_0217,Retail_0207
1727,Trans_0218,Retail_0208
1728,Trans_0219,Retail_0209
1729,Trans_0220,Retail_0210
1730,Trans_0221,Retail_0211
1731,Trans_0222,Retail_0212
1732,Trans_0223,Retail_0213
1733,Trans_0224,Retail_0214
1734,Trans_0225,Retail_0215
1735,Trans_0226,Retail_0216
1736,Trans_0227,Retail_0217
1737,Trans_0228,Retail_0218
1738,Trans_0229,Retail_0219
1739,Trans_0230,Retail_0220
1740,Trans_0231,Retail_0221
1741,Trans_0232,Retail_0222
1742,Trans_0233,Retail_0223
1743,Trans_0234,Retail_0224
1744,Trans_0235,Retail_0225
1745,Trans_0236,Retail_0226
1746,Trans_0237,Retail_0227
1747,Trans_0238,Retail_0228
1748,Trans_0239,Retail_0229
1749,Trans_0240,Retail_0230
1750,Trans_0241,Retail_0231
1751,Trans_0242,Retail_0232
1752,Trans_0243,Retail_0233
1753,Trans_0244,Retail_0234
1754,Trans_0245,Retail_0235
1755,Trans_0246,Retail_0236
1756,Trans_0247,Retail_0237
1757,Trans_0248,Retail_0238
1758,Trans_0249,Retail_0239
1759,Trans_0250,Retail_0240
1760,Trans_0251,Retail_0241
1761,Trans_0252,Retail_0242
1762,Trans_0253,Retail_0243
1763,Trans_0254,Retail_0244
1764,Trans_0255,Retail_0245
1765,Trans_0256,Retail_0246
1766,Trans_0257,Retail_0247
1767,Trans_0258,Retail_0248
1768,Trans_0259,Retail_0249
1769,Trans_0260,Retail_0250
1770,Trans_0261,Retail_0251
1771,Trans_0262,Retail_0252
1772,Trans_0263,Retail_0253
1773,Trans_0264,Retail_0254
1774,Trans_0265,Retail_0255
1775,Trans_0266,Retail_0256
1776,Trans_0267,Retail_0257
1777,Trans_0268,Retail_0258
1778,Trans_0269,Retail_0259
1779,Trans_0270,Retail_0260
1780,Trans_0271,Retail_0261
1781,Trans_0272,Retail_0262
1782,Trans_0273,Retail_0263
1783,Trans_0274,Retail_0264
1784,Trans_0275,Retail_0265
1785,Trans_0276,Retail_0266
1786,Trans_0277,Retail_0267
1787,Trans_0278,Retail_0268
1788,Trans_0279,Retail_0269
1789,Trans_0280,Retail_0270
1790,Trans_0281,Retail_0271
1791,Trans_0282,Retail_0272
1792,Trans_0283,Retail_0273
1793,Trans_0284,Retail_0274
1794,Trans_0285,Retail_0275
1795,Trans_0286,Retail_0276
1796,Trans_0287,Retail_0277
1797,Trans_0288,Retail_0278
1798,Trans_0289,Retail_0279
1799,Trans_0290,Retail_0280
1800,Trans_0291,Retail_0281
1801,Trans_0292,Retail_0282
1802,Trans_0293,Retail_0283
1803,Trans_0294,Retail_0284
1804,Trans_0295,Retail_0285
1805,Trans_0296,Retail_0286
1806,Trans_0297,Retail_0287
1807,Trans_0298,Retail_0288
1808,Trans_0299,Retail_0289
1809,Trans_0300,Retail_0290
1810,Trans_0301,Retail_0291
1811,Trans_0302,Retail_0292
1812,Trans_0303,Retail_0293
1813,Trans_0304,Retail_0294
1814,Trans_0305,Retail_0295
1815,Trans_0306,Retail_0296
1816,Trans_0307,Retail_0297
1817,Trans_0308,Retail_0298
1818,Trans_0309,Retail_0299
1819,Trans_0310,Retail_0300
1820,Trans_0311,Retail_0301
1821,Trans_0312,Retail_0302
1822,Trans_0313,Retail_0303
1823,Trans_0314,Retail_0304
1824,Trans_0315,Retail_0305
1825,Trans_0316,Retail_0306
1826,Trans_0317,Retail_0307
1827,Trans_0318,Retail_0308
1828,Trans_0319,Retail_0309
1829,Trans_0320,Retail_0310
1830,Trans_0321,Retail_0311
1831,Trans_0322,Retail_0312
1832,Trans_0323,Retail_0313
1833,Trans_0324,Retail_0314
1834,Trans_0325,Retail_0315
1835,Trans_0326,Retail_0316
1836,Trans_0327,Retail_0317
1837,Trans_0328,Retail_0318
1838,Trans_0329,Retail_0319
1839,Trans_0330,Retail_0320
1840,Trans_0331,Retail_0321
1841,Trans_0332,Retail_0322
1842,Trans_0333,Retail_0323
1843,Trans_0334,Retail_0324
1844,Trans_0335,Retail_0325
1845,Trans_0336,Retail_0326
1846,Trans_0337,Retail_0327
1847,Trans_0338,Retail_0328
1848,Trans_0339,Retail_0329
1849,Trans_0340,Retail_0330
1850,Trans_0341,Retail_0331
1851,Trans_0342,Retail_0332
1852,Trans_0343,Retail_0333
1853,Trans_0344,Retail_0334
1854,Trans_0345,Retail_0335
1855,Trans_0346,Retail_0336
1856,Trans_0347,Retail_0337
1857,Trans_0348,Retail_0338
1858,Trans_0349,Retail_0339
1859,Trans_0350,Retail_0340
1860,Trans_0351,Retail_0341
1861,Trans_0352,Retail_0342
1862,Trans_0353,Retail_0343
1863,Trans_0354,Retail_0344
1864,Trans_0355,Retail_0345
1865,Trans_0356,Retail_0346
1866,Trans_0357,Retail_0347
1867,Trans_0358,Retail_0348
1868,Trans_0359,Retail_0349
1869,Trans_0360,Retail_0350
1870,Trans_0361,Retail_0351
1871,Trans_0362,Retail_0352
1872,Trans_0363,Retail_0353
1873,Trans_0364,Retail_0354
1874,Trans_0365,Retail_0355
1875,Trans_0366,Retail_0356
1876,Trans_0367,Retail_0357
1877,Trans_0368,Retail_0358
1878,Trans_0369,Retail_0359
1879,Trans_0370,Retail_0360
1880,Trans_0371,Retail_0361
1881,Trans_0372,Retail_0362
1882,Trans_0373,Retail_0363
1883,Trans_0374,Retail_0364
1884,Trans_0375,Retail_0365
1885,Trans_0376,Retail_0366
1886,Trans_0377,Retail_0367
1887,Trans_0378,Retail_0368
1888,Trans_0379,Retail_0369
1889,Trans_0380,Retail_0370
1890,Trans_0381,Retail_0371
1891,Trans_0382,Retail_0372
1892,Trans_0383,Retail_0373
1893,Trans_0384,Retail_0374
1894,Trans_0385,Retail_0375
1895,Trans_0386,Retail_0376
1896,Trans_0387,Retail_0377
1897,Trans_0388,Retail_0378
1898,Trans_0389,Retail_0379
1899,Trans_0390,Retail_0380
1900,Trans_0391,Retail_0381
1901,Trans_0392,Retail_0382
1902,Trans_0393,Retail_0383
1903,Trans_0394,Retail_0384
1904,Trans_0395,Retail_0385
1905,Trans_0396,Retail_0386
1906,Trans_0397,Retail_0387
1907,Trans_0398,Retail_0388
1908,Trans_0399,Retail_0389
1909,Trans_0400,Retail_0390
1910,Trans_0401,Retail_0391
1911,Trans_0402,Retail_0392
1912,Trans_0403,Retail_0393
1913,Trans_0404,Retail_0394
1914,Trans_0405,Retail_0395
1915,Trans_0406,Retail_0396
1916,Trans_0407,Retail_0397
1917,Trans_0408,Retail_0398
1918,Trans_0409,Retail_0399
1919,Trans_0410,Retail_0400
1920,Trans_0411,Retail_0401
1921,Trans_0412,Retail_0402
1922,Trans_0413,Retail_0403
1923,Trans_0414,Retail_0404
1924,Trans_0415,Retail_0405
1925,Trans_0416,Retail_0406
1926,Trans_0417,Retail_0407
1927,Trans_0418,Retail_0408
1928,Trans_0419,Retail_0409
1929,Trans_0420,Retail_0410
1930,Trans_0421,Retail_0411
1931,Trans_0422,Dist_0011
1932,Trans_0423,Retail_0412
1933,Trans_0424,Retail_0413
1934,Trans_0425,Retail_0414
1935,Trans_0426,Retail_0415
1936,Trans_0427,Retail_0416
1937,Trans_0428,Retail_0417
1938,Trans_0429,Retail_0418
1939,Trans_0430,Retail_0419
1940,Trans_0431,Retail_0420
1941,Trans_0432,Retail_0421
1942,Trans_0433,Retail_0422
1943,Trans_0434,Retail_0423
1944,Trans_0435,Retail_0424
1945,Trans_0436,Retail_0425
1946,Trans_0437,Retail_0426
1947,Trans_0438,Retail_0427
1948,Trans_0439,Retail_0428
1949,Trans_0440,Retail_0429
1950,Trans_0441,Retail_0430
1951,Trans_0442,Retail_0431
1952,Trans_0443,Retail_0432
1953,Trans_0444,Retail_0433
1954,Trans_0445,Retail_0434
1955,Trans_0446,Retail_0435
1956,Trans_0447,Retail_0436
1957,Trans_0448,Retail_0437
1958,Trans_0449,Retail_0438
1959,Trans_0450,Dist_0012
1960,Trans_0451,Retail_0439
1961,Trans_0452,Retail_0440
1962,Trans_0453,Retail_0441
1963,Trans_0454,Retail_0442
1964,Trans_0455,Retail_0443
1965,Trans_0456,Retail_0444
1966,Trans_0457,Dist_0013
1967,Trans_0458,Dist_0014
1968,Trans_0459,Dist_0015
1969,Trans_0460,Dist_0016
1970,Trans_0461,Dist_0017
1971,Trans_0462,Dist_0018
1972,Trans_0463,Dist_0019
1973,Trans_0464,Dist_0020
1974,Trans_0465,Dist_0021
1975,Trans_0466,Dist_0022
1976,Trans_0467,Dist_0023
1977,Trans_0468,Dist_0024
1978,Trans_0469,Dist_0025
1979,Trans_0470,Dist_0026
1980,Trans_0471,Dist_0027
1981,Trans_0472,Dist_0028
1982,Trans_0473,Dist_0029
1983,Trans_0474,Dist_0030
1984,Trans_0475,Dist_0031
1985,Trans_0476,Dist_0032
1986,Trans_0477,Dist_0033
1987,Trans_0478,Dist_0034
1988,Trans_0479,Dist_0035
1989,Trans_0480,Retail_0445
1990,Trans_0481,Retail_0446
1991,Trans_0482,Retail_0447
1992,Trans_0483,Retail_0448
1993,Trans_0484,Retail_0449
1994,Trans_0485,Retail_0450
1995,Trans_0486,Retail_0451
1996,Trans_0487,Retail_0452
1997,Trans_0488,Retail_0453
1998,Trans_0489,Retail_0454
1999,Trans_0490,Retail_0455
2000,Trans_0491,Retail_0456
2001,Trans_0492,Retail_0457
2002,Trans_0493,Retail_0458
2003,Trans_0494,Dist_0036
2004,Trans_0495,Retail_0459
2005,Trans_0496,Retail_0460
2006,Trans_0497,Retail_0461
2007,Trans_0498,Retail_0462
2008,Trans_0499,Retail_0463
2009,Trans_0500,Retail_0464
2010,Trans_0501,Retail_0465
2011,Trans_0502,Retail_0466
2012,Trans_0503,Retail_0467
2013,Trans_0504,Retail_0468
2014,Trans_0505,Retail_0469
2015,Trans_0506,Retail_0470
2016,Trans_0507,Retail_0471
2017,Trans_0508,Retail_0472
2018,Trans_0509,Retail_0473
2019,Trans_0510,Retail_0474
2020,Trans_0511,Retail_0475
2021,Trans_0512,Retail_0476
2022,Trans_0513,Retail_0477
2023,Trans_0514,Retail_0478
2024,Trans_0515,Retail_0479
2025,Trans_0516,Retail_0480
2026,Trans_0517,Retail_0481
2027,Trans_0518,Retail_0482
2028,Trans_0519,Retail_0483
2029,Trans_0520,Retail_0484
2030,Trans_0521,Retail_0485
2031,Trans_0522,Retail_0486
2032,Trans_0523,Retail_0487
2033,Trans_0524,Retail_0488
2034,Trans_0525,Retail_0489
2035,Trans_0526,Retail_0490
2036,Trans_0527,Retail_0491
2037,Trans_0528,Retail_0492
2038,Trans_0529,Retail_0493
2039,Trans_0530,Retail_0494
2040,Trans_0531,Retail_0495
2041,Trans_0532,Retail_0496
2042,Trans_0533,Retail_0497
2043,Trans_0534,Retail_0498
2044,Trans_0535,Retail_0499
2045,Trans_0536,Retail_0500
2046,Trans_0537,Retail_0501
2047,Trans_0538,Retail_0502
2048,Trans_0539,Retail_0503
2049,Trans_0540,Retail_0504
2050,Trans_0541,Retail_0505
2051,Trans_0542,Retail_0506
2052,Trans_0543,Retail_0507
2053,Trans_0544,Retail_0508
2054,Trans_0545,Retail_0509
2055,Trans_0546,Retail_0510
2056,Trans_0547,Retail_0511
2057,Trans_0548,Retail_0512
2058,Trans_0549,Retail_0513
2059,Trans_0550,Retail_0514
2060,Trans_0551,Retail_0515
2061,Trans_0552,Retail_0516
2062,Trans_0553,Retail_0517
2063,Trans_0554,Retail_0518
2064,Trans_0555,Retail_0519
2065,Trans_0556,Retail_0520
2066,Trans_0557,Retail_0521
2067,Trans_0558,Retail_0522
2068,Trans_0559,Retail_0523
