,child,parent
0,Manuf_0001,Trans_0001
1,Manuf_0002,Manuf_0006
2,Manuf_0002,Manuf_0022
3,Manuf_0003,Manuf_0014
4,Manuf_0004,Manuf_0015
5,Manuf_0005,Manuf_0016
6,Manuf_0006,Manuf_0020
7,Manuf_0006,Manuf_0021
8,Manuf_0006,Trans_0016
9,Manuf_0007,Trans_0006
10,Manuf_0008,Trans_0023
11,Manuf_0009,Trans_0024
12,Manuf_0010,Manuf_0025
13,Manuf_0011,Trans_0007
14,Manuf_0012,Trans_0008
15,Manuf_0013,Trans_0009
16,Manuf_0014,Trans_0010
17,Manuf_0015,Trans_0011
18,Manuf_0016,Trans_0012
19,Manuf_0017,Trans_0013
20,Manuf_0018,Trans_0014
21,Manuf_0019,Trans_0015
22,Manuf_0020,Trans_0017
23,Manuf_0021,Trans_0018
24,Manuf_0022,Trans_0019
25,Manuf_0023,Trans_0021
26,Manuf_0024,Trans_0022
27,Manuf_0025,Trans_0026
28,Manuf_0026,Trans_0027
29,Manuf_0027,Trans_0028
30,Manuf_0028,Trans_0030
31,Manuf_0029,Trans_0031
32,Manuf_0030,Trans_0033
33,Manuf_0031,Trans_0034
34,Manuf_0032,Trans_0035
35,Manuf_0033,Trans_0037
36,Manuf_0034,Trans_0039
37,Manuf_0035,Trans_0040
38,Manuf_0036,Trans_0041
39,Manuf_0037,Trans_0042
40,Manuf_0038,Manuf_0042
41,Manuf_0038,Manuf_0044
42,Manuf_0038,Manuf_0046
43,Manuf_0038,Manuf_0047
44,Manuf_0039,Manuf_0052
45,Manuf_0039,Manuf_0053
46,Manuf_0040,Manuf_0056
47,Manuf_0041,Manuf_0052
48,Manuf_0041,Manuf_0053
49,Manuf_0041,Manuf_0054
50,Manuf_0041,Manuf_0055
51,Manuf_0041,Manuf_0056
52,Manuf_0042,Manuf_0052
53,Manuf_0042,Manuf_0053
54,Manuf_0043,Manuf_0054
55,Manuf_0044,Manuf_0056
56,Manuf_0045,Manuf_0055
57,Manuf_0046,Manuf_0054
58,Manuf_0047,Manuf_0055
59,Manuf_0048,Manuf_0055
60,Manuf_0049,Manuf_0056
61,Manuf_0050,Manuf_0053
62,Manuf_0050,Manuf_0054
63,Manuf_0051,Manuf_0056
64,Manuf_0052,Dist_0001
65,Manuf_0052,Dist_0002
66,Manuf_0052,Dist_0003
67,Manuf_0053,Dist_0004
68,Manuf_0053,Dist_0005
69,Manuf_0053,Dist_0006
70,Manuf_0054,Dist_0007
71,Manuf_0054,Dist_0008
72,Manuf_0054,Dist_0009
73,Manuf_0055,Dist_0010
74,Manuf_0055,Dist_0011
75,Manuf_0055,Dist_0012
76,Manuf_0056,Dist_0013
77,Manuf_0056,Dist_0014
78,Manuf_0056,Dist_0015
79,Part_0001,Manuf_0001
80,Part_0002,Manuf_0002
81,Part_0003,Trans_0002
82,Part_0004,Manuf_0003
83,Part_0004,Manuf_0004
84,Part_0004,Manuf_0005
85,Part_0005,Manuf_0039
86,Part_0005,Trans_0003
87,Part_0006,Manuf_0007
88,Part_0006,Manuf_0008
89,Part_0006,Manuf_0023
90,Part_0006,Trans_0020
91,Part_0007,Manuf_0009
92,Part_0007,Manuf_0010
93,Part_0007,Manuf_0024
94,Part_0007,Trans_0025
95,Part_0008,Manuf_0010
96,Part_0008,Manuf_0026
97,Part_0008,Manuf_0027
98,Part_0008,Trans_0029
99,Part_0009,Manuf_0010
100,Part_0009,Manuf_0028
101,Part_0009,Manuf_0029
102,Part_0009,Trans_0032
103,Part_0010,Trans_0004
104,Part_0011,Manuf_0012
105,Part_0012,Manuf_0013
106,Part_0013,Manuf_0014
107,Part_0013,Manuf_0015
108,Part_0013,Manuf_0016
109,Part_0014,Trans_0005
110,Part_0015,Manuf_0030
111,Part_0015,Manuf_0031
112,Part_0015,Manuf_0032
113,Part_0015,Trans_0036
114,Part_0016,Manuf_0034
115,Part_0017,Manuf_0035
116,Part_0017,Manuf_0036
117,Part_0017,Manuf_0037
118,Part_0018,Manuf_0039
119,Part_0018,Manuf_0055
120,Part_0019,Trans_0038
121,Part_0020,Manuf_0041
122,Part_0021,Manuf_0041
123,Part_0022,Manuf_0041
124,Part_0023,Manuf_0042
125,Part_0024,Manuf_0042
126,Part_0024,Manuf_0044
127,Part_0024,Manuf_0046
128,Part_0024,Manuf_0047
129,Part_0025,Manuf_0044
130,Part_0025,Manuf_0046
131,Part_0025,Manuf_0047
132,Part_0026,Manuf_0042
133,Part_0026,Manuf_0043
134,Part_0026,Manuf_0044
135,Part_0026,Manuf_0045
136,Part_0026,Manuf_0046
137,Part_0026,Manuf_0047
138,Part_0026,Manuf_0051
139,Part_0026,Manuf_0055
140,Part_0026,Manuf_0056
141,Part_0027,Manuf_0042
142,Part_0027,Manuf_0044
143,Part_0027,Manuf_0046
144,Part_0027,Manuf_0047
145,Part_0028,Manuf_0048
146,Part_0028,Manuf_0049
147,Part_0028,Manuf_0050
148,Part_0029,Manuf_0048
149,Part_0029,Manuf_0049
150,Part_0029,Manuf_0050
151,Part_0030,Manuf_0052
152,Part_0031,Manuf_0052
153,Part_0031,Manuf_0053
154,Part_0031,Manuf_0054
155,Part_0031,Manuf_0055
156,Part_0031,Manuf_0056
157,Part_0032,Manuf_0052
158,Part_0032,Manuf_0053
159,Part_0032,Manuf_0054
160,Part_0032,Manuf_0055
161,Part_0032,Manuf_0056
162,Part_0033,Manuf_0052
163,Part_0033,Manuf_0053
164,Part_0033,Manuf_0054
165,Part_0033,Manuf_0055
166,Part_0033,Manuf_0056
167,Part_0034,Manuf_0052
168,Part_0034,Manuf_0053
169,Part_0034,Manuf_0054
170,Part_0034,Manuf_0055
171,Part_0034,Manuf_0056
172,Part_0035,Manuf_0052
173,Part_0035,Manuf_0053
174,Part_0035,Manuf_0054
175,Part_0035,Manuf_0055
176,Part_0035,Manuf_0056
177,Part_0036,Manuf_0052
178,Part_0036,Manuf_0053
179,Part_0036,Manuf_0054
180,Part_0036,Manuf_0055
181,Part_0036,Manuf_0056
182,Part_0037,Manuf_0052
183,Part_0037,Manuf_0053
184,Part_0037,Manuf_0054
185,Part_0037,Manuf_0055
186,Part_0037,Manuf_0056
187,Part_0038,Manuf_0052
188,Part_0038,Manuf_0053
189,Part_0038,Manuf_0054
190,Part_0038,Manuf_0055
191,Part_0038,Manuf_0056
192,Part_0039,Manuf_0052
193,Part_0039,Manuf_0053
194,Part_0039,Manuf_0054
195,Part_0039,Manuf_0055
196,Part_0039,Manuf_0056
197,Part_0040,Manuf_0053
198,Part_0041,Manuf_0053
199,Part_0041,Manuf_0054
200,Part_0041,Manuf_0055
201,Part_0042,Manuf_0055
202,Part_0042,Manuf_0056
203,Part_0043,Manuf_0056
204,Trans_0001,Manuf_0002
205,Trans_0002,Manuf_0011
206,Trans_0003,Manuf_0017
207,Trans_0003,Manuf_0018
208,Trans_0003,Manuf_0019
209,Trans_0004,Manuf_0033
210,Trans_0005,Manuf_0039
211,Trans_0005,Manuf_0043
212,Trans_0005,Manuf_0045
213,Trans_0005,Manuf_0051
214,Trans_0006,Manuf_0040
215,Trans_0007,Manuf_0048
216,Trans_0008,Manuf_0049
217,Trans_0009,Manuf_0050
218,Trans_0010,Manuf_0043
219,Trans_0011,Manuf_0045
220,Trans_0012,Manuf_0051
221,Trans_0013,Manuf_0043
222,Trans_0014,Manuf_0045
223,Trans_0015,Manuf_0051
224,Trans_0016,Manuf_0052
225,Trans_0017,Manuf_0055
226,Trans_0018,Manuf_0053
227,Trans_0018,Manuf_0054
228,Trans_0019,Manuf_0056
229,Trans_0020,Manuf_0052
230,Trans_0020,Manuf_0053
231,Trans_0021,Manuf_0055
232,Trans_0022,Manuf_0055
233,Trans_0023,Manuf_0054
234,Trans_0024,Manuf_0053
235,Trans_0024,Manuf_0054
236,Trans_0025,Manuf_0052
237,Trans_0026,Manuf_0056
238,Trans_0027,Manuf_0055
239,Trans_0028,Manuf_0053
240,Trans_0028,Manuf_0054
241,Trans_0029,Manuf_0052
242,Trans_0030,Manuf_0055
243,Trans_0031,Manuf_0054
244,Trans_0032,Manuf_0052
245,Trans_0033,Manuf_0054
246,Trans_0034,Manuf_0055
247,Trans_0035,Manuf_0056
248,Trans_0036,Manuf_0052
249,Trans_0036,Manuf_0053
250,Trans_0037,Manuf_0053
251,Trans_0038,Manuf_0052
252,Trans_0038,Manuf_0053
253,Trans_0038,Manuf_0054
254,Trans_0038,Manuf_0055
255,Trans_0039,Manuf_0052
256,Trans_0039,Manuf_0053
257,Trans_0039,Manuf_0054
258,Trans_0039,Manuf_0055
259,Trans_0039,Manuf_0056
260,Trans_0040,Manuf_0044
261,Trans_0041,Manuf_0046
262,Trans_0042,Manuf_0047
