,child,parent
0,Dist_0001,Dist_0013
1,Dist_0001,Dist_0014
2,Dist_0001,Dist_0015
3,Dist_0001,Dist_0016
4,Dist_0002,Dist_0017
5,Dist_0002,Dist_0018
6,Dist_0002,Dist_0019
7,Dist_0002,Dist_0020
8,Dist_0003,Dist_0021
9,Dist_0003,Dist_0022
10,Dist_0003,Dist_0023
11,Dist_0003,Dist_0024
12,Dist_0004,Dist_0025
13,Dist_0004,Dist_0026
14,Dist_0004,Dist_0027
15,Dist_0004,Dist_0028
16,Dist_0005,Dist_0029
17,Dist_0005,Dist_0030
18,Dist_0005,Dist_0031
19,Dist_0005,Dist_0032
20,Dist_0006,Dist_0033
21,Dist_0006,Dist_0034
22,Dist_0006,Dist_0035
23,Dist_0006,Dist_0036
24,Dist_0007,Dist_0037
25,Dist_0007,Dist_0038
26,Dist_0007,Dist_0039
27,Dist_0007,Dist_0040
28,Dist_0008,Dist_0041
29,Dist_0008,Dist_0042
30,Dist_0008,Dist_0043
31,Dist_0008,Dist_0044
32,Dist_0009,Dist_0045
33,Dist_0009,Dist_0046
34,Dist_0009,Dist_0047
35,Dist_0009,Dist_0048
36,Dist_0010,Dist_0049
37,Dist_0010,Dist_0050
38,Dist_0010,Dist_0051
39,Dist_0010,Dist_0052
40,Dist_0011,Dist_0053
41,Dist_0011,Dist_0054
42,Dist_0011,Dist_0055
43,Dist_0011,Dist_0056
44,Dist_0012,Dist_0057
45,Dist_0012,Dist_0058
46,Dist_0012,Dist_0059
47,Dist_0012,Dist_0060
48,Dist_0013,Dist_0061
49,Dist_0013,Dist_0062
50,Dist_0017,Dist_0063
51,Dist_0017,Dist_0064
52,Dist_0021,Dist_0065
53,Dist_0021,Dist_0066
54,Dist_0025,Dist_0067
55,Dist_0025,Dist_0068
56,Dist_0029,Dist_0069
57,Dist_0029,Dist_0070
58,Dist_0033,Dist_0071
59,Dist_0033,Dist_0072
60,Dist_0037,Dist_0073
61,Dist_0037,Dist_0074
62,Dist_0041,Dist_0075
63,Dist_0041,Dist_0076
64,Dist_0045,Dist_0077
65,Dist_0045,Dist_0078
66,Dist_0049,Dist_0079
67,Dist_0049,Dist_0080
68,Dist_0053,Dist_0081
69,Dist_0053,Dist_0082
70,Dist_0057,Dist_0083
71,Dist_0057,Dist_0084
72,Manuf_0001,Manuf_0029
73,Manuf_0002,Manuf_0029
74,Manuf_0003,Manuf_0029
75,Manuf_0004,Manuf_0030
76,Manuf_0004,Manuf_0031
77,Manuf_0004,Manuf_0032
78,Manuf_0004,Manuf_0033
79,Manuf_0004,Manuf_0034
80,Manuf_0004,Manuf_0035
81,Manuf_0004,Manuf_0036
82,Manuf_0004,Manuf_0037
83,Manuf_0004,Manuf_0038
84,Manuf_0004,Manuf_0039
85,Manuf_0004,Manuf_0040
86,Manuf_0004,Manuf_0041
87,Manuf_0005,Manuf_0030
88,Manuf_0006,Manuf_0030
89,Manuf_0007,Manuf_0031
90,Manuf_0008,Manuf_0031
91,Manuf_0009,Manuf_0032
92,Manuf_0010,Manuf_0032
93,Manuf_0011,Manuf_0033
94,Manuf_0012,Manuf_0033
95,Manuf_0013,Manuf_0034
96,Manuf_0014,Manuf_0034
97,Manuf_0015,Manuf_0035
98,Manuf_0016,Manuf_0035
99,Manuf_0017,Manuf_0036
100,Manuf_0018,Manuf_0036
101,Manuf_0019,Manuf_0037
102,Manuf_0020,Manuf_0037
103,Manuf_0021,Manuf_0038
104,Manuf_0022,Manuf_0038
105,Manuf_0023,Manuf_0039
106,Manuf_0024,Manuf_0039
107,Manuf_0025,Manuf_0040
108,Manuf_0026,Manuf_0040
109,Manuf_0027,Manuf_0041
110,Manuf_0028,Manuf_0041
111,Manuf_0029,Manuf_0042
112,Manuf_0029,Manuf_0043
113,Manuf_0029,Manuf_0044
114,Manuf_0029,Manuf_0045
115,Manuf_0029,Manuf_0046
116,Manuf_0029,Manuf_0047
117,Manuf_0029,Manuf_0048
118,Manuf_0029,Manuf_0049
119,Manuf_0029,Manuf_0050
120,Manuf_0029,Manuf_0051
121,Manuf_0029,Manuf_0052
122,Manuf_0029,Manuf_0053
123,Manuf_0030,Manuf_0042
124,Manuf_0031,Manuf_0043
125,Manuf_0032,Manuf_0044
126,Manuf_0033,Manuf_0045
127,Manuf_0034,Manuf_0046
128,Manuf_0035,Manuf_0047
129,Manuf_0036,Manuf_0048
130,Manuf_0037,Manuf_0049
131,Manuf_0038,Manuf_0050
132,Manuf_0039,Manuf_0051
133,Manuf_0040,Manuf_0052
134,Manuf_0041,Manuf_0053
135,Manuf_0042,Dist_0001
136,Manuf_0043,Dist_0002
137,Manuf_0044,Dist_0003
138,Manuf_0045,Dist_0004
139,Manuf_0046,Dist_0005
140,Manuf_0047,Dist_0006
141,Manuf_0048,Dist_0007
142,Manuf_0049,Dist_0008
143,Manuf_0050,Dist_0009
144,Manuf_0051,Dist_0010
145,Manuf_0052,Dist_0011
146,Manuf_0053,Dist_0012
147,Part_0001,Manuf_0001
148,Part_0002,Manuf_0002
149,Part_0002,Manuf_0003
150,Part_0003,Manuf_0002
151,Part_0003,Manuf_0003
152,Part_0003,Manuf_0005
153,Part_0003,Manuf_0007
154,Part_0003,Manuf_0009
155,Part_0003,Manuf_0011
156,Part_0003,Manuf_0013
157,Part_0003,Manuf_0015
158,Part_0003,Manuf_0017
159,Part_0003,Manuf_0019
160,Part_0003,Manuf_0021
161,Part_0003,Manuf_0023
162,Part_0003,Manuf_0025
163,Part_0003,Manuf_0027
164,Part_0004,Manuf_0005
165,Part_0004,Manuf_0007
166,Part_0004,Manuf_0009
167,Part_0004,Manuf_0011
168,Part_0004,Manuf_0013
169,Part_0004,Manuf_0015
170,Part_0004,Manuf_0017
171,Part_0004,Manuf_0019
172,Part_0004,Manuf_0021
173,Part_0004,Manuf_0023
174,Part_0004,Manuf_0025
175,Part_0004,Manuf_0027
176,Part_0005,Manuf_0006
177,Part_0005,Manuf_0008
178,Part_0005,Manuf_0010
179,Part_0005,Manuf_0012
180,Part_0005,Manuf_0014
181,Part_0005,Manuf_0016
182,Part_0005,Manuf_0018
183,Part_0005,Manuf_0020
184,Part_0005,Manuf_0022
185,Part_0005,Manuf_0024
186,Part_0005,Manuf_0026
187,Part_0005,Manuf_0028
188,Part_0006,Manuf_0042
189,Part_0006,Manuf_0043
190,Part_0006,Manuf_0044
191,Part_0006,Manuf_0045
192,Part_0006,Manuf_0046
193,Part_0006,Manuf_0047
194,Part_0006,Manuf_0048
195,Part_0006,Manuf_0049
196,Part_0006,Manuf_0050
197,Part_0006,Manuf_0051
198,Part_0006,Manuf_0052
199,Part_0006,Manuf_0053
200,Part_0007,Manuf_0042
201,Part_0007,Manuf_0043
202,Part_0007,Manuf_0044
203,Part_0007,Manuf_0045
204,Part_0007,Manuf_0046
205,Part_0007,Manuf_0047
206,Part_0007,Manuf_0048
207,Part_0007,Manuf_0049
208,Part_0007,Manuf_0050
209,Part_0007,Manuf_0051
210,Part_0007,Manuf_0052
211,Part_0007,Manuf_0053
212,Part_0008,Manuf_0042
213,Part_0008,Manuf_0043
214,Part_0008,Manuf_0044
215,Part_0008,Manuf_0045
216,Part_0008,Manuf_0046
217,Part_0008,Manuf_0047
218,Part_0008,Manuf_0048
219,Part_0008,Manuf_0049
220,Part_0008,Manuf_0050
221,Part_0008,Manuf_0051
222,Part_0008,Manuf_0052
223,Part_0008,Manuf_0053
