,child,parent
0,Dist_0001,Manuf_0001
1,Dist_0001,Manuf_0004
2,Dist_0001,Manuf_0005
3,Dist_0001,Retail_0001
4,Dist_0002,Manuf_0002
5,Dist_0002,Manuf_0004
6,Dist_0002,Manuf_0005
7,Dist_0002,Manuf_0006
8,Dist_0002,Retail_0002
9,Dist_0002,Retail_0005
10,Dist_0002,Retail_0006
11,Dist_0002,Retail_0007
12,Dist_0002,Retail_0008
13,Dist_0003,Manuf_0003
14,Dist_0003,Manuf_0004
15,Dist_0003,Manuf_0005
16,Dist_0003,Retail_0003
17,Dist_0003,Retail_0004
18,Dist_0003,Retail_0009
19,Dist_0003,Retail_0010
20,Dist_0003,Retail_0011
21,Dist_0004,Manuf_0004
22,Dist_0004,Manuf_0005
23,Dist_0004,Manuf_0007
24,Dist_0004,Retail_0012
25,Dist_0004,Retail_0013
26,Dist_0004,Retail_0014
27,Dist_0004,Retail_0015
28,Dist_0004,Retail_0016
29,Dist_0005,Manuf_0004
30,Dist_0005,Manuf_0005
31,Dist_0005,Manuf_0008
32,Dist_0005,Manuf_0009
33,Dist_0005,Retail_0017
34,Dist_0005,Retail_0018
35,Dist_0005,Retail_0019
36,Dist_0005,Retail_0020
37,Dist_0005,Retail_0021
38,Manuf_0001,Retail_0022
39,Manuf_0001,Trans_0001
40,Manuf_0001,Trans_0002
41,Manuf_0001,Trans_0003
42,Manuf_0001,Trans_0004
43,Manuf_0002,Retail_0023
44,Manuf_0002,Trans_0005
45,Manuf_0002,Trans_0006
46,Manuf_0002,Trans_0007
47,Manuf_0002,Trans_0008
48,Manuf_0003,Retail_0024
49,Manuf_0003,Trans_0009
50,Manuf_0003,Trans_0010
51,Manuf_0003,Trans_0011
52,Manuf_0003,Trans_0012
53,Manuf_0004,Retail_0025
54,Manuf_0004,Trans_0013
55,Manuf_0004,Trans_0014
56,Manuf_0004,Trans_0015
57,Manuf_0004,Trans_0016
58,Manuf_0005,Retail_0026
59,Manuf_0005,Trans_0017
60,Manuf_0005,Trans_0018
61,Manuf_0005,Trans_0019
62,Manuf_0005,Trans_0020
63,Manuf_0006,Retail_0027
64,Manuf_0006,Trans_0021
65,Manuf_0006,Trans_0022
66,Manuf_0006,Trans_0023
67,Manuf_0006,Trans_0024
68,Manuf_0007,Retail_0028
69,Manuf_0007,Trans_0025
70,Manuf_0007,Trans_0026
71,Manuf_0007,Trans_0027
72,Manuf_0007,Trans_0028
73,Manuf_0008,Retail_0029
74,Manuf_0008,Trans_0029
75,Manuf_0008,Trans_0030
76,Manuf_0008,Trans_0031
77,Manuf_0008,Trans_0032
78,Manuf_0009,Retail_0030
79,Manuf_0009,Trans_0033
80,Manuf_0009,Trans_0034
81,Manuf_0009,Trans_0035
82,Manuf_0009,Trans_0036
83,Trans_0001,Retail_0031
84,Trans_0002,Retail_0032
85,Trans_0003,Retail_0033
86,Trans_0004,Retail_0034
87,Trans_0005,Retail_0035
88,Trans_0006,Retail_0036
89,Trans_0007,Retail_0037
90,Trans_0008,Retail_0038
91,Trans_0009,Retail_0039
92,Trans_0010,Retail_0040
93,Trans_0011,Retail_0041
94,Trans_0012,Retail_0042
95,Trans_0013,Retail_0043
96,Trans_0014,Retail_0044
97,Trans_0015,Retail_0045
98,Trans_0016,Retail_0046
99,Trans_0017,Retail_0047
100,Trans_0018,Retail_0048
101,Trans_0019,Retail_0049
102,Trans_0020,Retail_0050
103,Trans_0021,Retail_0051
104,Trans_0022,Retail_0052
105,Trans_0023,Retail_0053
106,Trans_0024,Retail_0054
107,Trans_0025,Retail_0055
108,Trans_0026,Retail_0056
109,Trans_0027,Retail_0057
110,Trans_0028,Retail_0058
111,Trans_0029,Retail_0059
112,Trans_0030,Retail_0060
113,Trans_0031,Retail_0061
114,Trans_0032,Retail_0062
115,Trans_0033,Retail_0063
116,Trans_0034,Retail_0064
117,Trans_0035,Retail_0065
118,Trans_0036,Retail_0066
