,child,parent
0,Manuf_0001,Trans_0002
1,Manuf_0002,Dist_0001
2,Manuf_0002,Dist_0002
3,Manuf_0002,Dist_0003
4,Manuf_0002,Dist_0004
5,Manuf_0003,Dist_0005
6,Manuf_0003,Dist_0006
7,Manuf_0003,Dist_0007
8,Manuf_0003,Dist_0008
9,Manuf_0003,Dist_0009
10,Manuf_0003,Dist_0010
11,Manuf_0003,Dist_0011
12,Manuf_0003,Dist_0012
13,Manuf_0003,Dist_0013
14,Manuf_0003,Dist_0014
15,Manuf_0003,Dist_0015
16,Manuf_0004,Dist_0016
17,Manuf_0004,Dist_0017
18,Manuf_0004,Dist_0018
19,Manuf_0004,Dist_0019
20,Manuf_0004,Dist_0020
21,Manuf_0004,Dist_0021
22,Manuf_0004,Dist_0022
23,Manuf_0004,Dist_0023
24,Manuf_0004,Dist_0024
25,Manuf_0004,Dist_0025
26,Manuf_0004,Dist_0026
27,Part_0001,Manuf_0001
28,Part_0002,Manuf_0001
29,Part_0003,Manuf_0001
30,Part_0004,Manuf_0001
31,Part_0005,Manuf_0001
32,Part_0006,Manuf_0001
33,Part_0007,Trans_0001
34,Part_0008,Trans_0003
35,Part_0009,Manuf_0002
36,Part_0010,Manuf_0002
37,Part_0011,Manuf_0002
38,Part_0011,Manuf_0003
39,Part_0011,Manuf_0004
40,Part_0012,Manuf_0003
41,Part_0013,Manuf_0003
42,Part_0014,Manuf_0003
43,Part_0014,Manuf_0004
44,Part_0015,Manuf_0004
45,Part_0016,Manuf_0004
46,Trans_0001,Manuf_0002
47,Trans_0001,Manuf_0003
48,Trans_0002,Manuf_0002
49,Trans_0002,Manuf_0003
50,Trans_0002,Manuf_0004
51,Trans_0003,Manuf_0004
