,child,parent
0,Dist_0001,Dist_0002
1,Dist_0001,Dist_0003
2,Dist_0001,Retail_0001
3,Dist_0002,Manuf_0003
4,Dist_0002,Manuf_0004
5,Dist_0002,Manuf_0005
6,Dist_0002,Manuf_0006
7,Dist_0002,Manuf_0007
8,Dist_0002,Manuf_0008
9,Dist_0002,Manuf_0009
10,Dist_0002,Manuf_0010
11,Dist_0002,Manuf_0011
12,Dist_0002,Manuf_0012
13,Dist_0002,Manuf_0013
14,Dist_0003,Manuf_0014
15,Dist_0003,Manuf_0015
16,Dist_0003,Manuf_0016
17,Manuf_0001,Manuf_0002
18,Manuf_0002,Dist_0001
19,Manuf_0003,Trans_0001
20,Manuf_0004,Retail_0002
21,Manuf_0005,Retail_0003
22,Manuf_0006,Retail_0004
23,Manuf_0007,Retail_0005
24,Manuf_0008,Retail_0006
25,Manuf_0009,Retail_0007
26,Manuf_0010,Retail_0008
27,Manuf_0011,Retail_0009
28,Manuf_0012,Retail_0010
29,Manuf_0013,Retail_0011
30,Manuf_0014,Manuf_0017
31,Manuf_0014,Manuf_0018
32,Manuf_0014,Manuf_0019
33,Manuf_0014,Manuf_0020
34,Manuf_0014,Manuf_0021
35,Manuf_0014,Manuf_0022
36,Manuf_0014,Manuf_0023
37,Manuf_0014,Manuf_0024
38,Manuf_0014,Manuf_0025
39,Manuf_0014,Manuf_0026
40,Manuf_0014,Manuf_0027
41,Manuf_0014,Manuf_0028
42,Manuf_0014,Manuf_0029
43,Manuf_0014,Manuf_0030
44,Manuf_0014,Manuf_0031
45,Manuf_0014,Manuf_0032
46,Manuf_0014,Manuf_0033
47,Manuf_0014,Manuf_0034
48,Manuf_0014,Manuf_0035
49,Manuf_0014,Manuf_0036
50,Manuf_0014,Manuf_0037
51,Manuf_0014,Manuf_0038
52,Manuf_0014,Manuf_0039
53,Manuf_0014,Manuf_0040
54,Manuf_0014,Manuf_0041
55,Manuf_0014,Manuf_0042
56,Manuf_0014,Manuf_0043
57,Manuf_0014,Manuf_0044
58,Manuf_0014,Manuf_0045
59,Manuf_0014,Manuf_0046
60,Manuf_0014,Manuf_0047
61,Manuf_0014,Manuf_0048
62,Manuf_0014,Retail_0012
63,Manuf_0015,Manuf_0049
64,Manuf_0015,Manuf_0050
65,Manuf_0015,Manuf_0051
66,Manuf_0015,Manuf_0052
67,Manuf_0015,Manuf_0053
68,Manuf_0015,Manuf_0054
69,Manuf_0015,Manuf_0055
70,Manuf_0015,Manuf_0056
71,Manuf_0015,Manuf_0057
72,Manuf_0015,Manuf_0058
73,Manuf_0015,Manuf_0059
74,Manuf_0015,Manuf_0060
75,Manuf_0015,Manuf_0061
76,Manuf_0015,Manuf_0062
77,Manuf_0015,Manuf_0063
78,Manuf_0015,Manuf_0064
79,Manuf_0015,Manuf_0065
80,Manuf_0015,Manuf_0066
81,Manuf_0015,Manuf_0067
82,Manuf_0015,Manuf_0068
83,Manuf_0015,Manuf_0069
84,Manuf_0015,Manuf_0070
85,Manuf_0015,Manuf_0071
86,Manuf_0015,Manuf_0072
87,Manuf_0015,Manuf_0073
88,Manuf_0015,Manuf_0074
89,Manuf_0015,Manuf_0075
90,Manuf_0015,Manuf_0076
91,Manuf_0015,Manuf_0077
92,Manuf_0015,Retail_0013
93,Manuf_0015,Retail_0014
94,Manuf_0016,Manuf_0078
95,Manuf_0016,Manuf_0079
96,Manuf_0016,Manuf_0080
97,Manuf_0016,Manuf_0081
98,Manuf_0016,Manuf_0082
99,Manuf_0016,Manuf_0083
100,Manuf_0016,Manuf_0084
101,Manuf_0016,Manuf_0085
102,Manuf_0016,Manuf_0086
103,Manuf_0016,Manuf_0087
104,Manuf_0016,Manuf_0088
105,Manuf_0016,Manuf_0089
106,Manuf_0016,Manuf_0090
107,Manuf_0016,Manuf_0091
108,Manuf_0016,Manuf_0092
109,Manuf_0016,Manuf_0093
110,Manuf_0016,Manuf_0094
111,Manuf_0016,Manuf_0095
112,Manuf_0016,Manuf_0096
113,Manuf_0016,Manuf_0097
114,Manuf_0016,Manuf_0098
115,Manuf_0016,Manuf_0099
116,Manuf_0016,Retail_0015
117,Manuf_0016,Retail_0016
118,Manuf_0017,Retail_0017
119,Manuf_0018,Retail_0018
120,Manuf_0019,Retail_0019
121,Manuf_0020,Retail_0020
122,Manuf_0021,Retail_0021
123,Manuf_0022,Retail_0022
124,Manuf_0023,Retail_0023
125,Manuf_0024,Retail_0024
126,Manuf_0025,Retail_0025
127,Manuf_0026,Retail_0026
128,Manuf_0027,Retail_0027
129,Manuf_0028,Retail_0028
130,Manuf_0029,Retail_0029
131,Manuf_0030,Retail_0030
132,Manuf_0031,Retail_0031
133,Manuf_0032,Retail_0032
134,Manuf_0033,Retail_0033
135,Manuf_0034,Retail_0034
136,Manuf_0035,Retail_0035
137,Manuf_0036,Retail_0036
138,Manuf_0037,Retail_0037
139,Manuf_0038,Retail_0038
140,Manuf_0039,Retail_0039
141,Manuf_0040,Retail_0040
142,Manuf_0041,Retail_0041
143,Manuf_0042,Retail_0042
144,Manuf_0043,Retail_0043
145,Manuf_0044,Retail_0044
146,Manuf_0045,Retail_0045
147,Manuf_0046,Retail_0046
148,Manuf_0047,Retail_0047
149,Manuf_0048,Retail_0048
150,Manuf_0049,Retail_0049
151,Manuf_0050,Retail_0050
152,Manuf_0051,Retail_0051
153,Manuf_0052,Retail_0052
154,Manuf_0053,Retail_0053
155,Manuf_0054,Retail_0054
156,Manuf_0055,Retail_0055
157,Manuf_0056,Retail_0056
158,Manuf_0057,Retail_0057
159,Manuf_0058,Retail_0058
160,Manuf_0059,Retail_0059
161,Manuf_0060,Retail_0060
162,Manuf_0061,Retail_0061
163,Manuf_0062,Retail_0062
164,Manuf_0063,Retail_0063
165,Manuf_0064,Retail_0064
166,Manuf_0065,Retail_0065
167,Manuf_0066,Retail_0066
168,Manuf_0067,Retail_0067
169,Manuf_0068,Retail_0068
170,Manuf_0069,Retail_0069
171,Manuf_0070,Retail_0070
172,Manuf_0071,Retail_0071
173,Manuf_0072,Retail_0072
174,Manuf_0073,Retail_0073
175,Manuf_0074,Retail_0074
176,Manuf_0075,Retail_0075
177,Manuf_0076,Retail_0076
178,Manuf_0077,Retail_0077
179,Manuf_0078,Retail_0078
180,Manuf_0079,Retail_0079
181,Manuf_0080,Retail_0080
182,Manuf_0081,Retail_0081
183,Manuf_0082,Retail_0082
184,Manuf_0083,Retail_0083
185,Manuf_0084,Retail_0084
186,Manuf_0085,Retail_0085
187,Manuf_0086,Retail_0086
188,Manuf_0087,Retail_0087
189,Manuf_0088,Retail_0088
190,Manuf_0089,Retail_0089
191,Manuf_0090,Retail_0090
192,Manuf_0091,Retail_0091
193,Manuf_0092,Retail_0092
194,Manuf_0093,Retail_0093
195,Manuf_0094,Retail_0094
196,Manuf_0095,Retail_0095
197,Manuf_0096,Retail_0096
198,Manuf_0097,Retail_0097
199,Manuf_0098,Retail_0098
200,Manuf_0099,Retail_0099
201,Manuf_0100,Retail_0100
202,Manuf_0101,Retail_0101
203,Manuf_0102,Retail_0102
204,Manuf_0103,Retail_0103
205,Manuf_0104,Retail_0104
206,Manuf_0105,Retail_0105
207,Manuf_0106,Retail_0106
208,Manuf_0107,Retail_0107
209,Manuf_0108,Retail_0108
210,Manuf_0109,Retail_0109
211,Manuf_0110,Retail_0110
212,Manuf_0111,Retail_0111
213,Manuf_0112,Retail_0112
214,Manuf_0113,Retail_0113
215,Manuf_0114,Retail_0114
216,Manuf_0115,Retail_0115
217,Manuf_0116,Retail_0116
218,Manuf_0117,Retail_0117
219,Manuf_0118,Retail_0118
220,Manuf_0119,Retail_0119
221,Manuf_0120,Retail_0120
222,Manuf_0121,Retail_0121
223,Manuf_0122,Retail_0122
224,Manuf_0123,Retail_0123
225,Trans_0001,Trans_0002
226,Trans_0001,Trans_0003
227,Trans_0001,Trans_0004
228,Trans_0002,Manuf_0100
229,Trans_0002,Manuf_0101
230,Trans_0002,Manuf_0102
231,Trans_0002,Manuf_0103
232,Trans_0002,Manuf_0104
233,Trans_0002,Manuf_0105
234,Trans_0002,Manuf_0106
235,Trans_0002,Manuf_0107
236,Trans_0002,Manuf_0108
237,Trans_0002,Manuf_0109
238,Trans_0003,Manuf_0109
239,Trans_0003,Manuf_0110
240,Trans_0003,Manuf_0111
241,Trans_0003,Manuf_0112
242,Trans_0003,Manuf_0113
243,Trans_0003,Manuf_0114
244,Trans_0003,Manuf_0115
245,Trans_0004,Manuf_0116
246,Trans_0004,Manuf_0117
247,Trans_0004,Manuf_0118
248,Trans_0004,Manuf_0119
249,Trans_0004,Manuf_0120
250,Trans_0004,Manuf_0121
251,Trans_0004,Manuf_0122
252,Trans_0004,Manuf_0123
