,child,parent
0,Dist_0001,Dist_0036
1,Dist_0002,Dist_0037
2,Dist_0003,Dist_0038
3,Dist_0003,Dist_0039
4,Dist_0004,Dist_0040
5,Dist_0005,Dist_0041
6,Dist_0005,Dist_0042
7,Dist_0006,Dist_0043
8,Dist_0006,Dist_0044
9,Dist_0007,Dist_0045
10,Dist_0007,Dist_0046
11,Dist_0008,Dist_0047
12,Dist_0009,Dist_0048
13,Dist_0010,Dist_0049
14,Dist_0011,Dist_0050
15,Dist_0012,Dist_0051
16,Dist_0013,Dist_0052
17,Dist_0014,Dist_0053
18,Dist_0014,Dist_0054
19,Dist_0015,Dist_0055
20,Dist_0016,Dist_0056
21,Dist_0017,Dist_0057
22,Dist_0018,Dist_0058
23,Dist_0018,Dist_0059
24,Dist_0019,Dist_0060
25,Dist_0019,Dist_0061
26,Dist_0020,Dist_0062
27,Dist_0021,Dist_0063
28,Dist_0022,Dist_0064
29,Dist_0023,Dist_0065
30,Dist_0024,Dist_0066
31,Dist_0025,Dist_0067
32,Dist_0026,Dist_0068
33,Dist_0027,Dist_0069
34,Dist_0028,Dist_0070
35,Dist_0029,Dist_0071
36,Dist_0030,Dist_0072
37,Dist_0031,Dist_0073
38,Dist_0032,Dist_0074
39,Dist_0033,Dist_0075
40,Dist_0034,Dist_0076
41,Dist_0035,Dist_0077
42,Manuf_0001,Manuf_0010
43,Manuf_0002,Manuf_0023
44,Manuf_0003,Manuf_0024
45,Manuf_0004,Manuf_0027
46,Manuf_0005,Manuf_0029
47,Manuf_0005,Manuf_0030
48,Manuf_0005,Manuf_0031
49,Manuf_0006,Manuf_0029
50,Manuf_0007,Manuf_0029
51,Manuf_0007,Manuf_0030
52,Manuf_0008,Manuf_0031
53,Manuf_0009,Manuf_0030
54,Manuf_0009,Manuf_0031
55,Manuf_0010,Manuf_0032
56,Manuf_0011,Manuf_0032
57,Manuf_0011,Manuf_0033
58,Manuf_0011,Manuf_0034
59,Manuf_0011,Manuf_0035
60,Manuf_0011,Manuf_0036
61,Manuf_0011,Manuf_0037
62,Manuf_0011,Manuf_0038
63,Manuf_0011,Manuf_0039
64,Manuf_0011,Manuf_0040
65,Manuf_0011,Manuf_0041
66,Manuf_0011,Manuf_0042
67,Manuf_0011,Manuf_0043
68,Manuf_0011,Manuf_0044
69,Manuf_0011,Manuf_0045
70,Manuf_0011,Manuf_0047
71,Manuf_0011,Manuf_0048
72,Manuf_0012,Manuf_0046
73,Manuf_0013,Manuf_0039
74,Manuf_0014,Manuf_0032
75,Manuf_0015,Manuf_0032
76,Manuf_0016,Manuf_0035
77,Manuf_0016,Manuf_0036
78,Manuf_0017,Manuf_0046
79,Manuf_0018,Manuf_0032
80,Manuf_0018,Manuf_0033
81,Manuf_0018,Manuf_0034
82,Manuf_0018,Manuf_0035
83,Manuf_0018,Manuf_0036
84,Manuf_0018,Manuf_0037
85,Manuf_0018,Manuf_0038
86,Manuf_0018,Manuf_0039
87,Manuf_0018,Manuf_0040
88,Manuf_0018,Manuf_0041
89,Manuf_0018,Manuf_0042
90,Manuf_0018,Manuf_0043
91,Manuf_0018,Manuf_0044
92,Manuf_0018,Manuf_0045
93,Manuf_0018,Manuf_0047
94,Manuf_0018,Manuf_0048
95,Manuf_0019,Manuf_0032
96,Manuf_0019,Manuf_0033
97,Manuf_0019,Manuf_0034
98,Manuf_0019,Manuf_0040
99,Manuf_0019,Manuf_0041
100,Manuf_0019,Manuf_0043
101,Manuf_0019,Manuf_0046
102,Manuf_0019,Manuf_0047
103,Manuf_0019,Manuf_0048
104,Manuf_0020,Manuf_0034
105,Manuf_0020,Manuf_0035
106,Manuf_0020,Manuf_0036
107,Manuf_0020,Manuf_0037
108,Manuf_0020,Manuf_0038
109,Manuf_0020,Manuf_0039
110,Manuf_0020,Manuf_0043
111,Manuf_0020,Manuf_0044
112,Manuf_0020,Manuf_0045
113,Manuf_0020,Manuf_0046
114,Manuf_0021,Manuf_0032
115,Manuf_0021,Manuf_0033
116,Manuf_0021,Manuf_0047
117,Manuf_0022,Manuf_0040
118,Manuf_0022,Manuf_0041
119,Manuf_0022,Manuf_0042
120,Manuf_0022,Manuf_0048
121,Manuf_0023,Manuf_0044
122,Manuf_0024,Manuf_0045
123,Manuf_0025,Manuf_0032
124,Manuf_0025,Manuf_0033
125,Manuf_0025,Manuf_0034
126,Manuf_0025,Manuf_0035
127,Manuf_0025,Manuf_0036
128,Manuf_0025,Manuf_0040
129,Manuf_0025,Manuf_0041
130,Manuf_0025,Manuf_0042
131,Manuf_0025,Manuf_0043
132,Manuf_0025,Manuf_0046
133,Manuf_0025,Manuf_0047
134,Manuf_0025,Manuf_0048
135,Manuf_0026,Manuf_0040
136,Manuf_0026,Manuf_0041
137,Manuf_0026,Manuf_0042
138,Manuf_0026,Manuf_0043
139,Manuf_0026,Manuf_0046
140,Manuf_0026,Manuf_0048
141,Manuf_0027,Manuf_0037
142,Manuf_0027,Manuf_0038
143,Manuf_0027,Manuf_0039
144,Manuf_0028,Manuf_0032
145,Manuf_0028,Manuf_0033
146,Manuf_0028,Manuf_0034
147,Manuf_0028,Manuf_0035
148,Manuf_0028,Manuf_0047
149,Manuf_0029,Manuf_0046
150,Manuf_0030,Manuf_0034
151,Manuf_0030,Manuf_0035
152,Manuf_0030,Manuf_0036
153,Manuf_0030,Manuf_0037
154,Manuf_0030,Manuf_0038
155,Manuf_0030,Manuf_0039
156,Manuf_0030,Manuf_0043
157,Manuf_0030,Manuf_0044
158,Manuf_0030,Manuf_0045
159,Manuf_0031,Manuf_0032
160,Manuf_0031,Manuf_0033
161,Manuf_0031,Manuf_0040
162,Manuf_0031,Manuf_0041
163,Manuf_0031,Manuf_0042
164,Manuf_0031,Manuf_0047
165,Manuf_0031,Manuf_0048
166,Manuf_0032,Dist_0001
167,Manuf_0032,Dist_0002
168,Manuf_0033,Dist_0003
169,Manuf_0033,Dist_0004
170,Manuf_0033,Dist_0005
171,Manuf_0034,Dist_0006
172,Manuf_0034,Dist_0007
173,Manuf_0035,Dist_0008
174,Manuf_0035,Dist_0009
175,Manuf_0036,Dist_0010
176,Manuf_0036,Dist_0011
177,Manuf_0037,Dist_0012
178,Manuf_0037,Dist_0013
179,Manuf_0038,Dist_0014
180,Manuf_0038,Dist_0015
181,Manuf_0039,Dist_0016
182,Manuf_0039,Dist_0017
183,Manuf_0040,Dist_0018
184,Manuf_0040,Dist_0019
185,Manuf_0041,Dist_0020
186,Manuf_0041,Dist_0021
187,Manuf_0042,Dist_0022
188,Manuf_0042,Dist_0023
189,Manuf_0043,Dist_0024
190,Manuf_0043,Dist_0025
191,Manuf_0044,Dist_0026
192,Manuf_0044,Dist_0027
193,Manuf_0045,Dist_0028
194,Manuf_0045,Dist_0029
195,Manuf_0046,Dist_0030
196,Manuf_0046,Dist_0031
197,Manuf_0047,Dist_0032
198,Manuf_0047,Dist_0033
199,Manuf_0048,Dist_0034
200,Manuf_0048,Dist_0035
201,Part_0001,Manuf_0001
202,Part_0001,Manuf_0011
203,Part_0001,Manuf_0012
204,Part_0001,Manuf_0017
205,Part_0001,Manuf_0018
206,Part_0001,Manuf_0032
207,Part_0002,Manuf_0003
208,Part_0002,Manuf_0023
209,Part_0002,Manuf_0025
210,Part_0002,Manuf_0027
211,Part_0002,Manuf_0032
212,Part_0002,Manuf_0033
213,Part_0002,Manuf_0034
214,Part_0002,Manuf_0035
215,Part_0002,Manuf_0036
216,Part_0002,Manuf_0037
217,Part_0002,Manuf_0038
218,Part_0002,Manuf_0039
219,Part_0002,Manuf_0040
220,Part_0002,Manuf_0041
221,Part_0002,Manuf_0042
222,Part_0002,Manuf_0043
223,Part_0002,Manuf_0044
224,Part_0002,Manuf_0045
225,Part_0002,Manuf_0046
226,Part_0002,Manuf_0047
227,Part_0002,Manuf_0048
228,Part_0003,Manuf_0024
229,Part_0003,Manuf_0027
230,Part_0003,Manuf_0032
231,Part_0003,Manuf_0033
232,Part_0003,Manuf_0034
233,Part_0003,Manuf_0035
234,Part_0003,Manuf_0036
235,Part_0003,Manuf_0037
236,Part_0003,Manuf_0038
237,Part_0003,Manuf_0039
238,Part_0003,Manuf_0040
239,Part_0003,Manuf_0041
240,Part_0003,Manuf_0042
241,Part_0003,Manuf_0043
242,Part_0003,Manuf_0044
243,Part_0003,Manuf_0046
244,Part_0003,Manuf_0047
245,Part_0003,Manuf_0048
246,Part_0004,Manuf_0023
247,Part_0004,Manuf_0044
248,Part_0005,Manuf_0027
249,Part_0005,Manuf_0037
250,Part_0005,Manuf_0038
251,Part_0005,Manuf_0039
252,Part_0006,Manuf_0003
253,Part_0006,Manuf_0025
254,Part_0006,Manuf_0032
255,Part_0006,Manuf_0033
256,Part_0006,Manuf_0034
257,Part_0006,Manuf_0035
258,Part_0006,Manuf_0036
259,Part_0006,Manuf_0040
260,Part_0006,Manuf_0041
261,Part_0006,Manuf_0042
262,Part_0006,Manuf_0043
263,Part_0006,Manuf_0045
264,Part_0006,Manuf_0046
265,Part_0006,Manuf_0047
266,Part_0006,Manuf_0048
267,Part_0007,Manuf_0001
268,Part_0007,Manuf_0005
269,Part_0007,Manuf_0032
270,Part_0008,Manuf_0002
271,Part_0009,Manuf_0002
272,Part_0010,Manuf_0003
273,Part_0011,Manuf_0003
274,Part_0012,Manuf_0003
275,Part_0012,Manuf_0025
276,Part_0013,Manuf_0003
277,Part_0013,Manuf_0025
278,Part_0014,Manuf_0004
279,Part_0015,Manuf_0004
280,Part_0016,Manuf_0029
281,Part_0016,Manuf_0030
282,Part_0016,Manuf_0031
283,Part_0017,Manuf_0007
284,Part_0017,Manuf_0029
285,Part_0017,Manuf_0030
286,Part_0017,Manuf_0031
287,Part_0018,Manuf_0007
288,Part_0019,Manuf_0007
289,Part_0019,Manuf_0008
290,Part_0020,Manuf_0007
291,Part_0020,Manuf_0008
292,Part_0021,Manuf_0007
293,Part_0021,Manuf_0008
294,Part_0022,Manuf_0008
295,Part_0023,Manuf_0009
296,Part_0024,Manuf_0010
297,Part_0025,Manuf_0011
298,Part_0025,Manuf_0012
299,Part_0026,Manuf_0013
300,Part_0027,Manuf_0013
301,Part_0028,Manuf_0013
302,Part_0029,Manuf_0014
303,Part_0029,Manuf_0015
304,Part_0030,Manuf_0016
305,Part_0031,Manuf_0016
306,Part_0031,Manuf_0019
307,Part_0032,Manuf_0016
308,Part_0032,Manuf_0019
309,Part_0033,Manuf_0006
310,Part_0033,Manuf_0017
311,Part_0033,Manuf_0018
312,Part_0034,Manuf_0016
313,Part_0034,Manuf_0019
314,Part_0035,Manuf_0019
315,Part_0036,Manuf_0020
316,Part_0036,Manuf_0021
317,Part_0036,Manuf_0022
318,Part_0037,Manuf_0020
319,Part_0037,Manuf_0021
320,Part_0037,Manuf_0022
321,Part_0038,Manuf_0020
322,Part_0038,Manuf_0022
323,Part_0039,Manuf_0020
324,Part_0039,Manuf_0021
325,Part_0039,Manuf_0022
326,Part_0040,Manuf_0020
327,Part_0040,Manuf_0021
328,Part_0040,Manuf_0022
329,Part_0041,Manuf_0020
330,Part_0041,Manuf_0021
331,Part_0041,Manuf_0022
332,Part_0042,Manuf_0020
333,Part_0043,Manuf_0021
334,Part_0044,Manuf_0020
335,Part_0044,Manuf_0021
336,Part_0044,Manuf_0022
337,Part_0045,Manuf_0020
338,Part_0045,Manuf_0021
339,Part_0045,Manuf_0022
340,Part_0046,Manuf_0020
341,Part_0046,Manuf_0021
342,Part_0046,Manuf_0022
343,Part_0047,Manuf_0020
344,Part_0047,Manuf_0021
345,Part_0047,Manuf_0022
346,Part_0048,Manuf_0020
347,Part_0048,Manuf_0021
348,Part_0048,Manuf_0022
349,Part_0049,Manuf_0020
350,Part_0049,Manuf_0021
351,Part_0049,Manuf_0022
352,Part_0050,Manuf_0020
353,Part_0050,Manuf_0021
354,Part_0050,Manuf_0022
355,Part_0051,Manuf_0021
356,Part_0051,Manuf_0022
357,Part_0052,Manuf_0023
358,Part_0052,Manuf_0027
359,Part_0053,Manuf_0023
360,Part_0054,Manuf_0023
361,Part_0054,Manuf_0027
362,Part_0055,Manuf_0024
363,Part_0056,Manuf_0025
364,Part_0057,Manuf_0026
365,Part_0058,Manuf_0019
366,Part_0058,Manuf_0026
367,Part_0058,Manuf_0028
368,Part_0059,Manuf_0027
369,Part_0060,Manuf_0023
370,Part_0060,Manuf_0027
371,Part_0061,Manuf_0023
372,Part_0061,Manuf_0027
373,Part_0062,Manuf_0027
374,Part_0063,Manuf_0027
375,Part_0064,Manuf_0027
376,Part_0065,Manuf_0027
377,Part_0066,Manuf_0027
378,Part_0067,Manuf_0027
379,Part_0068,Manuf_0028
380,Part_0069,Manuf_0028
381,Part_0070,Manuf_0029
382,Part_0070,Manuf_0030
383,Part_0070,Manuf_0031
384,Part_0071,Manuf_0029
385,Part_0071,Manuf_0030
386,Part_0071,Manuf_0031
387,Part_0072,Manuf_0029
388,Part_0072,Manuf_0030
389,Part_0073,Manuf_0029
390,Part_0073,Manuf_0030
391,Part_0073,Manuf_0031
392,Part_0074,Manuf_0031
393,Part_0075,Manuf_0032
394,Part_0076,Manuf_0032
395,Part_0077,Manuf_0032
396,Part_0078,Manuf_0032
397,Part_0079,Manuf_0032
398,Part_0080,Manuf_0033
399,Part_0081,Manuf_0033
400,Part_0082,Manuf_0032
401,Part_0082,Manuf_0035
402,Part_0082,Manuf_0048
403,Part_0083,Manuf_0032
404,Part_0083,Manuf_0033
405,Part_0083,Manuf_0047
406,Part_0084,Manuf_0035
407,Part_0084,Manuf_0036
408,Part_0085,Manuf_0032
409,Part_0085,Manuf_0033
410,Part_0085,Manuf_0047
411,Part_0086,Manuf_0032
412,Part_0086,Manuf_0033
413,Part_0086,Manuf_0047
414,Part_0087,Manuf_0034
415,Part_0088,Manuf_0034
416,Part_0089,Manuf_0034
417,Part_0089,Manuf_0035
418,Part_0090,Manuf_0035
419,Part_0091,Manuf_0035
420,Part_0092,Manuf_0035
421,Part_0093,Manuf_0035
422,Part_0094,Manuf_0035
423,Part_0095,Manuf_0035
424,Part_0095,Manuf_0036
425,Part_0096,Manuf_0036
426,Part_0097,Manuf_0036
427,Part_0098,Manuf_0037
428,Part_0099,Manuf_0037
429,Part_0100,Manuf_0037
430,Part_0101,Manuf_0037
431,Part_0102,Manuf_0038
432,Part_0103,Manuf_0038
433,Part_0104,Manuf_0038
434,Part_0105,Manuf_0039
435,Part_0106,Manuf_0039
436,Part_0107,Manuf_0039
437,Part_0108,Manuf_0040
438,Part_0109,Manuf_0040
439,Part_0109,Manuf_0041
440,Part_0110,Manuf_0041
441,Part_0111,Manuf_0041
442,Part_0112,Manuf_0042
443,Part_0113,Manuf_0042
444,Part_0114,Manuf_0042
445,Part_0115,Manuf_0042
446,Part_0116,Manuf_0042
447,Part_0117,Manuf_0042
448,Part_0118,Manuf_0042
449,Part_0119,Manuf_0043
450,Part_0120,Manuf_0043
451,Part_0121,Manuf_0043
452,Part_0122,Manuf_0043
453,Part_0123,Manuf_0044
454,Part_0124,Manuf_0044
455,Part_0125,Manuf_0045
456,Part_0126,Manuf_0045
457,Part_0127,Manuf_0046
458,Part_0128,Manuf_0046
459,Part_0129,Manuf_0046
460,Part_0130,Manuf_0046
461,Part_0131,Manuf_0046
462,Part_0132,Manuf_0047
463,Part_0133,Manuf_0047
464,Part_0134,Manuf_0047
465,Part_0135,Manuf_0046
466,Part_0135,Manuf_0047
467,Part_0135,Manuf_0048
468,Part_0136,Manuf_0046
469,Part_0136,Manuf_0047
470,Part_0136,Manuf_0048
471,Part_0137,Manuf_0046
472,Part_0137,Manuf_0048
473,Part_0138,Manuf_0048
474,Part_0139,Manuf_0048
475,Part_0140,Manuf_0047
476,Part_0140,Manuf_0048
477,Part_0141,Manuf_0046
478,Part_0141,Manuf_0047
479,Part_0141,Manuf_0048
480,Part_0142,Manuf_0032
481,Part_0142,Manuf_0033
482,Part_0142,Manuf_0034
483,Part_0142,Manuf_0035
484,Part_0142,Manuf_0047
485,Part_0143,Manuf_0034
486,Part_0143,Manuf_0035
487,Part_0143,Manuf_0036
488,Part_0143,Manuf_0037
489,Part_0143,Manuf_0038
490,Part_0143,Manuf_0039
491,Part_0143,Manuf_0043
492,Part_0143,Manuf_0044
493,Part_0143,Manuf_0045
494,Part_0143,Manuf_0046
495,Part_0144,Manuf_0032
496,Part_0144,Manuf_0033
497,Part_0144,Manuf_0040
498,Part_0144,Manuf_0041
499,Part_0144,Manuf_0042
500,Part_0145,Manuf_0032
501,Part_0145,Manuf_0033
502,Part_0145,Manuf_0034
503,Part_0145,Manuf_0035
504,Part_0145,Manuf_0036
505,Part_0145,Manuf_0037
506,Part_0145,Manuf_0038
507,Part_0145,Manuf_0039
508,Part_0145,Manuf_0040
509,Part_0145,Manuf_0041
510,Part_0145,Manuf_0042
511,Part_0145,Manuf_0043
512,Part_0145,Manuf_0044
513,Part_0145,Manuf_0045
514,Part_0145,Manuf_0046
515,Part_0145,Manuf_0047
516,Part_0145,Manuf_0048
517,Part_0146,Manuf_0032
518,Part_0146,Manuf_0033
519,Part_0146,Manuf_0034
520,Part_0146,Manuf_0035
521,Part_0146,Manuf_0036
522,Part_0146,Manuf_0037
523,Part_0146,Manuf_0038
524,Part_0146,Manuf_0039
525,Part_0146,Manuf_0040
526,Part_0146,Manuf_0041
527,Part_0146,Manuf_0042
528,Part_0146,Manuf_0043
529,Part_0146,Manuf_0044
530,Part_0146,Manuf_0045
531,Part_0146,Manuf_0046
532,Part_0146,Manuf_0047
533,Part_0146,Manuf_0048
534,Part_0147,Manuf_0032
535,Part_0147,Manuf_0033
536,Part_0147,Manuf_0034
537,Part_0147,Manuf_0036
538,Part_0147,Manuf_0037
539,Part_0147,Manuf_0038
540,Part_0147,Manuf_0039
541,Part_0147,Manuf_0040
542,Part_0147,Manuf_0043
543,Part_0147,Manuf_0044
544,Part_0147,Manuf_0045
545,Part_0148,Manuf_0032
546,Part_0148,Manuf_0033
547,Part_0148,Manuf_0034
548,Part_0148,Manuf_0035
549,Part_0148,Manuf_0037
550,Part_0148,Manuf_0038
551,Part_0148,Manuf_0039
552,Part_0148,Manuf_0040
553,Part_0148,Manuf_0041
554,Part_0148,Manuf_0042
555,Part_0148,Manuf_0043
556,Part_0148,Manuf_0044
557,Part_0148,Manuf_0045
558,Part_0148,Manuf_0046
559,Part_0148,Manuf_0047
560,Part_0148,Manuf_0048
561,Part_0149,Manuf_0032
562,Part_0149,Manuf_0033
563,Part_0149,Manuf_0034
564,Part_0149,Manuf_0036
565,Part_0149,Manuf_0037
566,Part_0149,Manuf_0038
567,Part_0149,Manuf_0039
568,Part_0149,Manuf_0040
569,Part_0149,Manuf_0044
570,Part_0149,Manuf_0045
571,Part_0150,Manuf_0033
572,Part_0150,Manuf_0034
573,Part_0150,Manuf_0036
574,Part_0150,Manuf_0037
575,Part_0150,Manuf_0038
576,Part_0150,Manuf_0039
577,Part_0150,Manuf_0040
578,Part_0150,Manuf_0041
579,Part_0150,Manuf_0042
580,Part_0150,Manuf_0043
581,Part_0150,Manuf_0044
582,Part_0150,Manuf_0045
583,Part_0150,Manuf_0046
584,Part_0150,Manuf_0047
585,Part_0151,Manuf_0032
586,Part_0151,Manuf_0033
587,Part_0151,Manuf_0034
588,Part_0151,Manuf_0035
589,Part_0151,Manuf_0036
590,Part_0151,Manuf_0037
591,Part_0151,Manuf_0038
592,Part_0151,Manuf_0039
593,Part_0151,Manuf_0040
594,Part_0151,Manuf_0041
595,Part_0151,Manuf_0042
596,Part_0151,Manuf_0043
597,Part_0151,Manuf_0044
598,Part_0151,Manuf_0045
599,Part_0151,Manuf_0046
600,Part_0151,Manuf_0047
601,Part_0151,Manuf_0048
602,Part_0152,Manuf_0033
603,Part_0152,Manuf_0034
604,Part_0152,Manuf_0036
605,Part_0152,Manuf_0037
606,Part_0152,Manuf_0038
607,Part_0152,Manuf_0039
608,Part_0152,Manuf_0040
609,Part_0152,Manuf_0041
610,Part_0152,Manuf_0042
611,Part_0152,Manuf_0043
612,Part_0152,Manuf_0044
613,Part_0152,Manuf_0046
614,Part_0152,Manuf_0047
615,Part_0153,Manuf_0032
616,Part_0153,Manuf_0035
617,Part_0153,Manuf_0045
618,Part_0153,Manuf_0048
619,Part_0154,Manuf_0032
620,Part_0154,Manuf_0033
621,Part_0154,Manuf_0034
622,Part_0154,Manuf_0035
623,Part_0154,Manuf_0036
624,Part_0154,Manuf_0037
625,Part_0154,Manuf_0038
626,Part_0154,Manuf_0039
627,Part_0154,Manuf_0040
628,Part_0154,Manuf_0041
629,Part_0154,Manuf_0042
630,Part_0154,Manuf_0043
631,Part_0154,Manuf_0044
632,Part_0154,Manuf_0045
633,Part_0154,Manuf_0046
634,Part_0154,Manuf_0047
635,Part_0154,Manuf_0048
636,Part_0155,Manuf_0032
637,Part_0155,Manuf_0033
638,Part_0155,Manuf_0034
639,Part_0155,Manuf_0035
640,Part_0155,Manuf_0044
641,Part_0155,Manuf_0045
642,Part_0156,Manuf_0032
643,Part_0156,Manuf_0033
644,Part_0156,Manuf_0034
645,Part_0156,Manuf_0035
646,Part_0156,Manuf_0036
647,Part_0156,Manuf_0037
648,Part_0156,Manuf_0038
649,Part_0156,Manuf_0039
650,Part_0156,Manuf_0040
651,Part_0156,Manuf_0041
652,Part_0156,Manuf_0042
653,Part_0156,Manuf_0043
654,Part_0156,Manuf_0044
655,Part_0156,Manuf_0045
656,Part_0156,Manuf_0046
657,Part_0156,Manuf_0047
658,Part_0156,Manuf_0048
659,Part_0157,Manuf_0036
660,Part_0157,Manuf_0037
661,Part_0157,Manuf_0038
662,Part_0157,Manuf_0039
663,Part_0157,Manuf_0040
664,Part_0157,Manuf_0041
665,Part_0157,Manuf_0042
666,Part_0157,Manuf_0043
667,Part_0157,Manuf_0044
668,Part_0157,Manuf_0045
669,Part_0157,Manuf_0046
670,Part_0157,Manuf_0048
671,Part_0158,Manuf_0032
672,Part_0158,Manuf_0033
673,Part_0158,Manuf_0034
674,Part_0158,Manuf_0035
675,Part_0158,Manuf_0036
676,Part_0158,Manuf_0037
677,Part_0158,Manuf_0038
678,Part_0158,Manuf_0039
679,Part_0158,Manuf_0040
680,Part_0158,Manuf_0041
681,Part_0158,Manuf_0042
682,Part_0158,Manuf_0043
683,Part_0158,Manuf_0044
684,Part_0158,Manuf_0045
685,Part_0158,Manuf_0046
686,Part_0158,Manuf_0047
687,Part_0158,Manuf_0048
688,Part_0159,Manuf_0032
689,Part_0159,Manuf_0033
690,Part_0159,Manuf_0034
691,Part_0159,Manuf_0035
692,Part_0159,Manuf_0036
693,Part_0159,Manuf_0038
694,Part_0159,Manuf_0039
695,Part_0159,Manuf_0040
696,Part_0159,Manuf_0041
697,Part_0159,Manuf_0042
698,Part_0159,Manuf_0043
699,Part_0159,Manuf_0044
700,Part_0159,Manuf_0045
701,Part_0159,Manuf_0046
702,Part_0159,Manuf_0047
703,Part_0159,Manuf_0048
704,Part_0160,Manuf_0032
705,Part_0160,Manuf_0033
706,Part_0160,Manuf_0034
707,Part_0160,Manuf_0035
708,Part_0160,Manuf_0036
709,Part_0160,Manuf_0037
710,Part_0160,Manuf_0038
711,Part_0160,Manuf_0040
712,Part_0160,Manuf_0042
713,Part_0160,Manuf_0043
714,Part_0161,Manuf_0036
715,Part_0161,Manuf_0037
716,Part_0161,Manuf_0038
717,Part_0161,Manuf_0039
718,Part_0161,Manuf_0040
719,Part_0161,Manuf_0041
720,Part_0161,Manuf_0042
721,Part_0161,Manuf_0043
722,Part_0162,Manuf_0032
723,Part_0162,Manuf_0033
724,Part_0162,Manuf_0034
725,Part_0162,Manuf_0035
726,Part_0162,Manuf_0036
727,Part_0162,Manuf_0037
728,Part_0162,Manuf_0038
729,Part_0162,Manuf_0039
730,Part_0162,Manuf_0040
731,Part_0162,Manuf_0041
732,Part_0162,Manuf_0042
733,Part_0162,Manuf_0043
734,Part_0162,Manuf_0044
735,Part_0162,Manuf_0045
736,Part_0162,Manuf_0046
737,Part_0162,Manuf_0047
738,Part_0162,Manuf_0048
739,Part_0163,Manuf_0032
740,Part_0163,Manuf_0033
741,Part_0163,Manuf_0034
742,Part_0163,Manuf_0035
743,Part_0163,Manuf_0036
744,Part_0163,Manuf_0037
745,Part_0163,Manuf_0038
746,Part_0163,Manuf_0039
747,Part_0163,Manuf_0040
748,Part_0163,Manuf_0041
749,Part_0163,Manuf_0042
750,Part_0163,Manuf_0043
751,Part_0163,Manuf_0044
752,Part_0163,Manuf_0045
753,Part_0163,Manuf_0046
754,Part_0163,Manuf_0047
755,Part_0163,Manuf_0048
756,Part_0164,Manuf_0036
757,Part_0164,Manuf_0037
758,Part_0164,Manuf_0038
759,Part_0164,Manuf_0039
760,Part_0164,Manuf_0043
761,Part_0164,Manuf_0044
762,Part_0164,Manuf_0045
763,Part_0164,Manuf_0046
764,Part_0165,Manuf_0034
765,Part_0165,Manuf_0035
766,Part_0165,Manuf_0036
767,Part_0165,Manuf_0037
768,Part_0165,Manuf_0038
769,Part_0165,Manuf_0039
770,Part_0165,Manuf_0043
771,Part_0165,Manuf_0044
772,Part_0165,Manuf_0045
773,Part_0165,Manuf_0046
774,Part_0166,Manuf_0039
775,Part_0166,Manuf_0041
776,Part_0166,Manuf_0044
777,Part_0166,Manuf_0045
778,Part_0166,Manuf_0046
779,Part_0166,Manuf_0047
780,Part_0166,Manuf_0048
781,Part_0167,Manuf_0032
782,Part_0167,Manuf_0033
783,Part_0167,Manuf_0034
784,Part_0167,Manuf_0035
785,Part_0167,Manuf_0036
786,Part_0167,Manuf_0037
787,Part_0167,Manuf_0038
788,Part_0167,Manuf_0039
789,Part_0167,Manuf_0040
790,Part_0167,Manuf_0041
791,Part_0167,Manuf_0042
792,Part_0167,Manuf_0043
793,Part_0167,Manuf_0044
794,Part_0167,Manuf_0045
795,Part_0167,Manuf_0046
796,Part_0167,Manuf_0047
797,Part_0167,Manuf_0048
798,Part_0168,Manuf_0032
799,Part_0168,Manuf_0033
800,Part_0168,Manuf_0034
801,Part_0168,Manuf_0035
802,Part_0168,Manuf_0036
803,Part_0168,Manuf_0037
804,Part_0168,Manuf_0038
805,Part_0168,Manuf_0039
806,Part_0168,Manuf_0040
807,Part_0168,Manuf_0041
808,Part_0168,Manuf_0042
809,Part_0168,Manuf_0043
810,Part_0168,Manuf_0044
811,Part_0168,Manuf_0045
812,Part_0168,Manuf_0046
813,Part_0168,Manuf_0047
814,Part_0168,Manuf_0048
815,Part_0169,Manuf_0034
816,Part_0169,Manuf_0035
817,Part_0169,Manuf_0036
818,Part_0169,Manuf_0037
819,Part_0169,Manuf_0038
820,Part_0169,Manuf_0039
821,Part_0169,Manuf_0043
822,Part_0169,Manuf_0044
823,Part_0169,Manuf_0045
824,Part_0169,Manuf_0046
825,Part_0170,Manuf_0044
826,Part_0170,Manuf_0045
827,Part_0170,Manuf_0047
828,Part_0170,Manuf_0048
829,Part_0171,Manuf_0032
830,Part_0171,Manuf_0033
831,Part_0171,Manuf_0034
832,Part_0171,Manuf_0035
833,Part_0171,Manuf_0036
834,Part_0171,Manuf_0037
835,Part_0171,Manuf_0039
836,Part_0171,Manuf_0040
837,Part_0171,Manuf_0043
838,Part_0172,Manuf_0041
839,Part_0172,Manuf_0042
840,Part_0172,Manuf_0046
841,Part_0172,Manuf_0047
842,Part_0172,Manuf_0048
843,Part_0173,Manuf_0032
844,Part_0173,Manuf_0033
845,Part_0173,Manuf_0034
846,Part_0173,Manuf_0035
847,Part_0173,Manuf_0036
848,Part_0173,Manuf_0037
849,Part_0173,Manuf_0038
850,Part_0173,Manuf_0039
851,Part_0173,Manuf_0040
852,Part_0173,Manuf_0041
853,Part_0173,Manuf_0042
854,Part_0173,Manuf_0043
855,Part_0173,Manuf_0044
856,Part_0173,Manuf_0045
857,Part_0174,Manuf_0032
858,Part_0174,Manuf_0033
859,Part_0174,Manuf_0034
860,Part_0174,Manuf_0035
861,Part_0174,Manuf_0036
862,Part_0174,Manuf_0037
863,Part_0174,Manuf_0038
864,Part_0174,Manuf_0039
865,Part_0174,Manuf_0040
866,Part_0174,Manuf_0041
867,Part_0174,Manuf_0042
868,Part_0174,Manuf_0043
869,Part_0174,Manuf_0044
870,Part_0174,Manuf_0045
871,Part_0174,Manuf_0046
872,Part_0174,Manuf_0047
873,Part_0174,Manuf_0048
874,Part_0175,Manuf_0032
875,Part_0175,Manuf_0033
876,Part_0175,Manuf_0034
877,Part_0175,Manuf_0035
878,Part_0175,Manuf_0040
879,Part_0175,Manuf_0041
880,Part_0175,Manuf_0042
881,Part_0175,Manuf_0047
882,Part_0175,Manuf_0048
883,Part_0176,Manuf_0032
884,Part_0176,Manuf_0033
885,Part_0176,Manuf_0034
886,Part_0176,Manuf_0036
887,Part_0176,Manuf_0037
888,Part_0176,Manuf_0038
889,Part_0176,Manuf_0039
890,Part_0176,Manuf_0040
891,Part_0176,Manuf_0043
892,Part_0176,Manuf_0044
893,Part_0176,Manuf_0045
894,Part_0177,Manuf_0032
895,Part_0177,Manuf_0033
896,Part_0177,Manuf_0034
897,Part_0177,Manuf_0035
898,Part_0177,Manuf_0036
899,Part_0177,Manuf_0037
900,Part_0177,Manuf_0038
901,Part_0177,Manuf_0039
902,Part_0177,Manuf_0040
903,Part_0177,Manuf_0041
904,Part_0177,Manuf_0042
905,Part_0177,Manuf_0043
906,Part_0177,Manuf_0044
907,Part_0177,Manuf_0045
908,Part_0178,Manuf_0032
909,Part_0178,Manuf_0033
910,Part_0178,Manuf_0034
911,Part_0178,Manuf_0035
912,Part_0178,Manuf_0036
913,Part_0178,Manuf_0037
914,Part_0178,Manuf_0038
915,Part_0178,Manuf_0039
916,Part_0178,Manuf_0040
917,Part_0178,Manuf_0041
918,Part_0178,Manuf_0042
919,Part_0178,Manuf_0043
920,Part_0178,Manuf_0044
921,Part_0178,Manuf_0045
922,Part_0178,Manuf_0046
923,Part_0178,Manuf_0047
924,Part_0178,Manuf_0048
925,Part_0179,Manuf_0032
926,Part_0179,Manuf_0033
927,Part_0179,Manuf_0034
928,Part_0179,Manuf_0035
929,Part_0179,Manuf_0036
930,Part_0179,Manuf_0037
931,Part_0179,Manuf_0038
932,Part_0179,Manuf_0039
933,Part_0179,Manuf_0040
934,Part_0179,Manuf_0041
935,Part_0179,Manuf_0042
936,Part_0179,Manuf_0043
937,Part_0179,Manuf_0044
938,Part_0179,Manuf_0045
939,Part_0179,Manuf_0046
940,Part_0179,Manuf_0047
941,Part_0179,Manuf_0048
942,Part_0180,Manuf_0032
943,Part_0180,Manuf_0033
944,Part_0180,Manuf_0034
945,Part_0180,Manuf_0035
946,Part_0180,Manuf_0036
947,Part_0180,Manuf_0038
948,Part_0180,Manuf_0039
949,Part_0180,Manuf_0040
950,Part_0180,Manuf_0041
951,Part_0180,Manuf_0042
952,Part_0180,Manuf_0043
953,Part_0180,Manuf_0044
954,Part_0180,Manuf_0045
955,Part_0180,Manuf_0047
956,Part_0180,Manuf_0048
957,Part_0181,Manuf_0040
958,Part_0181,Manuf_0041
959,Part_0181,Manuf_0042
960,Part_0181,Manuf_0048
961,Part_0182,Manuf_0040
962,Part_0182,Manuf_0041
963,Part_0182,Manuf_0042
964,Part_0182,Manuf_0048
965,Part_0183,Manuf_0032
966,Part_0183,Manuf_0033
967,Part_0183,Manuf_0034
968,Part_0183,Manuf_0035
969,Part_0183,Manuf_0036
970,Part_0183,Manuf_0037
971,Part_0183,Manuf_0038
972,Part_0183,Manuf_0039
973,Part_0183,Manuf_0040
974,Part_0183,Manuf_0041
975,Part_0183,Manuf_0043
976,Part_0183,Manuf_0044
977,Part_0183,Manuf_0045
978,Part_0184,Manuf_0032
979,Part_0184,Manuf_0033
980,Part_0184,Manuf_0034
981,Part_0184,Manuf_0035
982,Part_0184,Manuf_0036
983,Part_0184,Manuf_0037
984,Part_0184,Manuf_0038
985,Part_0184,Manuf_0040
986,Part_0184,Manuf_0043
987,Part_0185,Manuf_0039
988,Part_0185,Manuf_0041
989,Part_0185,Manuf_0044
990,Part_0185,Manuf_0045
991,Part_0185,Manuf_0046
992,Part_0185,Manuf_0047
993,Part_0185,Manuf_0048
994,Part_0186,Manuf_0032
995,Part_0186,Manuf_0033
996,Part_0186,Manuf_0034
997,Part_0186,Manuf_0035
998,Part_0186,Manuf_0037
999,Part_0186,Manuf_0038
1000,Part_0186,Manuf_0039
1001,Part_0186,Manuf_0040
1002,Part_0186,Manuf_0041
1003,Part_0186,Manuf_0042
1004,Part_0186,Manuf_0043
1005,Part_0186,Manuf_0046
1006,Part_0186,Manuf_0047
1007,Part_0186,Manuf_0048
1008,Part_0187,Manuf_0046
1009,Part_0187,Manuf_0047
1010,Part_0187,Manuf_0048
1011,Part_0188,Manuf_0034
1012,Part_0188,Manuf_0035
1013,Part_0188,Manuf_0036
1014,Part_0188,Manuf_0037
1015,Part_0188,Manuf_0038
1016,Part_0188,Manuf_0039
1017,Part_0188,Manuf_0043
1018,Part_0188,Manuf_0044
1019,Part_0188,Manuf_0045
1020,Part_0188,Manuf_0046
1021,Part_0189,Manuf_0032
1022,Part_0189,Manuf_0033
1023,Part_0189,Manuf_0040
1024,Part_0189,Manuf_0041
1025,Part_0189,Manuf_0042
1026,Part_0189,Manuf_0047
1027,Part_0189,Manuf_0048
1028,Part_0190,Manuf_0036
1029,Part_0190,Manuf_0037
1030,Part_0190,Manuf_0038
1031,Part_0190,Manuf_0039
1032,Part_0190,Manuf_0043
1033,Part_0190,Manuf_0044
1034,Part_0190,Manuf_0045
1035,Part_0190,Manuf_0046
1036,Part_0191,Manuf_0034
1037,Part_0191,Manuf_0035
1038,Part_0191,Manuf_0036
1039,Part_0191,Manuf_0038
1040,Part_0191,Manuf_0043
1041,Part_0191,Manuf_0044
1042,Part_0191,Manuf_0045
1043,Part_0191,Manuf_0046
1044,Part_0192,Manuf_0034
1045,Part_0192,Manuf_0035
1046,Part_0192,Manuf_0036
1047,Part_0192,Manuf_0038
1048,Part_0192,Manuf_0043
1049,Part_0192,Manuf_0044
1050,Part_0192,Manuf_0045
1051,Part_0192,Manuf_0046
1052,Part_0193,Manuf_0034
1053,Part_0193,Manuf_0035
1054,Part_0193,Manuf_0036
1055,Part_0193,Manuf_0037
1056,Part_0193,Manuf_0038
1057,Part_0193,Manuf_0043
1058,Part_0193,Manuf_0044
1059,Part_0193,Manuf_0045
1060,Part_0193,Manuf_0046
1061,Part_0194,Manuf_0032
1062,Part_0194,Manuf_0033
1063,Part_0194,Manuf_0034
1064,Part_0194,Manuf_0035
1065,Part_0194,Manuf_0040
1066,Part_0194,Manuf_0041
1067,Part_0194,Manuf_0042
1068,Part_0194,Manuf_0047
1069,Part_0194,Manuf_0048
1070,Part_0195,Manuf_0034
1071,Part_0195,Manuf_0035
1072,Part_0195,Manuf_0036
1073,Part_0195,Manuf_0037
1074,Part_0195,Manuf_0038
1075,Part_0195,Manuf_0039
1076,Part_0195,Manuf_0040
1077,Part_0195,Manuf_0041
1078,Part_0195,Manuf_0042
1079,Part_0195,Manuf_0043
1080,Part_0195,Manuf_0044
1081,Part_0195,Manuf_0045
1082,Part_0195,Manuf_0046
1083,Part_0195,Manuf_0048
1084,Part_0196,Manuf_0032
1085,Part_0196,Manuf_0033
1086,Part_0196,Manuf_0034
1087,Part_0196,Manuf_0035
1088,Part_0196,Manuf_0036
1089,Part_0196,Manuf_0037
1090,Part_0196,Manuf_0038
1091,Part_0196,Manuf_0039
1092,Part_0196,Manuf_0040
1093,Part_0196,Manuf_0041
1094,Part_0196,Manuf_0042
1095,Part_0196,Manuf_0043
1096,Part_0196,Manuf_0044
1097,Part_0196,Manuf_0045
1098,Part_0196,Manuf_0046
1099,Part_0196,Manuf_0047
1100,Part_0196,Manuf_0048
1101,Part_0197,Manuf_0032
1102,Part_0197,Manuf_0033
1103,Part_0197,Manuf_0034
1104,Part_0197,Manuf_0035
1105,Part_0197,Manuf_0036
1106,Part_0197,Manuf_0040
1107,Part_0197,Manuf_0041
1108,Part_0197,Manuf_0042
1109,Part_0197,Manuf_0043
1110,Part_0198,Manuf_0033
1111,Part_0198,Manuf_0034
1112,Part_0198,Manuf_0038
1113,Part_0198,Manuf_0040
1114,Part_0199,Manuf_0033
1115,Part_0199,Manuf_0041
1116,Part_0199,Manuf_0042
1117,Part_0199,Manuf_0046
1118,Part_0200,Manuf_0032
1119,Part_0200,Manuf_0033
1120,Part_0200,Manuf_0034
1121,Part_0200,Manuf_0035
1122,Part_0200,Manuf_0036
1123,Part_0200,Manuf_0037
1124,Part_0200,Manuf_0038
1125,Part_0200,Manuf_0039
1126,Part_0200,Manuf_0040
1127,Part_0200,Manuf_0041
1128,Part_0200,Manuf_0042
1129,Part_0200,Manuf_0043
1130,Part_0200,Manuf_0044
1131,Part_0200,Manuf_0045
1132,Part_0200,Manuf_0046
1133,Part_0200,Manuf_0047
1134,Part_0200,Manuf_0048
1135,Part_0201,Manuf_0032
1136,Part_0201,Manuf_0033
1137,Part_0201,Manuf_0040
1138,Part_0201,Manuf_0041
1139,Part_0201,Manuf_0042
1140,Part_0201,Manuf_0047
1141,Part_0201,Manuf_0048
1142,Part_0202,Manuf_0034
1143,Part_0202,Manuf_0035
1144,Part_0202,Manuf_0036
1145,Part_0202,Manuf_0037
1146,Part_0202,Manuf_0038
1147,Part_0202,Manuf_0039
1148,Part_0202,Manuf_0043
1149,Part_0202,Manuf_0044
1150,Part_0202,Manuf_0045
1151,Part_0202,Manuf_0046
1152,Part_0203,Manuf_0032
1153,Part_0203,Manuf_0033
1154,Part_0203,Manuf_0034
1155,Part_0203,Manuf_0035
1156,Part_0203,Manuf_0036
1157,Part_0203,Manuf_0037
1158,Part_0203,Manuf_0038
1159,Part_0203,Manuf_0039
1160,Part_0203,Manuf_0040
1161,Part_0203,Manuf_0041
1162,Part_0203,Manuf_0042
1163,Part_0203,Manuf_0043
1164,Part_0203,Manuf_0044
1165,Part_0203,Manuf_0045
1166,Part_0203,Manuf_0046
1167,Part_0203,Manuf_0047
1168,Part_0203,Manuf_0048
1169,Part_0204,Manuf_0032
1170,Part_0204,Manuf_0033
1171,Part_0204,Manuf_0034
1172,Part_0204,Manuf_0035
1173,Part_0204,Manuf_0036
1174,Part_0204,Manuf_0037
1175,Part_0204,Manuf_0038
1176,Part_0204,Manuf_0039
1177,Part_0204,Manuf_0040
1178,Part_0204,Manuf_0041
1179,Part_0204,Manuf_0042
1180,Part_0204,Manuf_0043
1181,Part_0204,Manuf_0044
1182,Part_0204,Manuf_0045
1183,Part_0204,Manuf_0046
1184,Part_0204,Manuf_0047
1185,Part_0204,Manuf_0048
1186,Part_0205,Manuf_0034
1187,Part_0205,Manuf_0035
1188,Part_0205,Manuf_0036
1189,Part_0205,Manuf_0037
1190,Part_0205,Manuf_0038
1191,Part_0205,Manuf_0039
1192,Part_0205,Manuf_0043
1193,Part_0205,Manuf_0044
1194,Part_0205,Manuf_0045
1195,Part_0205,Manuf_0046
1196,Part_0206,Manuf_0032
1197,Part_0206,Manuf_0033
1198,Part_0206,Manuf_0034
1199,Part_0206,Manuf_0035
1200,Part_0206,Manuf_0036
1201,Part_0206,Manuf_0037
1202,Part_0206,Manuf_0038
1203,Part_0206,Manuf_0039
1204,Part_0206,Manuf_0040
1205,Part_0206,Manuf_0041
1206,Part_0206,Manuf_0042
1207,Part_0206,Manuf_0043
1208,Part_0206,Manuf_0044
1209,Part_0206,Manuf_0045
1210,Part_0206,Manuf_0046
1211,Part_0206,Manuf_0047
1212,Part_0206,Manuf_0048
1213,Part_0207,Manuf_0032
1214,Part_0207,Manuf_0033
1215,Part_0207,Manuf_0034
1216,Part_0207,Manuf_0035
1217,Part_0207,Manuf_0040
1218,Part_0207,Manuf_0041
1219,Part_0207,Manuf_0042
1220,Part_0207,Manuf_0043
1221,Part_0207,Manuf_0046
1222,Part_0207,Manuf_0047
1223,Part_0207,Manuf_0048
1224,Part_0208,Manuf_0032
1225,Part_0208,Manuf_0033
1226,Part_0208,Manuf_0034
1227,Part_0208,Manuf_0035
1228,Part_0208,Manuf_0040
1229,Part_0208,Manuf_0041
1230,Part_0208,Manuf_0042
1231,Part_0208,Manuf_0043
1232,Part_0208,Manuf_0046
1233,Part_0208,Manuf_0047
1234,Part_0208,Manuf_0048
1235,Part_0209,Manuf_0034
1236,Part_0209,Manuf_0035
1237,Part_0209,Manuf_0036
1238,Part_0209,Manuf_0037
1239,Part_0209,Manuf_0038
1240,Part_0209,Manuf_0039
1241,Part_0209,Manuf_0043
1242,Part_0209,Manuf_0044
1243,Part_0209,Manuf_0045
1244,Part_0209,Manuf_0046
