,child,parent
0,Dist_0001,Dist_0008
1,Dist_0001,Dist_0009
2,Dist_0001,Dist_0010
3,Dist_0004,Dist_0011
4,Manuf_0001,Dist_0001
5,Manuf_0002,Dist_0002
6,Manuf_0003,Dist_0003
7,Manuf_0004,Dist_0004
8,Manuf_0005,Dist_0005
9,Manuf_0006,Dist_0006
10,Manuf_0007,Dist_0007
11,Part_0001,Manuf_0001
12,Part_0001,Manuf_0002
13,Part_0001,Manuf_0003
14,Part_0001,Manuf_0004
15,Part_0001,Manuf_0005
16,Part_0001,Manuf_0006
17,Part_0001,Manuf_0007
18,Part_0002,Manuf_0001
19,Part_0002,Manuf_0002
20,Part_0002,Manuf_0003
21,Part_0002,Manuf_0004
22,Part_0002,Manuf_0005
23,Part_0002,Manuf_0006
24,Part_0002,Manuf_0007
25,Part_0003,Manuf_0001
26,Part_0003,Manuf_0002
27,Part_0003,Manuf_0003
28,Part_0003,Manuf_0004
29,Part_0003,Manuf_0005
30,Part_0003,Manuf_0006
31,Part_0003,Manuf_0007
32,Part_0004,Manuf_0001
33,Part_0004,Manuf_0002
34,Part_0004,Manuf_0003
35,Part_0004,Manuf_0004
36,Part_0004,Manuf_0005
37,Part_0004,Manuf_0006
38,Part_0004,Manuf_0007
