,child,parent
0,Dist_0001,Dist_0191
1,Dist_0001,Manuf_0078
2,Dist_0002,Dist_0192
3,Dist_0003,Dist_0193
4,Dist_0004,Dist_0194
5,Dist_0005,Dist_0195
6,Dist_0006,Dist_0196
7,Dist_0006,Dist_0197
8,Dist_0006,Dist_0198
9,Dist_0006,Dist_0199
10,Dist_0007,Dist_0200
11,Dist_0007,Dist_0201
12,Dist_0007,Dist_0202
13,Dist_0008,Dist_0203
14,Dist_0009,Dist_0204
15,Dist_0010,Dist_0205
16,Dist_0010,Dist_0206
17,Dist_0010,Dist_0207
18,Dist_0010,Dist_0208
19,Dist_0010,Dist_0209
20,Dist_0010,Manuf_0079
21,Dist_0011,Dist_0210
22,Dist_0011,Dist_0211
23,Dist_0011,Dist_0212
24,Dist_0011,Dist_0213
25,Dist_0011,Dist_0214
26,Dist_0011,Manuf_0079
27,Dist_0012,Dist_0215
28,Dist_0012,Dist_0216
29,Dist_0012,Dist_0217
30,Dist_0012,Dist_0218
31,Dist_0013,Dist_0219
32,Dist_0013,Dist_0220
33,Dist_0013,Dist_0221
34,Dist_0014,Dist_0222
35,Dist_0015,Dist_0223
36,Dist_0016,Dist_0224
37,Dist_0016,Dist_0225
38,Dist_0016,Dist_0226
39,Dist_0016,Dist_0227
40,Dist_0016,Dist_0228
41,Dist_0016,Manuf_0079
42,Dist_0016,Manuf_0080
43,Dist_0017,Dist_0229
44,Dist_0018,Dist_0230
45,Dist_0018,Dist_0231
46,Dist_0018,Dist_0232
47,Dist_0019,Dist_0233
48,Dist_0020,Dist_0234
49,Dist_0020,Dist_0235
50,Dist_0020,Dist_0236
51,Dist_0020,Dist_0237
52,Dist_0021,Dist_0238
53,Dist_0021,Dist_0239
54,Dist_0021,Dist_0240
55,Dist_0021,Dist_0241
56,Dist_0021,Dist_0242
57,Dist_0021,Manuf_0079
58,Dist_0021,Manuf_0080
59,Dist_0022,Dist_0243
60,Dist_0023,Dist_0244
61,Dist_0023,Dist_0245
62,Dist_0023,Dist_0246
63,Dist_0024,Dist_0247
64,Dist_0025,Dist_0248
65,Dist_0025,Dist_0249
66,Dist_0025,Dist_0250
67,Dist_0025,Dist_0251
68,Dist_0026,Dist_0252
69,Dist_0026,Dist_0253
70,Dist_0026,Dist_0254
71,Dist_0026,Dist_0255
72,Dist_0026,Dist_0256
73,Dist_0027,Dist_0257
74,Dist_0028,Dist_0258
75,Dist_0028,Dist_0259
76,Dist_0028,Dist_0260
77,Dist_0029,Dist_0261
78,Dist_0030,Dist_0262
79,Dist_0030,Dist_0263
80,Dist_0030,Dist_0264
81,Dist_0030,Dist_0265
82,Dist_0031,Dist_0266
83,Dist_0031,Dist_0267
84,Dist_0031,Dist_0268
85,Dist_0031,Dist_0269
86,Dist_0031,Dist_0270
87,Dist_0032,Dist_0271
88,Dist_0033,Dist_0272
89,Dist_0033,Dist_0273
90,Dist_0033,Dist_0274
91,Dist_0034,Dist_0275
92,Dist_0035,Dist_0276
93,Dist_0035,Dist_0277
94,Dist_0035,Dist_0278
95,Dist_0035,Dist_0279
96,Dist_0036,Dist_0280
97,Dist_0037,Dist_0281
98,Dist_0038,Dist_0282
99,Dist_0039,Dist_0283
100,Dist_0040,Dist_0284
101,Dist_0041,Dist_0285
102,Dist_0042,Dist_0286
103,Dist_0043,Dist_0287
104,Dist_0044,Dist_0288
105,Dist_0045,Dist_0289
106,Dist_0046,Dist_0290
107,Dist_0047,Dist_0291
108,Dist_0048,Dist_0292
109,Dist_0049,Dist_0293
110,Dist_0050,Dist_0294
111,Dist_0051,Dist_0295
112,Dist_0051,Dist_0296
113,Dist_0051,Dist_0297
114,Dist_0051,Dist_0298
115,Dist_0051,Dist_0299
116,Dist_0052,Dist_0300
117,Dist_0053,Dist_0301
118,Dist_0053,Dist_0302
119,Dist_0053,Dist_0303
120,Dist_0054,Dist_0304
121,Dist_0055,Dist_0305
122,Dist_0055,Dist_0306
123,Dist_0055,Dist_0307
124,Dist_0055,Dist_0308
125,Dist_0056,Dist_0309
126,Dist_0057,Dist_0310
127,Dist_0058,Dist_0311
128,Dist_0059,Dist_0312
129,Dist_0060,Dist_0313
130,Dist_0061,Dist_0314
131,Dist_0062,Dist_0315
132,Dist_0063,Dist_0316
133,Dist_0064,Dist_0317
134,Dist_0065,Dist_0318
135,Dist_0066,Dist_0319
136,Dist_0067,Dist_0320
137,Dist_0068,Dist_0321
138,Dist_0069,Dist_0322
139,Dist_0070,Dist_0323
140,Dist_0071,Dist_0324
141,Dist_0072,Dist_0325
142,Dist_0073,Dist_0326
143,Dist_0074,Dist_0327
144,Dist_0075,Dist_0328
145,Dist_0076,Dist_0329
146,Dist_0076,Dist_0330
147,Dist_0076,Dist_0331
148,Dist_0076,Dist_0332
149,Dist_0076,Dist_0333
150,Dist_0077,Dist_0334
151,Dist_0078,Dist_0335
152,Dist_0078,Dist_0336
153,Dist_0078,Dist_0337
154,Dist_0079,Dist_0338
155,Dist_0080,Dist_0339
156,Dist_0080,Dist_0340
157,Dist_0080,Dist_0341
158,Dist_0080,Dist_0342
159,Dist_0081,Dist_0343
160,Dist_0082,Dist_0344
161,Dist_0083,Dist_0345
162,Dist_0084,Dist_0346
163,Dist_0085,Dist_0347
164,Dist_0086,Dist_0348
165,Dist_0086,Dist_0349
166,Dist_0086,Dist_0350
167,Dist_0086,Dist_0351
168,Dist_0086,Dist_0352
169,Dist_0087,Dist_0353
170,Dist_0088,Dist_0354
171,Dist_0088,Dist_0355
172,Dist_0088,Dist_0356
173,Dist_0089,Dist_0357
174,Dist_0090,Dist_0358
175,Dist_0090,Dist_0359
176,Dist_0090,Dist_0360
177,Dist_0090,Dist_0361
178,Dist_0091,Dist_0362
179,Dist_0091,Dist_0363
180,Dist_0091,Dist_0364
181,Dist_0091,Dist_0365
182,Dist_0091,Dist_0366
183,Dist_0092,Dist_0367
184,Dist_0093,Dist_0368
185,Dist_0093,Dist_0369
186,Dist_0093,Dist_0370
187,Dist_0094,Dist_0371
188,Dist_0095,Dist_0372
189,Dist_0095,Dist_0373
190,Dist_0095,Dist_0374
191,Dist_0095,Dist_0375
192,Dist_0096,Dist_0376
193,Dist_0097,Dist_0377
194,Dist_0098,Dist_0378
195,Dist_0099,Dist_0379
196,Dist_0100,Dist_0380
197,Dist_0101,Dist_0381
198,Dist_0102,Dist_0382
199,Dist_0103,Dist_0383
200,Dist_0104,Dist_0384
201,Dist_0105,Dist_0385
202,Dist_0106,Dist_0386
203,Dist_0107,Dist_0387
204,Dist_0108,Dist_0388
205,Dist_0109,Dist_0389
206,Dist_0110,Dist_0390
207,Dist_0111,Dist_0391
208,Dist_0112,Dist_0392
209,Dist_0113,Dist_0393
210,Dist_0114,Dist_0394
211,Dist_0115,Dist_0395
212,Dist_0116,Dist_0396
213,Dist_0117,Dist_0397
214,Dist_0118,Dist_0398
215,Dist_0119,Dist_0399
216,Dist_0120,Dist_0400
217,Dist_0121,Dist_0401
218,Dist_0122,Dist_0402
219,Dist_0123,Dist_0403
220,Dist_0124,Dist_0404
221,Dist_0125,Dist_0405
222,Dist_0126,Dist_0406
223,Dist_0127,Dist_0407
224,Dist_0128,Dist_0408
225,Dist_0129,Dist_0409
226,Dist_0130,Dist_0410
227,Dist_0131,Dist_0411
228,Dist_0131,Dist_0412
229,Dist_0131,Dist_0413
230,Dist_0131,Dist_0414
231,Dist_0131,Dist_0415
232,Dist_0132,Dist_0416
233,Dist_0133,Dist_0417
234,Dist_0133,Dist_0418
235,Dist_0133,Dist_0419
236,Dist_0134,Dist_0420
237,Dist_0135,Dist_0421
238,Dist_0135,Dist_0422
239,Dist_0135,Dist_0423
240,Dist_0135,Dist_0424
241,Dist_0136,Dist_0425
242,Dist_0137,Dist_0426
243,Dist_0138,Dist_0427
244,Dist_0139,Dist_0428
245,Dist_0140,Dist_0429
246,Dist_0141,Dist_0430
247,Dist_0141,Dist_0431
248,Dist_0141,Dist_0432
249,Dist_0141,Dist_0433
250,Dist_0141,Dist_0434
251,Dist_0142,Dist_0435
252,Dist_0143,Dist_0436
253,Dist_0143,Dist_0437
254,Dist_0143,Dist_0438
255,Dist_0144,Dist_0439
256,Dist_0145,Dist_0440
257,Dist_0145,Dist_0441
258,Dist_0145,Dist_0442
259,Dist_0145,Dist_0443
260,Dist_0146,Dist_0444
261,Dist_0147,Dist_0445
262,Dist_0148,Dist_0446
263,Dist_0149,Dist_0447
264,Dist_0150,Dist_0448
265,Dist_0151,Dist_0449
266,Dist_0152,Dist_0450
267,Dist_0153,Dist_0451
268,Dist_0154,Dist_0452
269,Dist_0155,Dist_0453
270,Dist_0156,Dist_0454
271,Dist_0157,Dist_0455
272,Dist_0158,Dist_0456
273,Dist_0159,Dist_0457
274,Dist_0160,Dist_0458
275,Dist_0161,Dist_0459
276,Dist_0162,Dist_0460
277,Dist_0163,Dist_0461
278,Dist_0164,Dist_0462
279,Dist_0165,Dist_0463
280,Dist_0166,Dist_0464
281,Dist_0167,Dist_0465
282,Dist_0168,Dist_0466
283,Dist_0169,Dist_0467
284,Dist_0170,Dist_0468
285,Dist_0171,Dist_0469
286,Dist_0172,Dist_0470
287,Dist_0173,Dist_0471
288,Dist_0174,Dist_0472
289,Dist_0175,Dist_0473
290,Dist_0176,Dist_0474
291,Dist_0177,Dist_0475
292,Dist_0178,Dist_0476
293,Dist_0179,Dist_0477
294,Dist_0180,Dist_0478
295,Dist_0181,Dist_0479
296,Dist_0182,Dist_0480
297,Dist_0183,Dist_0481
298,Dist_0184,Dist_0482
299,Dist_0185,Dist_0483
300,Dist_0186,Dist_0484
301,Dist_0187,Dist_0485
302,Dist_0187,Dist_0486
303,Dist_0187,Dist_0487
304,Dist_0188,Dist_0488
305,Dist_0189,Dist_0489
306,Dist_0189,Dist_0490
307,Dist_0189,Dist_0491
308,Dist_0189,Dist_0492
309,Dist_0190,Dist_0493
310,Dist_0190,Dist_0494
311,Dist_0190,Dist_0495
312,Dist_0190,Dist_0496
313,Dist_0190,Dist_0497
314,Dist_0190,Manuf_0077
315,Dist_0190,Manuf_0078
316,Dist_0190,Manuf_0081
317,Manuf_0001,Manuf_0039
318,Manuf_0002,Manuf_0040
319,Manuf_0003,Manuf_0041
320,Manuf_0004,Manuf_0042
321,Manuf_0005,Manuf_0043
322,Manuf_0006,Manuf_0044
323,Manuf_0007,Manuf_0045
324,Manuf_0008,Manuf_0046
325,Manuf_0009,Manuf_0047
326,Manuf_0010,Manuf_0048
327,Manuf_0011,Manuf_0049
328,Manuf_0012,Manuf_0050
329,Manuf_0013,Manuf_0051
330,Manuf_0014,Manuf_0052
331,Manuf_0015,Manuf_0053
332,Manuf_0016,Manuf_0054
333,Manuf_0017,Manuf_0055
334,Manuf_0018,Manuf_0056
335,Manuf_0019,Manuf_0057
336,Manuf_0020,Manuf_0058
337,Manuf_0021,Manuf_0059
338,Manuf_0022,Manuf_0060
339,Manuf_0023,Manuf_0061
340,Manuf_0024,Manuf_0062
341,Manuf_0025,Manuf_0063
342,Manuf_0026,Manuf_0064
343,Manuf_0027,Manuf_0065
344,Manuf_0028,Manuf_0066
345,Manuf_0029,Manuf_0067
346,Manuf_0030,Manuf_0068
347,Manuf_0031,Manuf_0069
348,Manuf_0032,Manuf_0070
349,Manuf_0033,Manuf_0071
350,Manuf_0034,Manuf_0072
351,Manuf_0035,Manuf_0073
352,Manuf_0036,Manuf_0074
353,Manuf_0037,Manuf_0075
354,Manuf_0038,Manuf_0076
355,Manuf_0039,Trans_0108
356,Manuf_0039,Trans_0109
357,Manuf_0039,Trans_0110
358,Manuf_0039,Trans_0111
359,Manuf_0039,Trans_0112
360,Manuf_0040,Trans_0113
361,Manuf_0040,Trans_0114
362,Manuf_0040,Trans_0115
363,Manuf_0040,Trans_0116
364,Manuf_0040,Trans_0117
365,Manuf_0041,Trans_0118
366,Manuf_0041,Trans_0119
367,Manuf_0041,Trans_0120
368,Manuf_0041,Trans_0121
369,Manuf_0041,Trans_0122
370,Manuf_0042,Trans_0123
371,Manuf_0042,Trans_0124
372,Manuf_0042,Trans_0125
373,Manuf_0042,Trans_0126
374,Manuf_0042,Trans_0127
375,Manuf_0043,Trans_0128
376,Manuf_0043,Trans_0129
377,Manuf_0043,Trans_0130
378,Manuf_0043,Trans_0131
379,Manuf_0043,Trans_0132
380,Manuf_0044,Trans_0133
381,Manuf_0044,Trans_0134
382,Manuf_0044,Trans_0135
383,Manuf_0044,Trans_0136
384,Manuf_0044,Trans_0137
385,Manuf_0045,Trans_0138
386,Manuf_0045,Trans_0139
387,Manuf_0045,Trans_0140
388,Manuf_0045,Trans_0141
389,Manuf_0045,Trans_0142
390,Manuf_0046,Trans_0143
391,Manuf_0046,Trans_0144
392,Manuf_0046,Trans_0145
393,Manuf_0046,Trans_0146
394,Manuf_0046,Trans_0147
395,Manuf_0047,Trans_0148
396,Manuf_0047,Trans_0149
397,Manuf_0047,Trans_0150
398,Manuf_0047,Trans_0151
399,Manuf_0047,Trans_0152
400,Manuf_0048,Trans_0153
401,Manuf_0048,Trans_0154
402,Manuf_0048,Trans_0155
403,Manuf_0048,Trans_0156
404,Manuf_0048,Trans_0157
405,Manuf_0049,Trans_0158
406,Manuf_0049,Trans_0159
407,Manuf_0049,Trans_0160
408,Manuf_0049,Trans_0161
409,Manuf_0049,Trans_0162
410,Manuf_0050,Trans_0163
411,Manuf_0050,Trans_0164
412,Manuf_0050,Trans_0165
413,Manuf_0050,Trans_0166
414,Manuf_0050,Trans_0167
415,Manuf_0051,Trans_0168
416,Manuf_0051,Trans_0169
417,Manuf_0051,Trans_0170
418,Manuf_0051,Trans_0171
419,Manuf_0051,Trans_0172
420,Manuf_0052,Trans_0173
421,Manuf_0052,Trans_0174
422,Manuf_0052,Trans_0175
423,Manuf_0052,Trans_0176
424,Manuf_0052,Trans_0177
425,Manuf_0053,Trans_0178
426,Manuf_0053,Trans_0179
427,Manuf_0053,Trans_0180
428,Manuf_0053,Trans_0181
429,Manuf_0053,Trans_0182
430,Manuf_0054,Trans_0183
431,Manuf_0054,Trans_0184
432,Manuf_0054,Trans_0185
433,Manuf_0054,Trans_0186
434,Manuf_0054,Trans_0187
435,Manuf_0055,Trans_0188
436,Manuf_0055,Trans_0189
437,Manuf_0055,Trans_0190
438,Manuf_0055,Trans_0191
439,Manuf_0055,Trans_0192
440,Manuf_0056,Trans_0193
441,Manuf_0056,Trans_0194
442,Manuf_0056,Trans_0195
443,Manuf_0056,Trans_0196
444,Manuf_0056,Trans_0197
445,Manuf_0057,Trans_0198
446,Manuf_0057,Trans_0199
447,Manuf_0057,Trans_0200
448,Manuf_0057,Trans_0201
449,Manuf_0057,Trans_0202
450,Manuf_0058,Trans_0203
451,Manuf_0058,Trans_0204
452,Manuf_0058,Trans_0205
453,Manuf_0058,Trans_0206
454,Manuf_0058,Trans_0207
455,Manuf_0059,Trans_0208
456,Manuf_0059,Trans_0209
457,Manuf_0059,Trans_0210
458,Manuf_0059,Trans_0211
459,Manuf_0059,Trans_0212
460,Manuf_0060,Trans_0213
461,Manuf_0060,Trans_0214
462,Manuf_0060,Trans_0215
463,Manuf_0060,Trans_0216
464,Manuf_0060,Trans_0217
465,Manuf_0061,Trans_0218
466,Manuf_0061,Trans_0219
467,Manuf_0061,Trans_0220
468,Manuf_0061,Trans_0221
469,Manuf_0061,Trans_0222
470,Manuf_0062,Trans_0223
471,Manuf_0062,Trans_0224
472,Manuf_0062,Trans_0225
473,Manuf_0062,Trans_0226
474,Manuf_0062,Trans_0227
475,Manuf_0063,Trans_0228
476,Manuf_0063,Trans_0229
477,Manuf_0063,Trans_0230
478,Manuf_0063,Trans_0231
479,Manuf_0063,Trans_0232
480,Manuf_0064,Trans_0233
481,Manuf_0064,Trans_0234
482,Manuf_0064,Trans_0235
483,Manuf_0064,Trans_0236
484,Manuf_0064,Trans_0237
485,Manuf_0065,Trans_0238
486,Manuf_0065,Trans_0239
487,Manuf_0065,Trans_0240
488,Manuf_0065,Trans_0241
489,Manuf_0065,Trans_0242
490,Manuf_0066,Trans_0243
491,Manuf_0066,Trans_0244
492,Manuf_0066,Trans_0245
493,Manuf_0066,Trans_0246
494,Manuf_0066,Trans_0247
495,Manuf_0067,Trans_0248
496,Manuf_0067,Trans_0249
497,Manuf_0067,Trans_0250
498,Manuf_0067,Trans_0251
499,Manuf_0067,Trans_0252
500,Manuf_0068,Trans_0253
501,Manuf_0068,Trans_0254
502,Manuf_0068,Trans_0255
503,Manuf_0068,Trans_0256
504,Manuf_0068,Trans_0257
505,Manuf_0069,Trans_0258
506,Manuf_0069,Trans_0259
507,Manuf_0069,Trans_0260
508,Manuf_0069,Trans_0261
509,Manuf_0069,Trans_0262
510,Manuf_0070,Trans_0263
511,Manuf_0070,Trans_0264
512,Manuf_0070,Trans_0265
513,Manuf_0070,Trans_0266
514,Manuf_0070,Trans_0267
515,Manuf_0071,Trans_0268
516,Manuf_0071,Trans_0269
517,Manuf_0071,Trans_0270
518,Manuf_0071,Trans_0271
519,Manuf_0071,Trans_0272
520,Manuf_0072,Trans_0083
521,Manuf_0072,Trans_0084
522,Manuf_0072,Trans_0085
523,Manuf_0072,Trans_0086
524,Manuf_0072,Trans_0087
525,Manuf_0073,Trans_0088
526,Manuf_0073,Trans_0089
527,Manuf_0073,Trans_0090
528,Manuf_0073,Trans_0091
529,Manuf_0073,Trans_0092
530,Manuf_0074,Trans_0093
531,Manuf_0074,Trans_0094
532,Manuf_0074,Trans_0095
533,Manuf_0074,Trans_0096
534,Manuf_0074,Trans_0097
535,Manuf_0075,Trans_0098
536,Manuf_0075,Trans_0099
537,Manuf_0075,Trans_0100
538,Manuf_0075,Trans_0101
539,Manuf_0075,Trans_0102
540,Manuf_0076,Trans_0103
541,Manuf_0076,Trans_0104
542,Manuf_0076,Trans_0105
543,Manuf_0076,Trans_0106
544,Manuf_0076,Trans_0107
545,Manuf_0077,Dist_0499
546,Manuf_0077,Trans_0277
547,Manuf_0077,Trans_0278
548,Manuf_0077,Trans_0279
549,Manuf_0077,Trans_0280
550,Manuf_0078,Dist_0500
551,Manuf_0078,Trans_0281
552,Manuf_0078,Trans_0282
553,Manuf_0078,Trans_0283
554,Manuf_0078,Trans_0284
555,Manuf_0079,Dist_0501
556,Manuf_0079,Trans_0285
557,Manuf_0079,Trans_0286
558,Manuf_0079,Trans_0287
559,Manuf_0079,Trans_0288
560,Manuf_0080,Dist_0502
561,Manuf_0080,Trans_0289
562,Manuf_0080,Trans_0290
563,Manuf_0080,Trans_0291
564,Manuf_0080,Trans_0292
565,Manuf_0081,Dist_0498
566,Manuf_0081,Trans_0273
567,Manuf_0081,Trans_0274
568,Manuf_0081,Trans_0275
569,Manuf_0081,Trans_0276
570,Part_0001,Trans_0001
571,Part_0002,Trans_0002
572,Part_0003,Trans_0003
573,Part_0004,Trans_0004
574,Part_0005,Trans_0005
575,Part_0006,Trans_0006
576,Part_0007,Trans_0007
577,Part_0008,Trans_0008
578,Part_0009,Trans_0009
579,Part_0010,Trans_0010
580,Part_0011,Trans_0011
581,Part_0012,Trans_0012
582,Part_0013,Trans_0013
583,Part_0014,Trans_0014
584,Part_0015,Trans_0015
585,Part_0016,Trans_0016
586,Part_0017,Trans_0017
587,Part_0018,Trans_0018
588,Part_0019,Trans_0019
589,Part_0020,Trans_0020
590,Part_0021,Trans_0021
591,Part_0022,Trans_0022
592,Part_0023,Trans_0023
593,Part_0024,Trans_0024
594,Part_0025,Trans_0025
595,Part_0026,Trans_0026
596,Part_0027,Trans_0027
597,Part_0028,Trans_0028
598,Part_0029,Trans_0029
599,Part_0030,Trans_0030
600,Part_0031,Trans_0031
601,Part_0032,Trans_0032
602,Part_0033,Trans_0033
603,Part_0034,Trans_0034
604,Part_0035,Trans_0035
605,Part_0036,Trans_0036
606,Part_0037,Trans_0037
607,Part_0038,Trans_0038
608,Part_0039,Trans_0039
609,Part_0040,Trans_0040
610,Part_0041,Trans_0041
611,Part_0042,Trans_0042
612,Part_0043,Trans_0043
613,Part_0044,Trans_0044
614,Part_0045,Trans_0045
615,Part_0046,Trans_0046
616,Part_0047,Trans_0047
617,Part_0048,Trans_0048
618,Part_0049,Trans_0049
619,Part_0050,Trans_0050
620,Part_0051,Trans_0051
621,Part_0052,Trans_0052
622,Part_0053,Trans_0053
623,Part_0054,Trans_0054
624,Part_0055,Trans_0055
625,Part_0056,Trans_0056
626,Part_0057,Trans_0057
627,Part_0058,Trans_0058
628,Part_0059,Trans_0059
629,Part_0060,Trans_0060
630,Part_0061,Trans_0061
631,Part_0062,Trans_0062
632,Part_0063,Trans_0063
633,Part_0064,Trans_0064
634,Part_0065,Trans_0065
635,Part_0066,Trans_0066
636,Part_0067,Trans_0067
637,Part_0068,Trans_0068
638,Part_0069,Trans_0069
639,Part_0070,Trans_0070
640,Part_0071,Trans_0071
641,Part_0072,Trans_0072
642,Part_0073,Trans_0073
643,Part_0074,Trans_0074
644,Part_0075,Trans_0075
645,Part_0075,Trans_0076
646,Part_0076,Trans_0077
647,Part_0077,Trans_0078
648,Part_0078,Trans_0079
649,Part_0079,Trans_0080
650,Part_0080,Trans_0081
651,Part_0081,Trans_0082
652,Trans_0001,Manuf_0039
653,Trans_0002,Manuf_0039
654,Trans_0003,Manuf_0040
655,Trans_0004,Manuf_0040
656,Trans_0005,Manuf_0041
657,Trans_0006,Manuf_0042
658,Trans_0007,Manuf_0043
659,Trans_0008,Manuf_0044
660,Trans_0009,Manuf_0045
661,Trans_0010,Manuf_0045
662,Trans_0011,Manuf_0046
663,Trans_0012,Manuf_0047
664,Trans_0013,Manuf_0047
665,Trans_0014,Manuf_0048
666,Trans_0015,Manuf_0048
667,Trans_0016,Manuf_0049
668,Trans_0017,Manuf_0049
669,Trans_0018,Manuf_0050
670,Trans_0019,Manuf_0050
671,Trans_0020,Manuf_0050
672,Trans_0021,Manuf_0051
673,Trans_0022,Manuf_0052
674,Trans_0023,Manuf_0052
675,Trans_0024,Manuf_0053
676,Trans_0025,Manuf_0054
677,Trans_0026,Manuf_0054
678,Trans_0027,Manuf_0055
679,Trans_0028,Manuf_0055
680,Trans_0029,Manuf_0056
681,Trans_0030,Manuf_0056
682,Trans_0031,Manuf_0057
683,Trans_0032,Manuf_0057
684,Trans_0033,Manuf_0058
685,Trans_0034,Manuf_0058
686,Trans_0035,Manuf_0059
687,Trans_0036,Manuf_0059
688,Trans_0037,Manuf_0060
689,Trans_0038,Manuf_0061
690,Trans_0039,Manuf_0062
691,Trans_0040,Manuf_0062
692,Trans_0041,Manuf_0063
693,Trans_0042,Manuf_0063
694,Trans_0043,Manuf_0064
695,Trans_0044,Manuf_0065
696,Trans_0045,Manuf_0065
697,Trans_0046,Manuf_0066
698,Trans_0047,Manuf_0067
699,Trans_0048,Manuf_0068
700,Trans_0049,Manuf_0069
701,Trans_0050,Manuf_0069
702,Trans_0051,Manuf_0070
703,Trans_0052,Manuf_0071
704,Trans_0053,Manuf_0072
705,Trans_0054,Manuf_0072
706,Trans_0055,Manuf_0073
707,Trans_0056,Manuf_0073
708,Trans_0057,Manuf_0074
709,Trans_0058,Manuf_0074
710,Trans_0059,Manuf_0075
711,Trans_0060,Manuf_0076
712,Trans_0061,Manuf_0076
713,Trans_0062,Manuf_0039
714,Trans_0062,Manuf_0049
715,Trans_0062,Manuf_0063
716,Trans_0062,Manuf_0070
717,Trans_0063,Manuf_0049
718,Trans_0063,Manuf_0062
719,Trans_0064,Manuf_0054
720,Trans_0064,Manuf_0063
721,Trans_0065,Manuf_0048
722,Trans_0065,Manuf_0057
723,Trans_0065,Manuf_0065
724,Trans_0066,Manuf_0054
725,Trans_0066,Manuf_0058
726,Trans_0066,Manuf_0062
727,Trans_0066,Manuf_0064
728,Trans_0067,Manuf_0045
729,Trans_0067,Manuf_0056
730,Trans_0067,Manuf_0059
731,Trans_0068,Manuf_0041
732,Trans_0068,Manuf_0047
733,Trans_0068,Manuf_0056
734,Trans_0068,Manuf_0057
735,Trans_0069,Manuf_0040
736,Trans_0069,Manuf_0047
737,Trans_0069,Manuf_0052
738,Trans_0070,Manuf_0045
739,Trans_0070,Manuf_0048
740,Trans_0070,Manuf_0052
741,Trans_0070,Manuf_0067
742,Trans_0071,Manuf_0040
743,Trans_0071,Manuf_0059
744,Trans_0071,Manuf_0065
745,Trans_0071,Manuf_0068
746,Trans_0072,Manuf_0042
747,Trans_0072,Manuf_0053
748,Trans_0072,Manuf_0061
749,Trans_0073,Manuf_0043
750,Trans_0073,Manuf_0044
751,Trans_0073,Manuf_0046
752,Trans_0074,Manuf_0066
753,Trans_0074,Manuf_0075
754,Trans_0075,Manuf_0039
755,Trans_0075,Manuf_0040
756,Trans_0075,Manuf_0041
757,Trans_0075,Manuf_0045
758,Trans_0075,Manuf_0047
759,Trans_0075,Manuf_0048
760,Trans_0075,Manuf_0049
761,Trans_0075,Manuf_0052
762,Trans_0075,Manuf_0054
763,Trans_0075,Manuf_0056
764,Trans_0075,Manuf_0057
765,Trans_0075,Manuf_0058
766,Trans_0075,Manuf_0059
767,Trans_0075,Manuf_0062
768,Trans_0075,Manuf_0063
769,Trans_0075,Manuf_0064
770,Trans_0075,Manuf_0065
771,Trans_0075,Manuf_0067
772,Trans_0075,Manuf_0068
773,Trans_0075,Manuf_0070
774,Trans_0076,Manuf_0042
775,Trans_0076,Manuf_0043
776,Trans_0076,Manuf_0044
777,Trans_0076,Manuf_0046
778,Trans_0076,Manuf_0053
779,Trans_0076,Manuf_0061
780,Trans_0076,Manuf_0066
781,Trans_0076,Manuf_0072
782,Trans_0076,Manuf_0075
783,Trans_0077,Manuf_0069
784,Trans_0077,Manuf_0071
785,Trans_0077,Manuf_0074
786,Trans_0078,Manuf_0073
787,Trans_0078,Manuf_0074
788,Trans_0078,Manuf_0076
789,Trans_0079,Manuf_0050
790,Trans_0079,Manuf_0051
791,Trans_0079,Manuf_0076
792,Trans_0080,Manuf_0055
793,Trans_0080,Manuf_0060
794,Trans_0080,Manuf_0073
795,Trans_0081,Manuf_0039
796,Trans_0081,Manuf_0058
797,Trans_0082,Manuf_0055
798,Trans_0082,Manuf_0069
799,Trans_0083,Dist_0001
800,Trans_0084,Dist_0002
801,Trans_0085,Dist_0003
802,Trans_0086,Dist_0004
803,Trans_0087,Dist_0005
804,Trans_0088,Dist_0006
805,Trans_0089,Dist_0007
806,Trans_0090,Dist_0008
807,Trans_0091,Dist_0009
808,Trans_0092,Dist_0010
809,Trans_0093,Dist_0011
810,Trans_0094,Dist_0012
811,Trans_0095,Dist_0013
812,Trans_0096,Dist_0014
813,Trans_0097,Dist_0015
814,Trans_0098,Dist_0016
815,Trans_0099,Dist_0017
816,Trans_0100,Dist_0018
817,Trans_0101,Dist_0019
818,Trans_0102,Dist_0020
819,Trans_0103,Dist_0021
820,Trans_0104,Dist_0022
821,Trans_0105,Dist_0023
822,Trans_0106,Dist_0024
823,Trans_0107,Dist_0025
824,Trans_0108,Dist_0026
825,Trans_0109,Dist_0027
826,Trans_0110,Dist_0028
827,Trans_0111,Dist_0029
828,Trans_0112,Dist_0030
829,Trans_0113,Dist_0031
830,Trans_0114,Dist_0032
831,Trans_0115,Dist_0033
832,Trans_0116,Dist_0034
833,Trans_0117,Dist_0035
834,Trans_0118,Dist_0036
835,Trans_0119,Dist_0037
836,Trans_0120,Dist_0038
837,Trans_0121,Dist_0039
838,Trans_0122,Dist_0040
839,Trans_0123,Dist_0041
840,Trans_0124,Dist_0042
841,Trans_0125,Dist_0043
842,Trans_0126,Dist_0044
843,Trans_0127,Dist_0045
844,Trans_0128,Dist_0046
845,Trans_0129,Dist_0047
846,Trans_0130,Dist_0048
847,Trans_0131,Dist_0049
848,Trans_0132,Dist_0050
849,Trans_0133,Dist_0051
850,Trans_0134,Dist_0052
851,Trans_0135,Dist_0053
852,Trans_0136,Dist_0054
853,Trans_0137,Dist_0055
854,Trans_0138,Dist_0056
855,Trans_0139,Dist_0057
856,Trans_0140,Dist_0058
857,Trans_0141,Dist_0059
858,Trans_0142,Dist_0060
859,Trans_0143,Dist_0061
860,Trans_0144,Dist_0062
861,Trans_0145,Dist_0063
862,Trans_0146,Dist_0064
863,Trans_0147,Dist_0065
864,Trans_0148,Dist_0066
865,Trans_0149,Dist_0067
866,Trans_0150,Dist_0068
867,Trans_0151,Dist_0069
868,Trans_0152,Dist_0070
869,Trans_0153,Dist_0071
870,Trans_0154,Dist_0072
871,Trans_0155,Dist_0073
872,Trans_0156,Dist_0074
873,Trans_0157,Dist_0075
874,Trans_0158,Dist_0076
875,Trans_0159,Dist_0077
876,Trans_0160,Dist_0078
877,Trans_0161,Dist_0079
878,Trans_0162,Dist_0080
879,Trans_0163,Dist_0081
880,Trans_0164,Dist_0082
881,Trans_0165,Dist_0083
882,Trans_0166,Dist_0084
883,Trans_0167,Dist_0085
884,Trans_0168,Dist_0086
885,Trans_0169,Dist_0087
886,Trans_0170,Dist_0088
887,Trans_0171,Dist_0089
888,Trans_0172,Dist_0090
889,Trans_0173,Dist_0091
890,Trans_0174,Dist_0092
891,Trans_0175,Dist_0093
892,Trans_0176,Dist_0094
893,Trans_0177,Dist_0095
894,Trans_0178,Dist_0096
895,Trans_0179,Dist_0097
896,Trans_0180,Dist_0098
897,Trans_0181,Dist_0099
898,Trans_0182,Dist_0100
899,Trans_0183,Dist_0101
900,Trans_0184,Dist_0102
901,Trans_0185,Dist_0103
902,Trans_0186,Dist_0104
903,Trans_0187,Dist_0105
904,Trans_0188,Dist_0106
905,Trans_0189,Dist_0107
906,Trans_0190,Dist_0108
907,Trans_0191,Dist_0109
908,Trans_0192,Dist_0110
909,Trans_0193,Dist_0111
910,Trans_0194,Dist_0112
911,Trans_0195,Dist_0113
912,Trans_0196,Dist_0114
913,Trans_0197,Dist_0115
914,Trans_0198,Dist_0116
915,Trans_0199,Dist_0117
916,Trans_0200,Dist_0118
917,Trans_0201,Dist_0119
918,Trans_0202,Dist_0120
919,Trans_0203,Dist_0121
920,Trans_0204,Dist_0122
921,Trans_0205,Dist_0123
922,Trans_0206,Dist_0124
923,Trans_0207,Dist_0125
924,Trans_0208,Dist_0126
925,Trans_0209,Dist_0127
926,Trans_0210,Dist_0128
927,Trans_0211,Dist_0129
928,Trans_0212,Dist_0130
929,Trans_0213,Dist_0131
930,Trans_0214,Dist_0132
931,Trans_0215,Dist_0133
932,Trans_0216,Dist_0134
933,Trans_0217,Dist_0135
934,Trans_0218,Dist_0136
935,Trans_0219,Dist_0137
936,Trans_0220,Dist_0138
937,Trans_0221,Dist_0139
938,Trans_0222,Dist_0140
939,Trans_0223,Dist_0141
940,Trans_0224,Dist_0142
941,Trans_0225,Dist_0143
942,Trans_0226,Dist_0144
943,Trans_0227,Dist_0145
944,Trans_0228,Dist_0146
945,Trans_0229,Dist_0147
946,Trans_0230,Dist_0148
947,Trans_0231,Dist_0149
948,Trans_0232,Dist_0150
949,Trans_0233,Dist_0151
950,Trans_0234,Dist_0152
951,Trans_0235,Dist_0153
952,Trans_0236,Dist_0154
953,Trans_0237,Dist_0155
954,Trans_0238,Dist_0156
955,Trans_0239,Dist_0157
956,Trans_0240,Dist_0158
957,Trans_0241,Dist_0159
958,Trans_0242,Dist_0160
959,Trans_0243,Dist_0161
960,Trans_0244,Dist_0162
961,Trans_0245,Dist_0163
962,Trans_0246,Dist_0164
963,Trans_0247,Dist_0165
964,Trans_0248,Dist_0166
965,Trans_0249,Dist_0167
966,Trans_0250,Dist_0168
967,Trans_0251,Dist_0169
968,Trans_0252,Dist_0170
969,Trans_0253,Dist_0171
970,Trans_0254,Dist_0172
971,Trans_0255,Dist_0173
972,Trans_0256,Dist_0174
973,Trans_0257,Dist_0175
974,Trans_0258,Dist_0176
975,Trans_0259,Dist_0177
976,Trans_0260,Dist_0178
977,Trans_0261,Dist_0179
978,Trans_0262,Dist_0180
979,Trans_0263,Dist_0181
980,Trans_0264,Dist_0182
981,Trans_0265,Dist_0183
982,Trans_0266,Dist_0184
983,Trans_0267,Dist_0185
984,Trans_0268,Dist_0186
985,Trans_0269,Dist_0187
986,Trans_0270,Dist_0188
987,Trans_0271,Dist_0189
988,Trans_0272,Dist_0190
989,Trans_0273,Dist_0503
990,Trans_0274,Dist_0504
991,Trans_0275,Dist_0505
992,Trans_0276,Dist_0506
993,Trans_0277,Dist_0507
994,Trans_0278,Dist_0508
995,Trans_0279,Dist_0509
996,Trans_0280,Dist_0510
997,Trans_0281,Dist_0511
998,Trans_0282,Dist_0512
999,Trans_0283,Dist_0513
1000,Trans_0284,Dist_0514
1001,Trans_0285,Dist_0515
1002,Trans_0286,Dist_0516
1003,Trans_0287,Dist_0517
1004,Trans_0288,Dist_0518
1005,Trans_0289,Dist_0519
1006,Trans_0290,Dist_0520
1007,Trans_0291,Dist_0521
1008,Trans_0292,Dist_0522
