,child,parent
0,Manuf_0001,Trans_0014
1,Manuf_0001,Trans_0015
2,Manuf_0001,Trans_0016
3,Manuf_0002,Trans_0017
4,Manuf_0002,Trans_0018
5,Manuf_0002,Trans_0019
6,Manuf_0003,Trans_0020
7,Manuf_0003,Trans_0021
8,Manuf_0003,Trans_0022
9,Manuf_0004,Trans_0023
10,Manuf_0004,Trans_0024
11,Manuf_0004,Trans_0025
12,Manuf_0005,Trans_0026
13,Manuf_0005,Trans_0027
14,Manuf_0005,Trans_0028
15,Manuf_0006,Trans_0029
16,Manuf_0006,Trans_0030
17,Manuf_0006,Trans_0031
18,Part_0001,Trans_0001
19,Part_0002,Trans_0002
20,Part_0003,Trans_0003
21,Part_0004,Trans_0004
22,Part_0005,Trans_0005
23,Part_0006,Trans_0006
24,Part_0007,Trans_0007
25,Part_0008,Trans_0008
26,Part_0009,Trans_0009
27,Part_0010,Trans_0010
28,Part_0011,Trans_0011
29,Part_0012,Trans_0012
30,Part_0013,Trans_0013
31,Trans_0001,Manuf_0001
32,Trans_0001,Manuf_0002
33,Trans_0001,Manuf_0003
34,Trans_0001,Manuf_0004
35,Trans_0001,Manuf_0005
36,Trans_0001,Manuf_0006
37,Trans_0002,Manuf_0001
38,Trans_0002,Manuf_0002
39,Trans_0003,Manuf_0003
40,Trans_0003,Manuf_0004
41,Trans_0004,Manuf_0005
42,Trans_0004,Manuf_0006
43,Trans_0005,Manuf_0001
44,Trans_0005,Manuf_0003
45,Trans_0005,Manuf_0005
46,Trans_0006,Manuf_0002
47,Trans_0006,Manuf_0004
48,Trans_0006,Manuf_0006
49,Trans_0007,Manuf_0001
50,Trans_0007,Manuf_0002
51,Trans_0007,Manuf_0004
52,Trans_0007,Manuf_0005
53,Trans_0007,Manuf_0006
54,Trans_0008,Manuf_0001
55,Trans_0008,Manuf_0002
56,Trans_0008,Manuf_0003
57,Trans_0008,Manuf_0004
58,Trans_0008,Manuf_0005
59,Trans_0008,Manuf_0006
60,Trans_0009,Manuf_0001
61,Trans_0009,Manuf_0002
62,Trans_0009,Manuf_0003
63,Trans_0009,Manuf_0004
64,Trans_0009,Manuf_0005
65,Trans_0009,Manuf_0006
66,Trans_0010,Manuf_0001
67,Trans_0010,Manuf_0002
68,Trans_0010,Manuf_0003
69,Trans_0010,Manuf_0004
70,Trans_0010,Manuf_0005
71,Trans_0010,Manuf_0006
72,Trans_0011,Manuf_0001
73,Trans_0011,Manuf_0002
74,Trans_0011,Manuf_0003
75,Trans_0011,Manuf_0004
76,Trans_0011,Manuf_0005
77,Trans_0011,Manuf_0006
78,Trans_0012,Manuf_0001
79,Trans_0012,Manuf_0002
80,Trans_0012,Manuf_0003
81,Trans_0012,Manuf_0004
82,Trans_0012,Manuf_0005
83,Trans_0012,Manuf_0006
84,Trans_0013,Manuf_0001
85,Trans_0013,Manuf_0002
86,Trans_0013,Manuf_0003
87,Trans_0013,Manuf_0004
88,Trans_0013,Manuf_0005
89,Trans_0013,Manuf_0006
90,Trans_0014,Retail_0001
91,Trans_0015,Retail_0002
92,Trans_0016,Retail_0003
93,Trans_0017,Retail_0004
94,Trans_0018,Retail_0005
95,Trans_0019,Retail_0006
96,Trans_0020,Retail_0007
97,Trans_0021,Retail_0008
98,Trans_0022,Retail_0009
99,Trans_0023,Retail_0010
100,Trans_0024,Retail_0011
101,Trans_0025,Retail_0012
102,Trans_0026,Retail_0013
103,Trans_0027,Retail_0014
104,Trans_0028,Retail_0015
105,Trans_0029,Retail_0016
106,Trans_0030,Retail_0017
107,Trans_0031,Retail_0018
