,child,parent
0,Dist_0001,Retail_0001
1,Dist_0001,Trans_0001
2,Dist_0001,Trans_0002
3,Dist_0001,Trans_0003
4,Dist_0001,Trans_0004
5,Dist_0002,Retail_0002
6,Dist_0002,Trans_0005
7,Dist_0002,Trans_0006
8,Dist_0002,Trans_0007
9,Dist_0002,Trans_0008
10,Dist_0002,Trans_0009
11,Dist_0003,Retail_0003
12,Dist_0003,Trans_0010
13,Dist_0003,Trans_0011
14,Dist_0003,Trans_0012
15,Dist_0003,Trans_0013
16,Dist_0003,Trans_0014
17,Dist_0003,Trans_0015
18,Dist_0003,Trans_0016
19,Dist_0004,Retail_0004
20,Dist_0004,Trans_0017
21,Dist_0004,Trans_0018
22,Dist_0004,Trans_0019
23,Dist_0004,Trans_0020
24,Dist_0004,Trans_0021
25,Dist_0004,Trans_0022
26,Dist_0004,Trans_0023
27,Dist_0005,Retail_0005
28,Dist_0005,Trans_0024
29,Dist_0005,Trans_0025
30,Dist_0005,Trans_0026
31,Dist_0005,Trans_0027
32,Dist_0005,Trans_0028
33,Dist_0005,Trans_0029
34,Dist_0005,Trans_0030
35,Dist_0006,Retail_0006
36,Dist_0006,Trans_0031
37,Dist_0006,Trans_0032
38,Dist_0006,Trans_0033
39,Dist_0006,Trans_0034
40,Dist_0006,Trans_0035
41,Dist_0006,Trans_0036
42,Dist_0006,Trans_0037
43,Dist_0007,Retail_0007
44,Dist_0007,Trans_0038
45,Dist_0007,Trans_0039
46,Dist_0007,Trans_0040
47,Dist_0007,Trans_0041
48,Dist_0007,Trans_0042
49,Dist_0008,Retail_0008
50,Dist_0008,Trans_0043
51,Dist_0008,Trans_0044
52,Dist_0008,Trans_0045
53,Dist_0008,Trans_0046
54,Dist_0008,Trans_0047
55,Dist_0008,Trans_0048
56,Dist_0008,Trans_0049
57,Dist_0008,Trans_0050
58,Dist_0009,Retail_0009
59,Dist_0009,Trans_0051
60,Dist_0009,Trans_0052
61,Dist_0009,Trans_0053
62,Dist_0009,Trans_0054
63,Dist_0009,Trans_0055
64,Dist_0009,Trans_0056
65,Dist_0009,Trans_0057
66,Dist_0009,Trans_0058
67,Dist_0010,Retail_0010
68,Dist_0010,Trans_0059
69,Dist_0010,Trans_0060
70,Dist_0010,Trans_0061
71,Dist_0010,Trans_0062
72,Dist_0010,Trans_0063
73,Dist_0010,Trans_0064
74,Dist_0010,Trans_0065
75,Dist_0011,Retail_0011
76,Dist_0011,Trans_0066
77,Dist_0011,Trans_0067
78,Dist_0011,Trans_0068
79,Dist_0011,Trans_0069
80,Dist_0011,Trans_0070
81,Dist_0011,Trans_0071
82,Dist_0011,Trans_0072
83,Dist_0011,Trans_0073
84,Dist_0012,Retail_0012
85,Dist_0012,Trans_0074
86,Dist_0012,Trans_0075
87,Dist_0012,Trans_0076
88,Dist_0012,Trans_0077
89,Dist_0012,Trans_0078
90,Dist_0012,Trans_0079
91,Dist_0012,Trans_0080
92,Dist_0012,Trans_0081
93,Dist_0013,Retail_0013
94,Dist_0013,Trans_0082
95,Dist_0013,Trans_0083
96,Dist_0013,Trans_0084
97,Dist_0013,Trans_0085
98,Dist_0013,Trans_0086
99,Dist_0013,Trans_0087
100,Dist_0013,Trans_0088
101,Dist_0014,Retail_0014
102,Dist_0014,Trans_0089
103,Dist_0014,Trans_0090
104,Dist_0014,Trans_0091
105,Dist_0014,Trans_0092
106,Dist_0014,Trans_0093
107,Dist_0014,Trans_0094
108,Dist_0014,Trans_0095
109,Dist_0015,Retail_0015
110,Dist_0015,Trans_0096
111,Dist_0015,Trans_0097
112,Dist_0015,Trans_0098
113,Dist_0015,Trans_0099
114,Dist_0015,Trans_0100
115,Dist_0016,Retail_0016
116,Dist_0016,Trans_0101
117,Dist_0016,Trans_0102
118,Dist_0016,Trans_0103
119,Dist_0016,Trans_0104
120,Dist_0016,Trans_0105
121,Dist_0016,Trans_0106
122,Dist_0017,Retail_0017
123,Dist_0017,Trans_0107
124,Dist_0017,Trans_0108
125,Dist_0017,Trans_0109
126,Dist_0017,Trans_0110
127,Dist_0017,Trans_0111
128,Dist_0017,Trans_0112
129,Dist_0018,Retail_0018
130,Dist_0018,Trans_0113
131,Dist_0018,Trans_0114
132,Dist_0018,Trans_0115
133,Dist_0018,Trans_0116
134,Dist_0018,Trans_0117
135,Dist_0018,Trans_0118
136,Dist_0019,Retail_0019
137,Dist_0019,Trans_0119
138,Dist_0019,Trans_0121
139,Dist_0020,Retail_0020
140,Dist_0020,Trans_0120
141,Dist_0020,Trans_0122
142,Dist_0021,Retail_0021
143,Dist_0021,Trans_0123
144,Dist_0021,Trans_0124
145,Dist_0021,Trans_0125
146,Dist_0021,Trans_0126
147,Dist_0021,Trans_0127
148,Dist_0021,Trans_0128
149,Dist_0021,Trans_0129
150,Dist_0021,Trans_0130
151,Dist_0021,Trans_0131
152,Dist_0022,Retail_0022
153,Dist_0022,Trans_0132
154,Dist_0022,Trans_0133
155,Dist_0022,Trans_0134
156,Dist_0022,Trans_0135
157,Dist_0022,Trans_0136
158,Dist_0023,Trans_0137
159,Dist_0024,Retail_0023
160,Dist_0024,Trans_0138
161,Dist_0024,Trans_0139
162,Dist_0024,Trans_0140
163,Dist_0024,Trans_0141
164,Dist_0024,Trans_0142
165,Dist_0024,Trans_0143
166,Dist_0024,Trans_0144
167,Dist_0025,Retail_0024
168,Dist_0025,Trans_0145
169,Dist_0026,Retail_0025
170,Dist_0026,Trans_0146
171,Dist_0026,Trans_0147
172,Dist_0026,Trans_0148
173,Dist_0026,Trans_0149
174,Dist_0026,Trans_0150
175,Dist_0026,Trans_0151
176,Dist_0026,Trans_0152
177,Dist_0027,Retail_0026
178,Dist_0027,Trans_0153
179,Dist_0027,Trans_0154
180,Dist_0027,Trans_0155
181,Dist_0027,Trans_0156
182,Dist_0028,Retail_0027
183,Dist_0028,Trans_0157
184,Dist_0028,Trans_0158
185,Dist_0028,Trans_0159
186,Dist_0029,Retail_0028
187,Dist_0029,Trans_0160
188,Dist_0030,Retail_0029
189,Dist_0030,Trans_0161
190,Dist_0030,Trans_0162
191,Dist_0030,Trans_0163
192,Dist_0031,Retail_0030
193,Dist_0031,Trans_0164
194,Dist_0031,Trans_0165
195,Dist_0031,Trans_0166
196,Dist_0032,Retail_0031
197,Dist_0032,Trans_0167
198,Dist_0032,Trans_0168
199,Dist_0032,Trans_0169
200,Dist_0032,Trans_0170
201,Dist_0032,Trans_0171
202,Dist_0032,Trans_0172
203,Dist_0032,Trans_0173
204,Dist_0032,Trans_0174
205,Dist_0033,Retail_0032
206,Dist_0033,Trans_0175
207,Dist_0034,Retail_0033
208,Dist_0034,Trans_0176
209,Dist_0035,Retail_0034
210,Dist_0035,Trans_0177
211,Dist_0035,Trans_0178
212,Dist_0035,Trans_0179
213,Dist_0036,Retail_0035
214,Dist_0036,Trans_0180
215,Dist_0037,Trans_0181
216,Dist_0038,Trans_0182
217,Dist_0039,Retail_0036
218,Dist_0040,Retail_0037
219,Dist_0041,Retail_0038
220,Dist_0042,Retail_0039
221,Dist_0043,Retail_0040
222,Dist_0044,Retail_0041
223,Dist_0045,Retail_0042
224,Dist_0046,Retail_0043
225,Dist_0047,Retail_0044
226,Dist_0048,Retail_0045
227,Manuf_0001,Retail_0046
228,Manuf_0002,Retail_0047
229,Manuf_0003,Retail_0048
230,Manuf_0004,Retail_0049
231,Manuf_0005,Retail_0050
232,Manuf_0006,Retail_0051
233,Manuf_0007,Retail_0052
234,Manuf_0008,Retail_0053
235,Manuf_0009,Retail_0054
236,Manuf_0010,Retail_0055
237,Manuf_0011,Retail_0056
238,Manuf_0012,Retail_0057
239,Manuf_0013,Retail_0058
240,Manuf_0014,Retail_0059
241,Manuf_0015,Retail_0060
242,Manuf_0016,Retail_0061
243,Manuf_0017,Retail_0062
244,Manuf_0018,Retail_0063
245,Manuf_0019,Retail_0064
246,Manuf_0020,Retail_0065
247,Manuf_0021,Retail_0066
248,Manuf_0022,Retail_0067
249,Manuf_0023,Retail_0068
250,Manuf_0024,Retail_0069
251,Manuf_0025,Retail_0070
252,Manuf_0026,Retail_0071
253,Manuf_0027,Retail_0072
254,Manuf_0028,Retail_0073
255,Manuf_0029,Retail_0074
256,Manuf_0030,Retail_0075
257,Manuf_0031,Retail_0076
258,Manuf_0032,Retail_0077
259,Manuf_0033,Retail_0078
260,Manuf_0034,Retail_0079
261,Manuf_0035,Retail_0080
262,Manuf_0036,Retail_0081
263,Manuf_0037,Retail_0082
264,Manuf_0038,Retail_0083
265,Manuf_0039,Retail_0084
266,Manuf_0040,Retail_0085
267,Manuf_0041,Retail_0086
268,Manuf_0042,Retail_0087
269,Manuf_0043,Retail_0088
270,Manuf_0044,Retail_0089
271,Manuf_0045,Retail_0090
272,Manuf_0046,Retail_0091
273,Manuf_0047,Retail_0092
274,Manuf_0048,Retail_0093
275,Manuf_0049,Retail_0094
276,Manuf_0050,Retail_0095
277,Manuf_0051,Retail_0096
278,Manuf_0052,Retail_0097
279,Manuf_0053,Retail_0098
280,Manuf_0054,Retail_0099
281,Manuf_0055,Retail_0100
282,Manuf_0056,Retail_0101
283,Manuf_0057,Retail_0102
284,Manuf_0058,Retail_0103
285,Manuf_0059,Retail_0104
286,Manuf_0060,Retail_0105
287,Manuf_0061,Retail_0106
288,Manuf_0062,Retail_0107
289,Manuf_0063,Retail_0108
290,Manuf_0064,Retail_0109
291,Manuf_0065,Retail_0110
292,Manuf_0066,Retail_0111
293,Manuf_0067,Retail_0112
294,Manuf_0068,Retail_0113
295,Manuf_0069,Retail_0114
296,Manuf_0070,Retail_0115
297,Manuf_0071,Retail_0116
298,Manuf_0072,Retail_0117
299,Manuf_0073,Retail_0118
300,Manuf_0074,Retail_0119
301,Manuf_0075,Retail_0120
302,Manuf_0076,Retail_0121
303,Manuf_0077,Retail_0122
304,Manuf_0078,Retail_0123
305,Manuf_0079,Retail_0124
306,Manuf_0080,Retail_0125
307,Manuf_0081,Retail_0126
308,Manuf_0082,Retail_0127
309,Manuf_0083,Retail_0128
310,Manuf_0084,Retail_0129
311,Manuf_0085,Retail_0130
312,Manuf_0086,Retail_0131
313,Manuf_0087,Retail_0132
314,Manuf_0088,Retail_0133
315,Manuf_0089,Retail_0134
316,Manuf_0090,Retail_0135
317,Manuf_0091,Retail_0136
318,Manuf_0092,Retail_0137
319,Manuf_0093,Retail_0138
320,Manuf_0094,Retail_0139
321,Manuf_0095,Retail_0140
322,Manuf_0096,Retail_0141
323,Manuf_0097,Retail_0142
324,Manuf_0098,Retail_0143
325,Manuf_0099,Retail_0144
326,Manuf_0100,Retail_0145
327,Manuf_0101,Retail_0146
328,Manuf_0102,Retail_0147
329,Manuf_0103,Retail_0148
330,Manuf_0104,Retail_0149
331,Manuf_0105,Retail_0150
332,Manuf_0106,Retail_0151
333,Manuf_0107,Retail_0152
334,Manuf_0108,Retail_0153
335,Manuf_0109,Retail_0154
336,Manuf_0110,Retail_0155
337,Manuf_0111,Retail_0156
338,Manuf_0112,Retail_0157
339,Manuf_0113,Retail_0158
340,Manuf_0114,Retail_0159
341,Manuf_0115,Retail_0160
342,Manuf_0116,Retail_0161
343,Manuf_0117,Retail_0162
344,Manuf_0118,Retail_0163
345,Manuf_0119,Retail_0164
346,Manuf_0120,Retail_0165
347,Manuf_0121,Retail_0166
348,Manuf_0122,Retail_0167
349,Manuf_0123,Retail_0168
350,Manuf_0124,Retail_0169
351,Manuf_0125,Retail_0170
352,Manuf_0126,Retail_0171
353,Manuf_0127,Retail_0172
354,Manuf_0128,Retail_0173
355,Manuf_0129,Retail_0174
356,Manuf_0130,Retail_0175
357,Manuf_0131,Retail_0176
358,Manuf_0132,Retail_0177
359,Manuf_0133,Retail_0178
360,Manuf_0134,Retail_0179
361,Manuf_0135,Retail_0180
362,Manuf_0136,Retail_0181
363,Manuf_0137,Retail_0182
364,Manuf_0138,Retail_0184
365,Manuf_0139,Retail_0183
366,Manuf_0140,Retail_0185
367,Manuf_0141,Retail_0186
368,Manuf_0142,Retail_0187
369,Manuf_0143,Retail_0188
370,Manuf_0144,Retail_0189
371,Manuf_0145,Retail_0190
372,Manuf_0146,Retail_0191
373,Manuf_0147,Retail_0192
374,Manuf_0148,Retail_0193
375,Manuf_0149,Retail_0194
376,Manuf_0150,Retail_0195
377,Manuf_0151,Retail_0196
378,Manuf_0152,Retail_0197
379,Manuf_0153,Retail_0198
380,Manuf_0154,Retail_0199
381,Manuf_0155,Retail_0200
382,Manuf_0156,Retail_0201
383,Manuf_0157,Retail_0202
384,Manuf_0158,Retail_0203
385,Manuf_0159,Retail_0204
386,Manuf_0160,Retail_0205
387,Manuf_0161,Retail_0206
388,Manuf_0162,Retail_0207
389,Manuf_0163,Retail_0208
390,Manuf_0164,Retail_0209
391,Manuf_0165,Retail_0210
392,Manuf_0166,Retail_0211
393,Manuf_0167,Retail_0212
394,Manuf_0168,Retail_0213
395,Manuf_0169,Retail_0214
396,Manuf_0170,Retail_0215
397,Manuf_0171,Retail_0216
398,Manuf_0172,Retail_0217
399,Manuf_0173,Retail_0218
400,Manuf_0174,Retail_0219
401,Manuf_0175,Retail_0220
402,Part_0001,Dist_0001
403,Part_0001,Dist_0002
404,Part_0001,Dist_0003
405,Part_0001,Dist_0004
406,Part_0001,Dist_0005
407,Part_0001,Dist_0006
408,Part_0001,Dist_0007
409,Part_0001,Dist_0008
410,Part_0001,Dist_0009
411,Part_0001,Dist_0010
412,Part_0001,Dist_0011
413,Part_0001,Dist_0012
414,Part_0001,Dist_0013
415,Part_0001,Dist_0014
416,Part_0001,Dist_0015
417,Part_0001,Dist_0016
418,Part_0001,Dist_0017
419,Part_0001,Dist_0018
420,Part_0001,Dist_0019
421,Part_0001,Dist_0020
422,Part_0001,Dist_0021
423,Part_0001,Dist_0022
424,Part_0001,Dist_0023
425,Part_0001,Dist_0024
426,Part_0001,Dist_0025
427,Part_0001,Dist_0026
428,Part_0001,Dist_0027
429,Part_0001,Dist_0028
430,Part_0001,Dist_0029
431,Part_0001,Dist_0030
432,Part_0001,Dist_0031
433,Part_0001,Dist_0032
434,Part_0001,Dist_0033
435,Part_0001,Dist_0034
436,Part_0001,Dist_0035
437,Part_0001,Dist_0036
438,Part_0001,Dist_0037
439,Part_0001,Dist_0038
440,Part_0001,Dist_0039
441,Part_0001,Dist_0040
442,Part_0001,Dist_0041
443,Part_0001,Dist_0042
444,Part_0001,Dist_0043
445,Part_0001,Dist_0044
446,Part_0001,Dist_0045
447,Part_0001,Dist_0046
448,Part_0001,Dist_0047
449,Part_0001,Dist_0048
450,Trans_0001,Manuf_0001
451,Trans_0002,Manuf_0002
452,Trans_0003,Manuf_0003
453,Trans_0004,Manuf_0004
454,Trans_0005,Manuf_0005
455,Trans_0006,Manuf_0006
456,Trans_0007,Manuf_0007
457,Trans_0008,Manuf_0008
458,Trans_0009,Manuf_0009
459,Trans_0010,Manuf_0010
460,Trans_0011,Manuf_0011
461,Trans_0012,Manuf_0012
462,Trans_0013,Manuf_0013
463,Trans_0014,Manuf_0014
464,Trans_0015,Manuf_0015
465,Trans_0016,Manuf_0016
466,Trans_0017,Manuf_0017
467,Trans_0018,Manuf_0018
468,Trans_0019,Manuf_0019
469,Trans_0020,Manuf_0020
470,Trans_0021,Manuf_0021
471,Trans_0022,Manuf_0022
472,Trans_0023,Manuf_0023
473,Trans_0024,Manuf_0024
474,Trans_0025,Manuf_0025
475,Trans_0026,Manuf_0026
476,Trans_0027,Manuf_0027
477,Trans_0028,Manuf_0028
478,Trans_0029,Manuf_0029
479,Trans_0030,Manuf_0030
480,Trans_0031,Manuf_0031
481,Trans_0032,Manuf_0032
482,Trans_0033,Manuf_0033
483,Trans_0034,Manuf_0034
484,Trans_0035,Manuf_0035
485,Trans_0036,Manuf_0036
486,Trans_0037,Manuf_0037
487,Trans_0038,Manuf_0038
488,Trans_0039,Manuf_0039
489,Trans_0040,Manuf_0040
490,Trans_0041,Manuf_0041
491,Trans_0042,Manuf_0042
492,Trans_0043,Manuf_0043
493,Trans_0044,Manuf_0044
494,Trans_0045,Manuf_0045
495,Trans_0046,Manuf_0046
496,Trans_0047,Manuf_0047
497,Trans_0048,Manuf_0048
498,Trans_0049,Manuf_0049
499,Trans_0050,Manuf_0050
500,Trans_0051,Manuf_0051
501,Trans_0052,Manuf_0052
502,Trans_0053,Manuf_0053
503,Trans_0054,Manuf_0054
504,Trans_0055,Manuf_0055
505,Trans_0056,Manuf_0056
506,Trans_0057,Manuf_0057
507,Trans_0058,Manuf_0058
508,Trans_0059,Manuf_0059
509,Trans_0060,Manuf_0060
510,Trans_0061,Manuf_0061
511,Trans_0062,Manuf_0062
512,Trans_0063,Manuf_0063
513,Trans_0064,Manuf_0064
514,Trans_0065,Manuf_0065
515,Trans_0066,Manuf_0066
516,Trans_0067,Manuf_0067
517,Trans_0068,Manuf_0068
518,Trans_0069,Manuf_0069
519,Trans_0070,Manuf_0070
520,Trans_0071,Manuf_0071
521,Trans_0072,Manuf_0072
522,Trans_0073,Manuf_0073
523,Trans_0074,Manuf_0074
524,Trans_0075,Manuf_0075
525,Trans_0076,Manuf_0076
526,Trans_0077,Manuf_0077
527,Trans_0078,Manuf_0078
528,Trans_0079,Manuf_0079
529,Trans_0080,Manuf_0080
530,Trans_0081,Manuf_0081
531,Trans_0082,Manuf_0082
532,Trans_0083,Manuf_0083
533,Trans_0084,Manuf_0084
534,Trans_0085,Manuf_0085
535,Trans_0086,Manuf_0086
536,Trans_0087,Manuf_0087
537,Trans_0088,Manuf_0088
538,Trans_0089,Manuf_0089
539,Trans_0090,Manuf_0090
540,Trans_0091,Manuf_0091
541,Trans_0092,Manuf_0092
542,Trans_0093,Manuf_0093
543,Trans_0094,Manuf_0094
544,Trans_0095,Manuf_0095
545,Trans_0096,Manuf_0096
546,Trans_0097,Manuf_0097
547,Trans_0098,Manuf_0098
548,Trans_0099,Manuf_0099
549,Trans_0100,Manuf_0100
550,Trans_0101,Manuf_0101
551,Trans_0102,Manuf_0102
552,Trans_0103,Manuf_0103
553,Trans_0104,Manuf_0104
554,Trans_0105,Manuf_0105
555,Trans_0106,Manuf_0106
556,Trans_0107,Manuf_0107
557,Trans_0108,Manuf_0108
558,Trans_0109,Manuf_0109
559,Trans_0110,Manuf_0110
560,Trans_0111,Manuf_0111
561,Trans_0112,Manuf_0112
562,Trans_0113,Manuf_0113
563,Trans_0114,Manuf_0114
564,Trans_0115,Manuf_0115
565,Trans_0116,Manuf_0116
566,Trans_0117,Manuf_0117
567,Trans_0118,Manuf_0118
568,Trans_0119,Manuf_0119
569,Trans_0120,Manuf_0119
570,Trans_0121,Manuf_0120
571,Trans_0122,Manuf_0120
572,Trans_0123,Manuf_0121
573,Trans_0124,Manuf_0122
574,Trans_0125,Manuf_0123
575,Trans_0126,Manuf_0124
576,Trans_0127,Manuf_0125
577,Trans_0128,Manuf_0126
578,Trans_0129,Manuf_0127
579,Trans_0130,Manuf_0128
580,Trans_0131,Manuf_0129
581,Trans_0132,Manuf_0130
582,Trans_0133,Manuf_0131
583,Trans_0134,Manuf_0132
584,Trans_0135,Manuf_0133
585,Trans_0136,Manuf_0134
586,Trans_0137,Manuf_0134
587,Trans_0138,Manuf_0135
588,Trans_0139,Manuf_0136
589,Trans_0140,Manuf_0137
590,Trans_0141,Manuf_0139
591,Trans_0142,Manuf_0138
592,Trans_0143,Manuf_0140
593,Trans_0144,Manuf_0141
594,Trans_0145,Manuf_0141
595,Trans_0146,Manuf_0142
596,Trans_0147,Manuf_0143
597,Trans_0148,Manuf_0144
598,Trans_0149,Manuf_0145
599,Trans_0150,Manuf_0146
600,Trans_0151,Manuf_0147
601,Trans_0152,Manuf_0148
602,Trans_0153,Manuf_0149
603,Trans_0154,Manuf_0150
604,Trans_0155,Manuf_0151
605,Trans_0156,Manuf_0152
606,Trans_0157,Manuf_0152
607,Trans_0158,Manuf_0153
608,Trans_0159,Manuf_0154
609,Trans_0160,Manuf_0155
610,Trans_0161,Manuf_0156
611,Trans_0162,Manuf_0157
612,Trans_0163,Manuf_0158
613,Trans_0164,Manuf_0159
614,Trans_0165,Manuf_0160
615,Trans_0166,Manuf_0161
616,Trans_0167,Manuf_0162
617,Trans_0168,Manuf_0163
618,Trans_0169,Manuf_0164
619,Trans_0170,Manuf_0165
620,Trans_0171,Manuf_0166
621,Trans_0172,Manuf_0167
622,Trans_0173,Manuf_0168
623,Trans_0174,Manuf_0169
624,Trans_0175,Manuf_0169
625,Trans_0176,Manuf_0170
626,Trans_0177,Manuf_0171
627,Trans_0178,Manuf_0172
628,Trans_0179,Manuf_0173
629,Trans_0180,Manuf_0173
630,Trans_0181,Manuf_0174
631,Trans_0182,Manuf_0175
