,child,parent
0,Manuf_0001,Trans_0001
1,Manuf_0002,Trans_0002
2,Manuf_0002,Trans_0003
3,Manuf_0002,Trans_0004
4,Manuf_0002,Trans_0005
5,Manuf_0002,Trans_0006
6,Manuf_0003,Trans_0007
7,Manuf_0003,Trans_0008
8,Manuf_0003,Trans_0009
9,Manuf_0003,Trans_0010
10,Manuf_0003,Trans_0011
11,Manuf_0003,Trans_0012
12,Manuf_0003,Trans_0013
13,Manuf_0004,Trans_0014
14,Manuf_0004,Trans_0015
15,Manuf_0004,Trans_0016
16,Manuf_0004,Trans_0017
17,Manuf_0005,Trans_0018
18,Manuf_0005,Trans_0021
19,Manuf_0006,Trans_0019
20,Manuf_0006,Trans_0020
21,Manuf_0006,Trans_0022
22,Manuf_0006,Trans_0023
23,Manuf_0006,Trans_0024
24,Manuf_0007,Trans_0025
25,Manuf_0007,Trans_0028
26,Manuf_0008,Trans_0026
27,Manuf_0008,Trans_0027
28,Manuf_0008,Trans_0029
29,Manuf_0008,Trans_0030
30,Manuf_0008,Trans_0031
31,Manuf_0009,Trans_0032
32,Manuf_0009,Trans_0033
33,Manuf_0009,Trans_0034
34,Manuf_0009,Trans_0035
35,Manuf_0010,Trans_0036
36,Manuf_0010,Trans_0037
37,Manuf_0010,Trans_0038
38,Manuf_0010,Trans_0039
39,Manuf_0011,Trans_0040
40,Manuf_0011,Trans_0041
41,Manuf_0012,Trans_0042
42,Manuf_0012,Trans_0043
43,Manuf_0013,Trans_0044
44,Manuf_0013,Trans_0047
45,Manuf_0014,Trans_0045
46,Manuf_0014,Trans_0046
47,Manuf_0014,Trans_0048
48,Manuf_0014,Trans_0049
49,Manuf_0014,Trans_0050
50,Manuf_0015,Trans_0051
51,Manuf_0015,Trans_0052
52,Manuf_0016,Trans_0052
53,Manuf_0016,Trans_0053
54,Manuf_0016,Trans_0054
55,Manuf_0017,Retail_0001
56,Manuf_0018,Retail_0002
57,Manuf_0018,Retail_0003
58,Manuf_0018,Retail_0004
59,Manuf_0018,Retail_0005
60,Manuf_0018,Retail_0006
61,Manuf_0018,Retail_0007
62,Manuf_0018,Retail_0008
63,Manuf_0018,Retail_0009
64,Manuf_0018,Retail_0010
65,Manuf_0018,Retail_0011
66,Manuf_0018,Retail_0012
67,Manuf_0018,Retail_0013
68,Manuf_0019,Retail_0014
69,Manuf_0019,Retail_0015
70,Manuf_0019,Retail_0016
71,Manuf_0019,Retail_0017
72,Manuf_0019,Retail_0018
73,Manuf_0019,Retail_0019
74,Manuf_0019,Retail_0020
75,Manuf_0019,Retail_0021
76,Manuf_0019,Retail_0022
77,Manuf_0019,Retail_0023
78,Manuf_0019,Retail_0024
79,Manuf_0019,Retail_0025
80,Manuf_0019,Retail_0026
81,Manuf_0019,Retail_0027
82,Manuf_0020,Retail_0028
83,Manuf_0021,Retail_0029
84,Manuf_0021,Retail_0030
85,Manuf_0021,Retail_0031
86,Manuf_0021,Retail_0032
87,Manuf_0021,Retail_0033
88,Manuf_0021,Retail_0034
89,Manuf_0021,Retail_0035
90,Manuf_0021,Retail_0036
91,Manuf_0021,Retail_0037
92,Manuf_0021,Retail_0038
93,Manuf_0022,Retail_0039
94,Manuf_0022,Retail_0040
95,Manuf_0022,Retail_0041
96,Manuf_0022,Retail_0042
97,Manuf_0022,Retail_0043
98,Manuf_0023,Retail_0044
99,Manuf_0023,Retail_0045
100,Manuf_0023,Retail_0046
101,Manuf_0023,Retail_0047
102,Manuf_0023,Retail_0048
103,Manuf_0023,Retail_0049
104,Manuf_0023,Retail_0050
105,Manuf_0024,Retail_0051
106,Manuf_0024,Retail_0052
107,Manuf_0025,Retail_0053
108,Manuf_0026,Retail_0054
109,Manuf_0026,Retail_0055
110,Manuf_0026,Retail_0056
111,Manuf_0026,Retail_0057
112,Manuf_0026,Retail_0058
113,Manuf_0026,Retail_0059
114,Manuf_0026,Retail_0060
115,Manuf_0026,Retail_0061
116,Manuf_0027,Retail_0062
117,Manuf_0028,Retail_0063
118,Manuf_0028,Retail_0064
119,Manuf_0028,Retail_0065
120,Manuf_0028,Retail_0066
121,Manuf_0028,Retail_0067
122,Manuf_0028,Retail_0068
123,Manuf_0028,Retail_0069
124,Manuf_0028,Retail_0070
125,Manuf_0028,Retail_0071
126,Manuf_0028,Retail_0072
127,Manuf_0028,Retail_0073
128,Manuf_0028,Retail_0074
129,Manuf_0028,Retail_0075
130,Manuf_0029,Retail_0076
131,Manuf_0029,Retail_0077
132,Manuf_0029,Retail_0078
133,Manuf_0029,Retail_0079
134,Manuf_0029,Retail_0080
135,Manuf_0030,Retail_0081
136,Manuf_0031,Retail_0082
137,Manuf_0032,Retail_0083
138,Manuf_0033,Retail_0084
139,Manuf_0034,Retail_0085
140,Manuf_0034,Retail_0086
141,Manuf_0034,Retail_0087
142,Manuf_0034,Retail_0088
143,Manuf_0034,Retail_0089
144,Manuf_0034,Retail_0090
145,Manuf_0034,Retail_0091
146,Manuf_0034,Retail_0092
147,Manuf_0034,Retail_0093
148,Manuf_0034,Retail_0094
149,Manuf_0034,Retail_0095
150,Manuf_0034,Retail_0096
151,Manuf_0034,Retail_0097
152,Manuf_0035,Retail_0098
153,Manuf_0036,Retail_0099
154,Manuf_0037,Retail_0100
155,Manuf_0037,Retail_0101
156,Manuf_0037,Retail_0102
157,Manuf_0037,Retail_0103
158,Manuf_0037,Retail_0104
159,Manuf_0038,Retail_0105
160,Manuf_0039,Retail_0106
161,Manuf_0039,Retail_0107
162,Manuf_0039,Retail_0108
163,Manuf_0039,Retail_0109
164,Manuf_0039,Retail_0110
165,Manuf_0039,Retail_0111
166,Manuf_0039,Retail_0112
167,Manuf_0039,Retail_0113
168,Manuf_0040,Retail_0114
169,Manuf_0040,Retail_0115
170,Manuf_0040,Retail_0116
171,Manuf_0040,Retail_0117
172,Manuf_0041,Retail_0118
173,Manuf_0041,Retail_0119
174,Manuf_0041,Retail_0120
175,Manuf_0041,Retail_0121
176,Manuf_0041,Retail_0122
177,Manuf_0041,Retail_0123
178,Manuf_0042,Retail_0124
179,Manuf_0043,Retail_0125
180,Manuf_0043,Retail_0126
181,Manuf_0044,Retail_0127
182,Manuf_0044,Retail_0128
183,Manuf_0044,Retail_0129
184,Manuf_0044,Retail_0130
185,Manuf_0044,Retail_0131
186,Manuf_0045,Retail_0132
187,Manuf_0045,Retail_0133
188,Manuf_0046,Retail_0134
189,Manuf_0046,Retail_0135
190,Manuf_0046,Retail_0136
191,Manuf_0046,Retail_0137
192,Manuf_0046,Retail_0138
193,Manuf_0046,Retail_0139
194,Manuf_0046,Retail_0140
195,Manuf_0046,Retail_0141
196,Manuf_0046,Retail_0142
197,Manuf_0046,Retail_0143
198,Manuf_0046,Retail_0144
199,Manuf_0046,Retail_0145
200,Manuf_0046,Retail_0146
201,Manuf_0046,Retail_0147
202,Manuf_0047,Retail_0148
203,Manuf_0047,Retail_0149
204,Manuf_0047,Retail_0150
205,Manuf_0047,Retail_0151
206,Manuf_0047,Retail_0152
207,Manuf_0047,Retail_0153
208,Manuf_0048,Retail_0154
209,Manuf_0048,Retail_0155
210,Manuf_0048,Retail_0156
211,Manuf_0048,Retail_0157
212,Manuf_0048,Retail_0158
213,Manuf_0048,Retail_0159
214,Manuf_0048,Retail_0160
215,Manuf_0048,Retail_0161
216,Manuf_0048,Retail_0162
217,Manuf_0048,Retail_0163
218,Manuf_0048,Retail_0164
219,Manuf_0048,Retail_0165
220,Manuf_0048,Retail_0166
221,Manuf_0048,Retail_0167
222,Manuf_0048,Retail_0168
223,Manuf_0048,Retail_0169
224,Manuf_0048,Retail_0170
225,Manuf_0048,Retail_0171
226,Manuf_0049,Retail_0172
227,Manuf_0049,Retail_0173
228,Manuf_0049,Retail_0174
229,Manuf_0049,Retail_0175
230,Manuf_0049,Retail_0176
231,Manuf_0049,Retail_0177
232,Manuf_0049,Retail_0178
233,Manuf_0049,Retail_0179
234,Manuf_0049,Retail_0180
235,Manuf_0049,Retail_0181
236,Manuf_0049,Retail_0182
237,Manuf_0049,Retail_0183
238,Manuf_0050,Retail_0184
239,Manuf_0050,Retail_0185
240,Manuf_0050,Retail_0186
241,Manuf_0050,Retail_0187
242,Manuf_0050,Retail_0188
243,Manuf_0050,Retail_0189
244,Manuf_0050,Retail_0190
245,Manuf_0050,Retail_0191
246,Manuf_0050,Retail_0192
247,Manuf_0050,Retail_0193
248,Manuf_0050,Retail_0194
249,Manuf_0050,Retail_0195
250,Manuf_0050,Retail_0196
251,Manuf_0050,Retail_0197
252,Manuf_0050,Retail_0198
253,Manuf_0050,Retail_0199
254,Manuf_0050,Retail_0200
255,Manuf_0050,Retail_0201
256,Manuf_0050,Retail_0202
257,Manuf_0051,Retail_0203
258,Manuf_0051,Retail_0204
259,Manuf_0051,Retail_0205
260,Manuf_0051,Retail_0206
261,Manuf_0052,Retail_0207
262,Manuf_0053,Retail_0208
263,Manuf_0054,Retail_0209
264,Manuf_0055,Retail_0210
265,Manuf_0056,Retail_0211
266,Manuf_0056,Retail_0212
267,Manuf_0056,Retail_0213
268,Manuf_0056,Retail_0214
269,Manuf_0056,Retail_0215
270,Manuf_0056,Retail_0216
271,Manuf_0056,Retail_0217
272,Manuf_0056,Retail_0218
273,Manuf_0056,Retail_0219
274,Manuf_0056,Retail_0220
275,Manuf_0056,Retail_0221
276,Manuf_0056,Retail_0222
277,Manuf_0056,Retail_0223
278,Manuf_0056,Retail_0224
279,Manuf_0056,Retail_0225
280,Manuf_0057,Retail_0226
281,Manuf_0057,Retail_0227
282,Manuf_0057,Retail_0228
283,Manuf_0057,Retail_0229
284,Manuf_0057,Retail_0230
285,Manuf_0057,Retail_0231
286,Manuf_0057,Retail_0232
287,Manuf_0057,Retail_0233
288,Manuf_0057,Retail_0234
289,Manuf_0057,Retail_0235
290,Manuf_0057,Retail_0236
291,Manuf_0058,Retail_0237
292,Manuf_0058,Retail_0238
293,Manuf_0058,Retail_0239
294,Manuf_0058,Retail_0240
295,Manuf_0058,Retail_0241
296,Manuf_0058,Retail_0242
297,Manuf_0058,Retail_0243
298,Manuf_0058,Retail_0244
299,Manuf_0058,Retail_0245
300,Manuf_0058,Retail_0246
301,Manuf_0058,Retail_0247
302,Manuf_0058,Retail_0248
303,Manuf_0058,Retail_0249
304,Manuf_0058,Retail_0250
305,Manuf_0058,Retail_0251
306,Manuf_0058,Retail_0252
307,Manuf_0058,Retail_0253
308,Manuf_0058,Retail_0254
309,Manuf_0058,Retail_0255
310,Manuf_0058,Retail_0256
311,Manuf_0059,Retail_0257
312,Manuf_0059,Retail_0258
313,Manuf_0059,Retail_0259
314,Manuf_0059,Retail_0260
315,Manuf_0059,Retail_0261
316,Manuf_0059,Retail_0262
317,Manuf_0060,Retail_0263
318,Manuf_0060,Retail_0264
319,Manuf_0060,Retail_0265
320,Manuf_0060,Retail_0266
321,Manuf_0060,Retail_0267
322,Manuf_0060,Retail_0268
323,Manuf_0060,Retail_0269
324,Manuf_0060,Retail_0270
325,Manuf_0060,Retail_0271
326,Manuf_0060,Retail_0272
327,Manuf_0060,Retail_0273
328,Manuf_0060,Retail_0274
329,Manuf_0060,Retail_0275
330,Manuf_0061,Retail_0276
331,Manuf_0061,Retail_0277
332,Manuf_0062,Retail_0278
333,Manuf_0062,Retail_0279
334,Manuf_0063,Retail_0280
335,Manuf_0063,Retail_0281
336,Manuf_0063,Retail_0282
337,Manuf_0063,Retail_0283
338,Manuf_0063,Retail_0284
339,Manuf_0063,Retail_0285
340,Manuf_0063,Retail_0286
341,Manuf_0063,Retail_0287
342,Manuf_0063,Retail_0288
343,Manuf_0063,Retail_0289
344,Manuf_0063,Retail_0290
345,Manuf_0063,Retail_0291
346,Manuf_0063,Retail_0292
347,Manuf_0063,Retail_0293
348,Manuf_0064,Retail_0294
349,Manuf_0064,Retail_0295
350,Manuf_0065,Retail_0296
351,Manuf_0065,Retail_0297
352,Manuf_0065,Retail_0298
353,Manuf_0065,Retail_0299
354,Manuf_0065,Retail_0300
355,Manuf_0065,Retail_0301
356,Manuf_0065,Retail_0302
357,Manuf_0065,Retail_0303
358,Manuf_0065,Retail_0304
359,Manuf_0065,Retail_0305
360,Manuf_0065,Retail_0306
361,Manuf_0065,Retail_0307
362,Manuf_0065,Retail_0308
363,Manuf_0065,Retail_0309
364,Manuf_0065,Retail_0310
365,Manuf_0065,Retail_0311
366,Manuf_0065,Retail_0312
367,Manuf_0066,Retail_0313
368,Manuf_0066,Retail_0314
369,Manuf_0066,Retail_0315
370,Manuf_0066,Retail_0316
371,Manuf_0066,Retail_0317
372,Manuf_0066,Retail_0318
373,Manuf_0067,Retail_0319
374,Manuf_0067,Retail_0320
375,Manuf_0067,Retail_0321
376,Manuf_0067,Retail_0322
377,Manuf_0067,Retail_0323
378,Manuf_0067,Retail_0324
379,Manuf_0067,Retail_0325
380,Manuf_0067,Retail_0326
381,Manuf_0067,Retail_0327
382,Manuf_0067,Retail_0328
383,Manuf_0067,Retail_0329
384,Manuf_0067,Retail_0330
385,Manuf_0067,Retail_0331
386,Manuf_0067,Retail_0332
387,Manuf_0068,Retail_0333
388,Manuf_0068,Retail_0334
389,Manuf_0068,Retail_0335
390,Manuf_0068,Retail_0336
391,Manuf_0068,Retail_0337
392,Manuf_0068,Retail_0338
393,Manuf_0068,Retail_0339
394,Manuf_0068,Retail_0340
395,Manuf_0068,Retail_0341
396,Manuf_0068,Retail_0342
397,Manuf_0068,Retail_0343
398,Manuf_0068,Retail_0344
399,Manuf_0068,Retail_0345
400,Manuf_0069,Retail_0346
401,Manuf_0069,Retail_0347
402,Manuf_0069,Retail_0348
403,Manuf_0069,Retail_0349
404,Manuf_0069,Retail_0350
405,Manuf_0069,Retail_0351
406,Manuf_0069,Retail_0352
407,Manuf_0069,Retail_0353
408,Manuf_0069,Retail_0354
409,Manuf_0069,Retail_0355
410,Manuf_0069,Retail_0356
411,Manuf_0069,Retail_0357
412,Manuf_0069,Retail_0358
413,Manuf_0069,Retail_0359
414,Manuf_0069,Retail_0360
415,Manuf_0070,Retail_0361
416,Manuf_0070,Retail_0362
417,Manuf_0070,Retail_0363
418,Manuf_0070,Retail_0364
419,Manuf_0070,Retail_0365
420,Part_0001,Manuf_0001
421,Part_0001,Manuf_0002
422,Part_0001,Manuf_0005
423,Part_0001,Manuf_0007
424,Part_0001,Manuf_0011
425,Part_0001,Manuf_0013
426,Part_0001,Manuf_0015
427,Part_0002,Manuf_0001
428,Part_0003,Manuf_0001
429,Part_0004,Manuf_0001
430,Part_0005,Manuf_0001
431,Part_0006,Manuf_0001
432,Part_0007,Manuf_0002
433,Part_0008,Manuf_0002
434,Part_0009,Manuf_0002
435,Part_0010,Manuf_0002
436,Part_0011,Manuf_0002
437,Part_0012,Manuf_0003
438,Part_0012,Manuf_0004
439,Part_0013,Manuf_0003
440,Part_0013,Manuf_0004
441,Part_0014,Manuf_0003
442,Part_0014,Manuf_0004
443,Part_0014,Manuf_0006
444,Part_0014,Manuf_0008
445,Part_0014,Manuf_0009
446,Part_0014,Manuf_0010
447,Part_0014,Manuf_0012
448,Part_0014,Manuf_0014
449,Part_0014,Manuf_0016
450,Part_0015,Manuf_0003
451,Part_0016,Manuf_0003
452,Part_0016,Manuf_0004
453,Part_0017,Manuf_0003
454,Part_0017,Manuf_0004
455,Part_0018,Manuf_0004
456,Part_0018,Manuf_0008
457,Part_0019,Manuf_0005
458,Part_0020,Manuf_0005
459,Part_0020,Manuf_0007
460,Part_0020,Manuf_0011
461,Part_0020,Manuf_0013
462,Part_0021,Manuf_0005
463,Part_0022,Manuf_0005
464,Part_0023,Manuf_0005
465,Part_0024,Manuf_0005
466,Part_0025,Manuf_0005
467,Part_0026,Manuf_0006
468,Part_0027,Manuf_0006
469,Part_0027,Manuf_0008
470,Part_0027,Manuf_0010
471,Part_0027,Manuf_0012
472,Part_0027,Manuf_0014
473,Part_0028,Manuf_0006
474,Part_0029,Manuf_0006
475,Part_0030,Manuf_0006
476,Part_0031,Manuf_0006
477,Part_0032,Manuf_0006
478,Part_0033,Manuf_0007
479,Part_0034,Manuf_0007
480,Part_0034,Manuf_0011
481,Part_0035,Manuf_0007
482,Part_0036,Manuf_0007
483,Part_0037,Manuf_0007
484,Part_0038,Manuf_0008
485,Part_0039,Manuf_0008
486,Part_0039,Manuf_0009
487,Part_0039,Manuf_0012
488,Part_0040,Manuf_0008
489,Part_0041,Manuf_0008
490,Part_0042,Manuf_0009
491,Part_0043,Manuf_0009
492,Part_0044,Manuf_0009
493,Part_0045,Manuf_0009
494,Part_0046,Manuf_0009
495,Part_0047,Manuf_0009
496,Part_0048,Manuf_0010
497,Part_0049,Manuf_0010
498,Part_0049,Manuf_0012
499,Part_0049,Manuf_0014
500,Part_0050,Manuf_0010
501,Part_0051,Manuf_0010
502,Part_0052,Manuf_0010
503,Part_0053,Manuf_0011
504,Part_0053,Manuf_0013
505,Part_0054,Manuf_0011
506,Part_0055,Manuf_0011
507,Part_0056,Manuf_0011
508,Part_0057,Manuf_0011
509,Part_0058,Manuf_0012
510,Part_0059,Manuf_0012
511,Part_0060,Manuf_0012
512,Part_0061,Manuf_0012
513,Part_0062,Manuf_0013
514,Part_0063,Manuf_0013
515,Part_0064,Manuf_0013
516,Part_0065,Manuf_0013
517,Part_0066,Manuf_0014
518,Part_0067,Manuf_0014
519,Part_0068,Manuf_0014
520,Part_0069,Manuf_0014
521,Part_0070,Manuf_0015
522,Part_0071,Manuf_0015
523,Part_0072,Manuf_0015
524,Part_0073,Manuf_0015
525,Part_0074,Manuf_0015
526,Part_0075,Manuf_0016
527,Part_0076,Manuf_0016
528,Part_0077,Manuf_0016
529,Part_0078,Manuf_0016
530,Part_0079,Manuf_0016
531,Part_0080,Manuf_0017
532,Part_0080,Manuf_0018
533,Part_0080,Manuf_0023
534,Part_0080,Manuf_0030
535,Part_0080,Manuf_0034
536,Part_0080,Manuf_0041
537,Part_0080,Manuf_0048
538,Part_0080,Manuf_0052
539,Part_0080,Manuf_0056
540,Part_0080,Manuf_0060
541,Part_0080,Manuf_0067
542,Part_0081,Manuf_0017
543,Part_0082,Manuf_0017
544,Part_0083,Manuf_0018
545,Part_0083,Manuf_0023
546,Part_0083,Manuf_0030
547,Part_0083,Manuf_0034
548,Part_0083,Manuf_0041
549,Part_0083,Manuf_0048
550,Part_0083,Manuf_0052
551,Part_0084,Manuf_0017
552,Part_0084,Manuf_0018
553,Part_0084,Manuf_0023
554,Part_0084,Manuf_0030
555,Part_0084,Manuf_0034
556,Part_0084,Manuf_0041
557,Part_0084,Manuf_0048
558,Part_0084,Manuf_0052
559,Part_0084,Manuf_0056
560,Part_0084,Manuf_0060
561,Part_0084,Manuf_0067
562,Part_0085,Manuf_0019
563,Part_0086,Manuf_0019
564,Part_0086,Manuf_0026
565,Part_0086,Manuf_0031
566,Part_0086,Manuf_0037
567,Part_0086,Manuf_0044
568,Part_0086,Manuf_0049
569,Part_0086,Manuf_0053
570,Part_0086,Manuf_0057
571,Part_0086,Manuf_0063
572,Part_0086,Manuf_0068
573,Part_0087,Manuf_0019
574,Part_0087,Manuf_0026
575,Part_0087,Manuf_0031
576,Part_0087,Manuf_0037
577,Part_0087,Manuf_0044
578,Part_0087,Manuf_0049
579,Part_0087,Manuf_0053
580,Part_0087,Manuf_0057
581,Part_0087,Manuf_0063
582,Part_0087,Manuf_0068
583,Part_0088,Manuf_0020
584,Part_0088,Manuf_0027
585,Part_0088,Manuf_0038
586,Part_0088,Manuf_0045
587,Part_0088,Manuf_0064
588,Part_0089,Manuf_0021
589,Part_0089,Manuf_0028
590,Part_0089,Manuf_0032
591,Part_0089,Manuf_0039
592,Part_0089,Manuf_0046
593,Part_0089,Manuf_0050
594,Part_0089,Manuf_0054
595,Part_0089,Manuf_0058
596,Part_0089,Manuf_0065
597,Part_0089,Manuf_0069
598,Part_0090,Manuf_0020
599,Part_0090,Manuf_0027
600,Part_0090,Manuf_0038
601,Part_0090,Manuf_0045
602,Part_0091,Manuf_0020
603,Part_0091,Manuf_0027
604,Part_0091,Manuf_0038
605,Part_0091,Manuf_0045
606,Part_0091,Manuf_0064
607,Part_0092,Manuf_0021
608,Part_0092,Manuf_0028
609,Part_0092,Manuf_0032
610,Part_0092,Manuf_0039
611,Part_0092,Manuf_0046
612,Part_0092,Manuf_0050
613,Part_0092,Manuf_0054
614,Part_0092,Manuf_0058
615,Part_0092,Manuf_0065
616,Part_0092,Manuf_0069
617,Part_0093,Manuf_0021
618,Part_0093,Manuf_0028
619,Part_0093,Manuf_0032
620,Part_0093,Manuf_0039
621,Part_0093,Manuf_0046
622,Part_0093,Manuf_0050
623,Part_0093,Manuf_0054
624,Part_0094,Manuf_0022
625,Part_0094,Manuf_0029
626,Part_0094,Manuf_0033
627,Part_0094,Manuf_0040
628,Part_0094,Manuf_0047
629,Part_0094,Manuf_0051
630,Part_0094,Manuf_0059
631,Part_0094,Manuf_0066
632,Part_0094,Manuf_0070
633,Part_0095,Manuf_0022
634,Part_0095,Manuf_0055
635,Part_0096,Manuf_0022
636,Part_0097,Manuf_0024
637,Part_0097,Manuf_0035
638,Part_0097,Manuf_0042
639,Part_0097,Manuf_0061
640,Part_0098,Manuf_0024
641,Part_0098,Manuf_0035
642,Part_0098,Manuf_0042
643,Part_0098,Manuf_0061
644,Part_0099,Manuf_0024
645,Part_0099,Manuf_0035
646,Part_0099,Manuf_0042
647,Part_0100,Manuf_0025
648,Part_0100,Manuf_0036
649,Part_0100,Manuf_0043
650,Part_0100,Manuf_0062
651,Part_0101,Manuf_0025
652,Part_0101,Manuf_0036
653,Part_0101,Manuf_0043
654,Part_0102,Manuf_0025
655,Part_0102,Manuf_0036
656,Part_0102,Manuf_0043
657,Part_0102,Manuf_0062
658,Part_0103,Manuf_0026
659,Part_0103,Manuf_0031
660,Part_0103,Manuf_0037
661,Part_0103,Manuf_0044
662,Part_0103,Manuf_0049
663,Part_0104,Manuf_0029
664,Part_0104,Manuf_0033
665,Part_0104,Manuf_0040
666,Part_0104,Manuf_0047
667,Part_0104,Manuf_0051
668,Part_0105,Manuf_0029
669,Part_0105,Manuf_0033
670,Part_0105,Manuf_0040
671,Part_0105,Manuf_0047
672,Part_0105,Manuf_0051
673,Part_0105,Manuf_0059
674,Part_0105,Manuf_0066
675,Part_0105,Manuf_0070
676,Part_0106,Manuf_0053
677,Part_0107,Manuf_0053
678,Part_0108,Manuf_0055
679,Part_0109,Manuf_0055
680,Part_0110,Manuf_0056
681,Part_0111,Manuf_0056
682,Part_0112,Manuf_0057
683,Part_0113,Manuf_0057
684,Part_0114,Manuf_0058
685,Part_0115,Manuf_0058
686,Part_0116,Manuf_0059
687,Part_0117,Manuf_0059
688,Part_0118,Manuf_0060
689,Part_0119,Manuf_0061
690,Part_0120,Manuf_0062
691,Part_0121,Manuf_0063
692,Part_0122,Manuf_0064
693,Part_0123,Manuf_0065
694,Part_0124,Manuf_0066
695,Part_0125,Manuf_0067
696,Part_0126,Manuf_0068
697,Part_0127,Manuf_0069
698,Part_0128,Manuf_0070
699,Trans_0001,Manuf_0017
700,Trans_0002,Manuf_0018
701,Trans_0003,Manuf_0019
702,Trans_0004,Manuf_0020
703,Trans_0005,Manuf_0021
704,Trans_0006,Manuf_0022
705,Trans_0007,Manuf_0023
706,Trans_0008,Manuf_0024
707,Trans_0009,Manuf_0025
708,Trans_0010,Manuf_0026
709,Trans_0011,Manuf_0027
710,Trans_0012,Manuf_0028
711,Trans_0013,Manuf_0029
712,Trans_0014,Manuf_0030
713,Trans_0015,Manuf_0031
714,Trans_0016,Manuf_0032
715,Trans_0017,Manuf_0033
716,Trans_0018,Manuf_0034
717,Trans_0019,Manuf_0035
718,Trans_0020,Manuf_0036
719,Trans_0021,Manuf_0037
720,Trans_0022,Manuf_0038
721,Trans_0023,Manuf_0039
722,Trans_0024,Manuf_0040
723,Trans_0025,Manuf_0041
724,Trans_0026,Manuf_0042
725,Trans_0027,Manuf_0043
726,Trans_0028,Manuf_0044
727,Trans_0029,Manuf_0045
728,Trans_0030,Manuf_0046
729,Trans_0031,Manuf_0047
730,Trans_0032,Manuf_0048
731,Trans_0033,Manuf_0049
732,Trans_0034,Manuf_0050
733,Trans_0035,Manuf_0051
734,Trans_0036,Manuf_0052
735,Trans_0037,Manuf_0053
736,Trans_0038,Manuf_0054
737,Trans_0039,Manuf_0055
738,Trans_0040,Manuf_0056
739,Trans_0041,Manuf_0057
740,Trans_0042,Manuf_0058
741,Trans_0043,Manuf_0059
742,Trans_0044,Manuf_0060
743,Trans_0045,Manuf_0061
744,Trans_0046,Manuf_0062
745,Trans_0047,Manuf_0063
746,Trans_0048,Manuf_0064
747,Trans_0049,Manuf_0065
748,Trans_0050,Manuf_0066
749,Trans_0051,Manuf_0067
750,Trans_0052,Manuf_0068
751,Trans_0053,Manuf_0069
752,Trans_0054,Manuf_0070
