,child,parent
0,Manuf_0001,Retail_0001
1,Manuf_0002,Retail_0002
2,Manuf_0003,Retail_0003
3,Manuf_0004,Retail_0002
4,Manuf_0005,Retail_0003
5,Manuf_0006,Retail_0004
6,Manuf_0007,Retail_0004
7,Manuf_0008,Retail_0005
8,Manuf_0009,Retail_0005
9,Manuf_0010,Retail_0005
10,Manuf_0011,Retail_0006
11,Manuf_0012,Retail_0006
12,Manuf_0013,Retail_0007
13,Manuf_0014,Retail_0007
14,Manuf_0015,Retail_0009
15,Manuf_0016,Retail_0009
16,Manuf_0017,Retail_0008
17,Manuf_0018,Retail_0008
18,Manuf_0019,Retail_0010
19,Manuf_0020,Retail_0010
20,Manuf_0021,Retail_0010
21,Manuf_0022,Retail_0011
22,Manuf_0023,Retail_0011
23,Manuf_0024,Retail_0011
24,Manuf_0025,Retail_0012
25,Manuf_0026,Retail_0012
26,Manuf_0027,Retail_0013
27,Manuf_0028,Retail_0013
28,Manuf_0029,Retail_0014
29,Manuf_0030,Retail_0017
30,Manuf_0031,Retail_0017
31,Manuf_0032,Retail_0016
32,Manuf_0032,Retail_0017
33,Manuf_0033,Retail_0018
34,Manuf_0034,Retail_0018
35,Manuf_0035,Retail_0019
36,Manuf_0035,Retail_0020
37,Manuf_0036,Retail_0019
38,Manuf_0037,Retail_0020
39,Manuf_0038,Retail_0021
40,Manuf_0038,Retail_0022
41,Manuf_0039,Retail_0022
42,Manuf_0040,Retail_0022
43,Manuf_0041,Retail_0022
44,Manuf_0042,Retail_0022
45,Manuf_0043,Retail_0023
46,Manuf_0044,Retail_0023
47,Manuf_0045,Retail_0024
48,Manuf_0046,Retail_0025
49,Manuf_0047,Retail_0024
50,Manuf_0048,Retail_0025
51,Part_0001,Manuf_0001
52,Part_0001,Manuf_0002
53,Part_0001,Manuf_0003
54,Part_0001,Manuf_0006
55,Part_0001,Manuf_0009
56,Part_0001,Manuf_0011
57,Part_0001,Manuf_0013
58,Part_0001,Manuf_0014
59,Part_0001,Manuf_0015
60,Part_0001,Manuf_0017
61,Part_0001,Manuf_0018
62,Part_0001,Manuf_0020
63,Part_0001,Manuf_0023
64,Part_0001,Manuf_0037
65,Part_0001,Manuf_0043
66,Part_0002,Manuf_0001
67,Part_0002,Manuf_0002
68,Part_0002,Manuf_0003
69,Part_0002,Manuf_0006
70,Part_0002,Manuf_0009
71,Part_0002,Manuf_0011
72,Part_0002,Manuf_0012
73,Part_0002,Manuf_0013
74,Part_0002,Manuf_0015
75,Part_0002,Manuf_0017
76,Part_0002,Manuf_0019
77,Part_0002,Manuf_0020
78,Part_0002,Manuf_0025
79,Part_0002,Manuf_0027
80,Part_0002,Manuf_0029
81,Part_0002,Manuf_0031
82,Part_0002,Manuf_0033
83,Part_0002,Manuf_0034
84,Part_0002,Manuf_0036
85,Part_0002,Manuf_0037
86,Part_0002,Manuf_0038
87,Part_0002,Manuf_0042
88,Part_0002,Manuf_0043
89,Part_0002,Manuf_0047
90,Part_0002,Manuf_0048
91,Part_0003,Manuf_0001
92,Part_0003,Manuf_0009
93,Part_0003,Manuf_0013
94,Part_0003,Manuf_0017
95,Part_0003,Manuf_0020
96,Part_0003,Manuf_0023
97,Part_0003,Manuf_0032
98,Part_0003,Manuf_0034
99,Part_0003,Manuf_0043
100,Part_0003,Manuf_0044
101,Part_0004,Manuf_0001
102,Part_0005,Manuf_0001
103,Part_0005,Manuf_0002
104,Part_0005,Manuf_0003
105,Part_0005,Manuf_0006
106,Part_0005,Manuf_0009
107,Part_0005,Manuf_0011
108,Part_0005,Manuf_0012
109,Part_0005,Manuf_0013
110,Part_0005,Manuf_0017
111,Part_0005,Manuf_0019
112,Part_0005,Manuf_0020
113,Part_0005,Manuf_0025
114,Part_0005,Manuf_0027
115,Part_0005,Manuf_0029
116,Part_0005,Manuf_0031
117,Part_0005,Manuf_0033
118,Part_0005,Manuf_0034
119,Part_0005,Manuf_0036
120,Part_0005,Manuf_0037
121,Part_0005,Manuf_0038
122,Part_0005,Manuf_0042
123,Part_0005,Manuf_0043
124,Part_0006,Manuf_0002
125,Part_0006,Manuf_0009
126,Part_0006,Manuf_0011
127,Part_0006,Manuf_0014
128,Part_0006,Manuf_0015
129,Part_0006,Manuf_0018
130,Part_0007,Manuf_0002
131,Part_0007,Manuf_0011
132,Part_0008,Manuf_0002
133,Part_0008,Manuf_0006
134,Part_0008,Manuf_0009
135,Part_0008,Manuf_0011
136,Part_0008,Manuf_0015
137,Part_0009,Manuf_0002
138,Part_0009,Manuf_0006
139,Part_0009,Manuf_0009
140,Part_0009,Manuf_0011
141,Part_0009,Manuf_0027
142,Part_0010,Manuf_0002
143,Part_0010,Manuf_0027
144,Part_0011,Manuf_0002
145,Part_0011,Manuf_0037
146,Part_0011,Manuf_0039
147,Part_0012,Manuf_0002
148,Part_0012,Manuf_0011
149,Part_0012,Manuf_0013
150,Part_0012,Manuf_0015
151,Part_0012,Manuf_0017
152,Part_0012,Manuf_0019
153,Part_0012,Manuf_0022
154,Part_0012,Manuf_0044
155,Part_0013,Manuf_0002
156,Part_0013,Manuf_0003
157,Part_0013,Manuf_0011
158,Part_0014,Manuf_0002
159,Part_0014,Manuf_0047
160,Part_0015,Manuf_0002
161,Part_0015,Manuf_0011
162,Part_0016,Manuf_0002
163,Part_0017,Manuf_0003
164,Part_0017,Manuf_0045
165,Part_0017,Manuf_0048
166,Part_0018,Manuf_0003
167,Part_0018,Manuf_0013
168,Part_0018,Manuf_0017
169,Part_0018,Manuf_0033
170,Part_0018,Manuf_0037
171,Part_0018,Manuf_0043
172,Part_0018,Manuf_0044
173,Part_0019,Manuf_0003
174,Part_0019,Manuf_0011
175,Part_0019,Manuf_0043
176,Part_0019,Manuf_0047
177,Part_0020,Manuf_0003
178,Part_0020,Manuf_0009
179,Part_0020,Manuf_0014
180,Part_0020,Manuf_0018
181,Part_0021,Manuf_0003
182,Part_0021,Manuf_0012
183,Part_0022,Manuf_0003
184,Part_0022,Manuf_0006
185,Part_0022,Manuf_0009
186,Part_0022,Manuf_0017
187,Part_0022,Manuf_0025
188,Part_0022,Manuf_0027
189,Part_0022,Manuf_0043
190,Part_0023,Manuf_0003
191,Part_0024,Manuf_0003
192,Part_0025,Manuf_0004
193,Part_0026,Manuf_0005
194,Part_0027,Manuf_0006
195,Part_0027,Manuf_0009
196,Part_0027,Manuf_0015
197,Part_0027,Manuf_0020
198,Part_0027,Manuf_0023
199,Part_0028,Manuf_0006
200,Part_0029,Manuf_0007
201,Part_0030,Manuf_0006
202,Part_0030,Manuf_0011
203,Part_0031,Manuf_0006
204,Part_0031,Manuf_0009
205,Part_0032,Manuf_0006
206,Part_0032,Manuf_0009
207,Part_0032,Manuf_0020
208,Part_0032,Manuf_0023
209,Part_0033,Manuf_0006
210,Part_0033,Manuf_0009
211,Part_0033,Manuf_0013
212,Part_0033,Manuf_0020
213,Part_0033,Manuf_0023
214,Part_0034,Manuf_0006
215,Part_0034,Manuf_0020
216,Part_0034,Manuf_0023
217,Part_0035,Manuf_0008
218,Part_0036,Manuf_0010
219,Part_0037,Manuf_0009
220,Part_0037,Manuf_0027
221,Part_0038,Manuf_0006
222,Part_0038,Manuf_0015
223,Part_0038,Manuf_0020
224,Part_0038,Manuf_0023
225,Part_0039,Manuf_0009
226,Part_0040,Manuf_0009
227,Part_0041,Manuf_0011
228,Part_0042,Manuf_0012
229,Part_0043,Manuf_0012
230,Part_0043,Manuf_0014
231,Part_0043,Manuf_0018
232,Part_0043,Manuf_0028
233,Part_0043,Manuf_0044
234,Part_0044,Manuf_0012
235,Part_0044,Manuf_0028
236,Part_0045,Manuf_0013
237,Part_0045,Manuf_0017
238,Part_0045,Manuf_0025
239,Part_0045,Manuf_0027
240,Part_0046,Manuf_0013
241,Part_0046,Manuf_0017
242,Part_0047,Manuf_0013
243,Part_0047,Manuf_0020
244,Part_0047,Manuf_0023
245,Part_0048,Manuf_0013
246,Part_0048,Manuf_0017
247,Part_0049,Manuf_0013
248,Part_0049,Manuf_0017
249,Part_0050,Manuf_0014
250,Part_0050,Manuf_0018
251,Part_0051,Manuf_0013
252,Part_0051,Manuf_0017
253,Part_0052,Manuf_0013
254,Part_0052,Manuf_0017
255,Part_0052,Manuf_0027
256,Part_0053,Manuf_0014
257,Part_0053,Manuf_0018
258,Part_0053,Manuf_0044
259,Part_0054,Manuf_0013
260,Part_0054,Manuf_0017
261,Part_0054,Manuf_0027
262,Part_0055,Manuf_0013
263,Part_0055,Manuf_0017
264,Part_0055,Manuf_0025
265,Part_0056,Manuf_0014
266,Part_0056,Manuf_0018
267,Part_0056,Manuf_0022
268,Part_0056,Manuf_0023
269,Part_0056,Manuf_0028
270,Part_0056,Manuf_0044
271,Part_0056,Manuf_0045
272,Part_0056,Manuf_0046
273,Part_0057,Manuf_0013
274,Part_0057,Manuf_0017
275,Part_0057,Manuf_0043
276,Part_0057,Manuf_0047
277,Part_0058,Manuf_0014
278,Part_0058,Manuf_0015
279,Part_0058,Manuf_0018
280,Part_0058,Manuf_0022
281,Part_0058,Manuf_0023
282,Part_0058,Manuf_0028
283,Part_0058,Manuf_0044
284,Part_0058,Retail_0013
285,Part_0059,Manuf_0015
286,Part_0059,Manuf_0025
287,Part_0059,Manuf_0032
288,Part_0059,Manuf_0034
289,Part_0059,Manuf_0038
290,Part_0060,Manuf_0015
291,Part_0061,Manuf_0015
292,Part_0062,Manuf_0016
293,Part_0063,Manuf_0019
294,Part_0063,Manuf_0020
295,Part_0063,Manuf_0022
296,Part_0063,Manuf_0023
297,Part_0064,Manuf_0020
298,Part_0064,Manuf_0023
299,Part_0065,Manuf_0020
300,Part_0065,Manuf_0023
301,Part_0066,Manuf_0020
302,Part_0066,Manuf_0023
303,Part_0067,Manuf_0020
304,Part_0067,Manuf_0023
305,Part_0068,Manuf_0021
306,Part_0069,Manuf_0024
307,Part_0070,Manuf_0025
308,Part_0071,Manuf_0025
309,Part_0072,Manuf_0025
310,Part_0073,Manuf_0025
311,Part_0074,Manuf_0025
312,Part_0075,Manuf_0025
313,Part_0076,Manuf_0025
314,Part_0077,Manuf_0026
315,Part_0078,Manuf_0025
316,Part_0079,Manuf_0025
317,Part_0079,Manuf_0027
318,Part_0080,Manuf_0025
319,Part_0080,Manuf_0027
320,Part_0080,Manuf_0028
321,Part_0081,Manuf_0025
322,Part_0081,Manuf_0032
323,Part_0081,Manuf_0033
324,Part_0081,Manuf_0034
325,Part_0081,Manuf_0036
326,Part_0081,Manuf_0037
327,Part_0081,Manuf_0039
328,Part_0082,Manuf_0025
329,Part_0082,Manuf_0027
330,Part_0083,Manuf_0025
331,Part_0083,Manuf_0027
332,Part_0084,Manuf_0027
333,Part_0085,Manuf_0028
334,Part_0086,Manuf_0027
335,Part_0087,Manuf_0027
336,Part_0088,Manuf_0028
337,Part_0089,Manuf_0027
338,Part_0089,Manuf_0032
339,Part_0089,Manuf_0034
340,Part_0090,Manuf_0028
341,Part_0090,Manuf_0045
342,Part_0091,Manuf_0030
343,Part_0092,Manuf_0029
344,Part_0092,Manuf_0031
345,Part_0093,Manuf_0029
346,Part_0093,Manuf_0031
347,Part_0093,Manuf_0042
348,Part_0094,Manuf_0029
349,Part_0094,Manuf_0031
350,Part_0094,Manuf_0033
351,Part_0094,Manuf_0042
352,Part_0095,Manuf_0029
353,Part_0095,Manuf_0031
354,Part_0095,Manuf_0042
355,Part_0096,Manuf_0029
356,Part_0096,Manuf_0031
357,Part_0097,Manuf_0032
358,Part_0097,Manuf_0034
359,Part_0098,Manuf_0032
360,Part_0098,Manuf_0039
361,Part_0099,Manuf_0032
362,Part_0099,Manuf_0039
363,Part_0099,Manuf_0040
364,Part_0100,Manuf_0033
365,Part_0101,Manuf_0033
366,Part_0102,Manuf_0033
367,Part_0103,Manuf_0033
368,Part_0104,Manuf_0033
369,Part_0105,Manuf_0034
370,Part_0106,Manuf_0033
371,Part_0106,Manuf_0037
372,Part_0107,Manuf_0033
373,Part_0107,Manuf_0037
374,Part_0108,Manuf_0035
375,Part_0109,Manuf_0036
376,Part_0110,Manuf_0036
377,Part_0111,Manuf_0036
378,Part_0112,Manuf_0036
379,Part_0113,Manuf_0036
380,Part_0113,Manuf_0037
381,Part_0114,Manuf_0037
382,Part_0115,Manuf_0037
383,Part_0116,Manuf_0037
384,Part_0117,Manuf_0037
385,Part_0118,Manuf_0037
386,Part_0119,Manuf_0037
387,Part_0120,Manuf_0037
388,Part_0121,Manuf_0037
389,Part_0122,Manuf_0037
390,Part_0123,Manuf_0037
391,Part_0124,Manuf_0037
392,Part_0125,Manuf_0037
393,Part_0126,Manuf_0037
394,Part_0127,Manuf_0038
395,Part_0128,Manuf_0038
396,Part_0129,Manuf_0039
397,Part_0130,Manuf_0040
398,Part_0131,Manuf_0040
399,Part_0132,Manuf_0040
400,Part_0132,Manuf_0041
401,Part_0133,Manuf_0041
402,Part_0134,Manuf_0041
403,Part_0135,Manuf_0041
404,Part_0136,Manuf_0041
405,Part_0137,Manuf_0041
406,Part_0138,Manuf_0041
407,Part_0139,Manuf_0041
408,Part_0140,Manuf_0041
409,Part_0141,Manuf_0041
410,Part_0142,Manuf_0041
411,Part_0143,Manuf_0041
412,Part_0144,Manuf_0042
413,Part_0145,Manuf_0042
414,Part_0146,Manuf_0042
415,Part_0147,Manuf_0043
416,Part_0148,Manuf_0043
417,Part_0149,Manuf_0043
418,Part_0150,Manuf_0043
419,Part_0151,Manuf_0043
420,Part_0152,Manuf_0043
421,Part_0153,Manuf_0043
422,Part_0154,Manuf_0044
423,Part_0155,Manuf_0044
424,Part_0156,Manuf_0043
425,Part_0156,Manuf_0047
426,Part_0157,Manuf_0045
427,Part_0157,Manuf_0046
428,Part_0157,Retail_0024
429,Part_0158,Manuf_0045
430,Part_0159,Manuf_0045
431,Part_0160,Manuf_0045
432,Part_0161,Manuf_0045
433,Part_0161,Manuf_0046
434,Part_0162,Manuf_0046
435,Part_0162,Manuf_0047
436,Part_0163,Manuf_0046
437,Part_0163,Manuf_0047
438,Part_0163,Manuf_0048
439,Part_0164,Manuf_0047
440,Part_0165,Manuf_0047
441,Part_0166,Manuf_0047
442,Part_0167,Manuf_0047
443,Part_0168,Manuf_0047
444,Part_0169,Manuf_0047
445,Part_0170,Manuf_0047
446,Part_0170,Manuf_0048
447,Part_0171,Manuf_0047
448,Part_0171,Manuf_0048
449,Part_0172,Manuf_0047
450,Part_0172,Manuf_0048
451,Part_0173,Manuf_0047
452,Part_0173,Manuf_0048
453,Part_0174,Manuf_0048
454,Part_0175,Manuf_0048
455,Part_0176,Manuf_0048
456,Part_0177,Manuf_0048
457,Part_0178,Manuf_0048
458,Part_0179,Manuf_0048
459,Part_0180,Manuf_0047
460,Part_0180,Manuf_0048
461,Part_0181,Manuf_0047
462,Part_0182,Manuf_0047
463,Part_0182,Manuf_0048
464,Part_0182,Retail_0024
465,Part_0183,Retail_0001
466,Part_0183,Retail_0002
467,Part_0183,Retail_0003
468,Part_0183,Retail_0004
469,Part_0183,Retail_0005
470,Part_0183,Retail_0006
471,Part_0183,Retail_0007
472,Part_0183,Retail_0008
473,Part_0183,Retail_0010
474,Part_0183,Retail_0012
475,Part_0183,Retail_0013
476,Part_0183,Retail_0014
477,Part_0183,Retail_0019
478,Part_0183,Retail_0020
479,Part_0183,Retail_0021
480,Part_0183,Retail_0023
481,Part_0183,Retail_0024
482,Part_0183,Retail_0025
483,Part_0184,Manuf_0041
484,Part_0184,Retail_0005
485,Part_0184,Retail_0013
486,Part_0184,Retail_0024
487,Part_0185,Manuf_0041
488,Part_0185,Retail_0005
489,Part_0185,Retail_0013
490,Part_0186,Retail_0005
491,Part_0186,Retail_0013
492,Part_0187,Retail_0005
493,Part_0187,Retail_0013
494,Part_0187,Retail_0024
495,Part_0188,Retail_0007
496,Part_0188,Retail_0008
497,Part_0188,Retail_0010
498,Part_0188,Retail_0011
499,Part_0188,Retail_0012
500,Part_0188,Retail_0013
501,Part_0188,Retail_0019
502,Part_0188,Retail_0020
503,Part_0188,Retail_0023
504,Part_0188,Retail_0024
505,Part_0189,Retail_0009
506,Part_0189,Retail_0011
507,Part_0190,Retail_0013
508,Part_0191,Retail_0013
509,Part_0191,Retail_0024
510,Part_0192,Retail_0013
511,Part_0192,Retail_0015
512,Part_0192,Retail_0024
513,Part_0193,Retail_0013
514,Part_0193,Retail_0024
515,Part_0194,Retail_0015
516,Part_0194,Retail_0016
517,Part_0194,Retail_0017
518,Part_0194,Retail_0018
519,Part_0194,Retail_0022
520,Part_0195,Retail_0022
521,Part_0196,Retail_0024
522,Part_0197,Retail_0024
523,Part_0198,Retail_0024
