,child,parent
0,Manuf_0001,Trans_0001
1,Manuf_0002,Dist_0001
2,Manuf_0002,Dist_0002
3,Manuf_0002,Dist_0003
4,Manuf_0003,Dist_0004
5,Manuf_0003,Dist_0005
6,Manuf_0003,Dist_0006
7,Manuf_0004,Dist_0007
8,Manuf_0004,Dist_0008
9,Manuf_0004,Dist_0009
10,Manuf_0005,Dist_0010
11,Manuf_0005,Dist_0011
12,Manuf_0005,Dist_0012
13,Manuf_0006,Dist_0013
14,Manuf_0006,Dist_0014
15,Manuf_0006,Dist_0015
16,Manuf_0007,Dist_0016
17,Manuf_0007,Dist_0017
18,Manuf_0007,Dist_0018
19,Manuf_0008,Dist_0019
20,Manuf_0008,Dist_0020
21,Manuf_0008,Dist_0021
22,Manuf_0009,Dist_0022
23,Manuf_0009,Dist_0023
24,Manuf_0009,Dist_0024
25,Manuf_0010,Dist_0025
26,Manuf_0010,Dist_0026
27,Manuf_0010,Dist_0027
28,Manuf_0011,Dist_0028
29,Manuf_0011,Dist_0029
30,Manuf_0011,Dist_0030
31,Manuf_0012,Dist_0031
32,Manuf_0012,Dist_0032
33,Manuf_0012,Dist_0033
34,Manuf_0013,Dist_0034
35,Manuf_0013,Dist_0035
36,Manuf_0013,Dist_0036
37,Manuf_0014,Dist_0037
38,Manuf_0014,Dist_0038
39,Manuf_0014,Dist_0039
40,Manuf_0015,Dist_0040
41,Manuf_0015,Dist_0041
42,Manuf_0015,Dist_0042
43,Manuf_0016,Dist_0043
44,Manuf_0016,Dist_0044
45,Manuf_0016,Dist_0045
46,Manuf_0017,Dist_0046
47,Manuf_0017,Dist_0047
48,Manuf_0017,Dist_0048
49,Manuf_0018,Dist_0049
50,Manuf_0018,Dist_0050
51,Manuf_0018,Dist_0051
52,Manuf_0019,Dist_0052
53,Manuf_0019,Dist_0053
54,Manuf_0019,Dist_0054
55,Manuf_0020,Dist_0055
56,Manuf_0020,Dist_0056
57,Manuf_0020,Dist_0057
58,Manuf_0021,Dist_0058
59,Manuf_0021,Dist_0059
60,Manuf_0021,Dist_0060
61,Manuf_0022,Dist_0061
62,Manuf_0022,Dist_0062
63,Manuf_0022,Dist_0063
64,Manuf_0023,Dist_0064
65,Manuf_0023,Dist_0065
66,Manuf_0023,Dist_0066
67,Manuf_0024,Dist_0067
68,Manuf_0024,Dist_0068
69,Manuf_0024,Dist_0069
70,Manuf_0025,Dist_0070
71,Manuf_0025,Dist_0071
72,Manuf_0025,Dist_0072
73,Manuf_0026,Dist_0073
74,Manuf_0026,Dist_0074
75,Manuf_0026,Dist_0075
76,Manuf_0027,Dist_0076
77,Manuf_0027,Dist_0077
78,Manuf_0027,Dist_0078
79,Manuf_0028,Dist_0079
80,Manuf_0028,Dist_0080
81,Manuf_0028,Dist_0081
82,Manuf_0029,Dist_0082
83,Manuf_0029,Dist_0083
84,Manuf_0029,Dist_0084
85,Manuf_0030,Dist_0085
86,Manuf_0030,Dist_0086
87,Manuf_0030,Dist_0087
88,Manuf_0031,Dist_0088
89,Manuf_0031,Dist_0089
90,Manuf_0031,Dist_0090
91,Manuf_0032,Dist_0091
92,Manuf_0032,Dist_0092
93,Manuf_0032,Dist_0093
94,Part_0001,Manuf_0001
95,Part_0002,Manuf_0001
96,Part_0003,Manuf_0001
97,Part_0004,Manuf_0001
98,Part_0005,Manuf_0001
99,Part_0005,Retail_0001
100,Part_0006,Manuf_0001
101,Part_0007,Manuf_0001
102,Part_0008,Manuf_0001
103,Part_0009,Manuf_0001
104,Part_0009,Retail_0002
105,Part_0010,Manuf_0001
106,Part_0010,Retail_0003
107,Part_0011,Manuf_0002
108,Part_0012,Manuf_0002
109,Part_0013,Manuf_0002
110,Part_0014,Manuf_0002
111,Part_0015,Manuf_0002
112,Part_0016,Manuf_0002
113,Part_0017,Manuf_0002
114,Part_0018,Manuf_0002
115,Part_0019,Manuf_0002
116,Part_0020,Manuf_0002
117,Part_0020,Manuf_0003
118,Part_0020,Manuf_0004
119,Part_0020,Manuf_0005
120,Part_0020,Manuf_0006
121,Part_0020,Manuf_0007
122,Part_0020,Manuf_0008
123,Part_0020,Manuf_0009
124,Part_0020,Manuf_0010
125,Part_0020,Manuf_0011
126,Part_0020,Manuf_0012
127,Part_0020,Manuf_0013
128,Part_0020,Manuf_0014
129,Part_0020,Manuf_0015
130,Part_0020,Manuf_0016
131,Part_0020,Manuf_0017
132,Part_0020,Manuf_0018
133,Part_0020,Manuf_0019
134,Part_0020,Manuf_0020
135,Part_0020,Manuf_0021
136,Part_0020,Manuf_0022
137,Part_0020,Manuf_0023
138,Part_0020,Manuf_0024
139,Part_0020,Manuf_0025
140,Part_0020,Manuf_0026
141,Part_0020,Manuf_0027
142,Part_0020,Manuf_0028
143,Part_0020,Manuf_0029
144,Part_0020,Manuf_0030
145,Part_0020,Manuf_0031
146,Part_0020,Manuf_0032
147,Part_0020,Retail_0005
148,Part_0021,Manuf_0002
149,Part_0021,Manuf_0003
150,Part_0021,Manuf_0004
151,Part_0021,Manuf_0005
152,Part_0021,Manuf_0006
153,Part_0021,Manuf_0007
154,Part_0021,Manuf_0008
155,Part_0021,Manuf_0009
156,Part_0021,Manuf_0010
157,Part_0021,Manuf_0011
158,Part_0021,Manuf_0012
159,Part_0021,Manuf_0013
160,Part_0021,Manuf_0014
161,Part_0021,Manuf_0015
162,Part_0021,Manuf_0016
163,Part_0021,Manuf_0017
164,Part_0021,Manuf_0018
165,Part_0021,Manuf_0019
166,Part_0021,Manuf_0020
167,Part_0021,Manuf_0021
168,Part_0021,Manuf_0022
169,Part_0021,Manuf_0023
170,Part_0021,Manuf_0024
171,Part_0021,Manuf_0025
172,Part_0021,Manuf_0026
173,Part_0021,Manuf_0027
174,Part_0021,Manuf_0028
175,Part_0021,Manuf_0029
176,Part_0021,Manuf_0030
177,Part_0021,Manuf_0031
178,Part_0021,Manuf_0032
179,Trans_0001,Manuf_0002
180,Trans_0001,Manuf_0003
181,Trans_0001,Manuf_0004
182,Trans_0001,Manuf_0005
183,Trans_0001,Manuf_0006
184,Trans_0001,Manuf_0007
185,Trans_0001,Manuf_0008
186,Trans_0001,Manuf_0009
187,Trans_0001,Manuf_0010
188,Trans_0001,Manuf_0011
189,Trans_0001,Manuf_0012
190,Trans_0001,Manuf_0013
191,Trans_0001,Manuf_0014
192,Trans_0001,Manuf_0015
193,Trans_0001,Manuf_0016
194,Trans_0001,Manuf_0017
195,Trans_0001,Manuf_0018
196,Trans_0001,Manuf_0019
197,Trans_0001,Manuf_0020
198,Trans_0001,Manuf_0021
199,Trans_0001,Manuf_0022
200,Trans_0001,Manuf_0023
201,Trans_0001,Manuf_0024
202,Trans_0001,Manuf_0025
203,Trans_0001,Manuf_0026
204,Trans_0001,Manuf_0027
205,Trans_0001,Manuf_0028
206,Trans_0001,Manuf_0029
207,Trans_0001,Manuf_0030
208,Trans_0001,Manuf_0031
209,Trans_0001,Manuf_0032
210,Trans_0001,Retail_0004
