,child,parent
0,Manuf_0001,Manuf_0011
1,Manuf_0002,Manuf_0013
2,Manuf_0003,Manuf_0015
3,Manuf_0004,Manuf_0015
4,Manuf_0005,Manuf_0015
5,Manuf_0006,Manuf_0016
6,Manuf_0007,Manuf_0016
7,Manuf_0008,Manuf_0030
8,Manuf_0009,Manuf_0030
9,Manuf_0010,Manuf_0029
10,Manuf_0011,Manuf_0030
11,Manuf_0012,Manuf_0037
12,Manuf_0013,Manuf_0038
13,Manuf_0014,Manuf_0039
14,Manuf_0015,Manuf_0040
15,Manuf_0016,Manuf_0042
16,Manuf_0017,Manuf_0042
17,Manuf_0018,Manuf_0042
18,Manuf_0019,Manuf_0042
19,Manuf_0020,Manuf_0042
20,Manuf_0021,Manuf_0055
21,Manuf_0022,Manuf_0055
22,Manuf_0023,Manuf_0055
23,Manuf_0024,Manuf_0055
24,Manuf_0025,Manuf_0055
25,Manuf_0026,Manuf_0056
26,Manuf_0027,Manuf_0056
27,Manuf_0028,Manuf_0056
28,Manuf_0029,Manuf_0057
29,Manuf_0030,Manuf_0057
30,Manuf_0030,Retail_0002
31,Manuf_0031,Manuf_0058
32,Manuf_0032,Manuf_0058
33,Manuf_0033,Manuf_0058
34,Manuf_0033,Manuf_0061
35,Manuf_0034,Manuf_0058
36,Manuf_0034,Manuf_0061
37,Manuf_0035,Manuf_0058
38,Manuf_0035,Manuf_0061
39,Manuf_0036,Manuf_0058
40,Manuf_0036,Manuf_0061
41,Manuf_0037,Manuf_0058
42,Manuf_0037,Manuf_0061
43,Manuf_0038,Manuf_0058
44,Manuf_0038,Manuf_0061
45,Manuf_0039,Manuf_0058
46,Manuf_0039,Manuf_0061
47,Manuf_0040,Manuf_0058
48,Manuf_0040,Manuf_0061
49,Manuf_0041,Manuf_0058
50,Manuf_0041,Manuf_0061
51,Manuf_0042,Manuf_0058
52,Manuf_0042,Manuf_0061
53,Manuf_0043,Manuf_0060
54,Manuf_0044,Manuf_0060
55,Manuf_0045,Manuf_0060
56,Manuf_0046,Manuf_0061
57,Manuf_0047,Manuf_0061
58,Manuf_0048,Manuf_0061
59,Manuf_0049,Manuf_0062
60,Manuf_0050,Manuf_0063
61,Manuf_0051,Manuf_0063
62,Manuf_0052,Manuf_0064
63,Manuf_0053,Manuf_0065
64,Manuf_0054,Manuf_0065
65,Manuf_0055,Retail_0001
66,Manuf_0056,Retail_0001
67,Manuf_0057,Retail_0001
68,Manuf_0058,Retail_0001
69,Manuf_0059,Retail_0002
70,Manuf_0060,Retail_0002
71,Manuf_0061,Retail_0002
72,Manuf_0062,Retail_0002
73,Manuf_0063,Retail_0002
74,Manuf_0064,Retail_0002
75,Manuf_0065,Retail_0002
76,Part_0001,Manuf_0001
77,Part_0002,Manuf_0001
78,Part_0003,Manuf_0002
79,Part_0004,Manuf_0003
80,Part_0005,Manuf_0003
81,Part_0006,Manuf_0004
82,Part_0007,Manuf_0004
83,Part_0008,Manuf_0005
84,Part_0009,Manuf_0005
85,Part_0010,Manuf_0006
86,Part_0010,Manuf_0007
87,Part_0011,Manuf_0008
88,Part_0012,Manuf_0009
89,Part_0013,Manuf_0010
90,Part_0014,Manuf_0011
91,Part_0015,Manuf_0012
92,Part_0016,Manuf_0012
93,Part_0017,Manuf_0012
94,Part_0018,Manuf_0013
95,Part_0019,Manuf_0014
96,Part_0020,Manuf_0015
97,Part_0021,Manuf_0015
98,Part_0022,Manuf_0015
99,Part_0023,Manuf_0016
100,Part_0024,Manuf_0017
101,Part_0025,Manuf_0018
102,Part_0026,Manuf_0019
103,Part_0027,Manuf_0020
104,Part_0028,Manuf_0021
105,Part_0029,Manuf_0022
106,Part_0030,Manuf_0023
107,Part_0031,Manuf_0022
108,Part_0031,Manuf_0023
109,Part_0031,Manuf_0024
110,Part_0031,Manuf_0025
111,Part_0032,Manuf_0024
112,Part_0032,Manuf_0025
113,Part_0033,Manuf_0024
114,Part_0033,Manuf_0025
115,Part_0034,Manuf_0025
116,Part_0035,Manuf_0025
117,Part_0036,Manuf_0026
118,Part_0037,Manuf_0027
119,Part_0038,Manuf_0028
120,Part_0038,Manuf_0043
121,Part_0039,Manuf_0030
122,Part_0040,Manuf_0030
123,Part_0041,Manuf_0030
124,Part_0042,Manuf_0030
125,Part_0043,Manuf_0030
126,Part_0044,Manuf_0030
127,Part_0045,Manuf_0029
128,Part_0046,Manuf_0029
129,Part_0046,Manuf_0062
130,Part_0047,Manuf_0029
131,Part_0047,Manuf_0062
132,Part_0048,Manuf_0029
133,Part_0048,Manuf_0062
134,Part_0049,Manuf_0029
135,Part_0049,Manuf_0062
136,Part_0050,Manuf_0029
137,Part_0050,Manuf_0062
138,Part_0051,Manuf_0029
139,Part_0051,Manuf_0062
140,Part_0052,Manuf_0029
141,Part_0052,Manuf_0062
142,Part_0053,Manuf_0029
143,Part_0053,Manuf_0062
144,Part_0054,Manuf_0029
145,Part_0054,Manuf_0062
146,Part_0055,Manuf_0029
147,Part_0055,Manuf_0062
148,Part_0056,Manuf_0029
149,Part_0056,Manuf_0050
150,Part_0056,Manuf_0062
151,Part_0057,Manuf_0029
152,Part_0057,Manuf_0062
153,Part_0058,Manuf_0031
154,Part_0059,Manuf_0031
155,Part_0060,Manuf_0031
156,Part_0061,Manuf_0032
157,Part_0062,Manuf_0032
158,Part_0062,Manuf_0046
159,Part_0063,Manuf_0033
160,Part_0064,Manuf_0034
161,Part_0065,Manuf_0034
162,Part_0066,Manuf_0035
163,Part_0067,Manuf_0036
164,Part_0068,Manuf_0037
165,Part_0069,Manuf_0037
166,Part_0070,Manuf_0037
167,Part_0071,Manuf_0037
168,Part_0072,Manuf_0038
169,Part_0073,Manuf_0039
170,Part_0074,Manuf_0039
171,Part_0075,Manuf_0039
172,Part_0076,Manuf_0040
173,Part_0077,Manuf_0041
174,Part_0078,Manuf_0042
175,Part_0079,Manuf_0042
176,Part_0080,Manuf_0044
177,Part_0081,Manuf_0045
178,Part_0082,Manuf_0046
179,Part_0083,Manuf_0047
180,Part_0084,Manuf_0048
181,Part_0085,Manuf_0048
182,Part_0086,Manuf_0049
183,Part_0087,Manuf_0050
184,Part_0088,Manuf_0050
185,Part_0089,Manuf_0050
186,Part_0090,Manuf_0050
187,Part_0091,Manuf_0050
188,Part_0092,Manuf_0051
189,Part_0093,Manuf_0051
190,Part_0094,Manuf_0052
191,Part_0095,Manuf_0053
192,Part_0096,Manuf_0054
193,Part_0097,Manuf_0055
194,Part_0098,Manuf_0055
195,Part_0099,Manuf_0055
196,Part_0100,Manuf_0055
197,Part_0101,Manuf_0055
198,Part_0102,Manuf_0055
199,Part_0103,Manuf_0055
200,Part_0104,Manuf_0055
201,Part_0105,Manuf_0055
202,Part_0106,Manuf_0055
203,Part_0107,Manuf_0055
204,Part_0108,Manuf_0055
205,Part_0109,Manuf_0055
206,Part_0110,Manuf_0055
207,Part_0111,Manuf_0055
208,Part_0112,Manuf_0055
209,Part_0113,Manuf_0055
210,Part_0114,Manuf_0055
211,Part_0115,Manuf_0055
212,Part_0116,Manuf_0055
213,Part_0117,Manuf_0055
214,Part_0118,Manuf_0055
215,Part_0119,Manuf_0055
216,Part_0120,Manuf_0055
217,Part_0121,Manuf_0055
218,Part_0122,Manuf_0055
219,Part_0123,Manuf_0055
220,Part_0124,Manuf_0055
221,Part_0125,Manuf_0055
222,Part_0126,Manuf_0055
223,Part_0127,Manuf_0055
224,Part_0127,Manuf_0059
225,Part_0128,Manuf_0055
226,Part_0128,Manuf_0059
227,Part_0129,Manuf_0055
228,Part_0129,Manuf_0059
229,Part_0130,Manuf_0055
230,Part_0130,Manuf_0059
231,Part_0131,Manuf_0056
232,Part_0132,Manuf_0056
233,Part_0133,Manuf_0056
234,Part_0134,Manuf_0056
235,Part_0135,Manuf_0056
236,Part_0136,Manuf_0056
237,Part_0137,Manuf_0056
238,Part_0137,Manuf_0060
239,Part_0138,Manuf_0056
240,Part_0138,Manuf_0060
241,Part_0139,Manuf_0056
242,Part_0139,Manuf_0060
243,Part_0140,Manuf_0056
244,Part_0140,Manuf_0060
245,Part_0141,Manuf_0056
246,Part_0141,Manuf_0060
247,Part_0142,Manuf_0056
248,Part_0142,Manuf_0060
249,Part_0143,Manuf_0056
250,Part_0143,Manuf_0060
251,Part_0144,Manuf_0056
252,Part_0144,Manuf_0060
253,Part_0145,Manuf_0056
254,Part_0145,Manuf_0060
255,Part_0146,Manuf_0056
256,Part_0146,Manuf_0060
257,Part_0147,Manuf_0056
258,Part_0147,Manuf_0060
259,Part_0148,Manuf_0056
260,Part_0148,Manuf_0060
261,Part_0149,Manuf_0056
262,Part_0149,Manuf_0060
263,Part_0150,Manuf_0056
264,Part_0150,Manuf_0060
265,Part_0151,Manuf_0057
266,Part_0152,Manuf_0057
267,Part_0153,Manuf_0057
268,Part_0153,Retail_0002
269,Part_0154,Manuf_0057
270,Part_0154,Retail_0002
271,Part_0155,Manuf_0057
272,Part_0155,Retail_0002
273,Part_0156,Manuf_0058
274,Part_0157,Manuf_0058
275,Part_0158,Manuf_0058
276,Part_0159,Manuf_0058
277,Part_0160,Manuf_0058
278,Part_0161,Manuf_0058
279,Part_0162,Manuf_0058
280,Part_0163,Manuf_0058
281,Part_0164,Manuf_0058
282,Part_0165,Manuf_0058
283,Part_0166,Manuf_0058
284,Part_0167,Manuf_0058
285,Part_0168,Manuf_0058
286,Part_0169,Manuf_0058
287,Part_0170,Manuf_0058
288,Part_0171,Manuf_0058
289,Part_0172,Manuf_0058
290,Part_0173,Manuf_0058
291,Part_0174,Manuf_0058
292,Part_0175,Manuf_0055
293,Part_0175,Manuf_0058
294,Part_0175,Manuf_0059
295,Part_0175,Manuf_0061
296,Part_0176,Manuf_0058
297,Part_0176,Manuf_0061
298,Part_0177,Manuf_0058
299,Part_0177,Manuf_0061
300,Part_0178,Manuf_0058
301,Part_0178,Manuf_0061
302,Part_0179,Manuf_0058
303,Part_0179,Manuf_0061
304,Part_0180,Manuf_0058
305,Part_0180,Manuf_0061
306,Part_0181,Manuf_0058
307,Part_0181,Manuf_0061
308,Part_0182,Manuf_0058
309,Part_0182,Manuf_0061
310,Part_0183,Manuf_0058
311,Part_0183,Manuf_0061
312,Part_0184,Manuf_0058
313,Part_0184,Manuf_0061
314,Part_0185,Manuf_0058
315,Part_0185,Manuf_0061
316,Part_0186,Manuf_0058
317,Part_0186,Manuf_0061
318,Part_0187,Manuf_0058
319,Part_0187,Manuf_0061
320,Part_0188,Manuf_0058
321,Part_0188,Manuf_0061
322,Part_0189,Manuf_0058
323,Part_0189,Manuf_0061
324,Part_0190,Manuf_0058
325,Part_0190,Manuf_0061
326,Part_0191,Manuf_0058
327,Part_0191,Manuf_0061
328,Part_0192,Manuf_0058
329,Part_0192,Manuf_0061
330,Part_0193,Manuf_0058
331,Part_0193,Manuf_0061
332,Part_0194,Manuf_0058
333,Part_0194,Manuf_0061
334,Part_0195,Manuf_0058
335,Part_0195,Manuf_0061
336,Part_0196,Manuf_0058
337,Part_0196,Manuf_0061
338,Part_0197,Manuf_0058
339,Part_0197,Manuf_0061
340,Part_0198,Manuf_0058
341,Part_0198,Manuf_0061
342,Part_0199,Manuf_0058
343,Part_0199,Manuf_0061
344,Part_0200,Manuf_0058
345,Part_0200,Manuf_0061
346,Part_0201,Manuf_0058
347,Part_0201,Manuf_0061
348,Part_0202,Manuf_0058
349,Part_0202,Manuf_0061
350,Part_0203,Manuf_0058
351,Part_0203,Manuf_0061
352,Part_0204,Manuf_0058
353,Part_0204,Manuf_0061
354,Part_0205,Manuf_0058
355,Part_0205,Manuf_0061
356,Part_0206,Manuf_0058
357,Part_0206,Manuf_0061
358,Part_0207,Manuf_0058
359,Part_0207,Manuf_0061
360,Part_0208,Manuf_0058
361,Part_0208,Manuf_0061
362,Part_0209,Manuf_0058
363,Part_0209,Manuf_0061
364,Part_0210,Manuf_0058
365,Part_0210,Manuf_0061
366,Part_0211,Manuf_0058
367,Part_0211,Manuf_0061
368,Part_0212,Manuf_0058
369,Part_0212,Manuf_0061
370,Part_0213,Manuf_0058
371,Part_0213,Manuf_0061
372,Part_0214,Manuf_0058
373,Part_0214,Manuf_0061
374,Part_0215,Manuf_0058
375,Part_0215,Manuf_0061
376,Part_0216,Manuf_0058
377,Part_0216,Manuf_0061
378,Part_0217,Manuf_0058
379,Part_0217,Manuf_0061
380,Part_0218,Manuf_0058
381,Part_0218,Manuf_0061
382,Part_0219,Manuf_0058
383,Part_0219,Manuf_0061
384,Part_0220,Manuf_0058
385,Part_0220,Manuf_0061
386,Part_0221,Manuf_0058
387,Part_0221,Manuf_0061
388,Part_0222,Manuf_0058
389,Part_0222,Manuf_0061
390,Part_0223,Manuf_0058
391,Part_0223,Manuf_0061
392,Part_0224,Manuf_0058
393,Part_0224,Manuf_0061
394,Part_0225,Manuf_0058
395,Part_0225,Manuf_0061
396,Part_0226,Manuf_0058
397,Part_0226,Manuf_0061
398,Part_0227,Manuf_0058
399,Part_0227,Manuf_0061
400,Part_0228,Manuf_0058
401,Part_0228,Manuf_0061
402,Part_0229,Manuf_0058
403,Part_0229,Manuf_0061
404,Part_0230,Manuf_0058
405,Part_0230,Manuf_0061
406,Part_0231,Manuf_0058
407,Part_0231,Manuf_0061
408,Part_0232,Manuf_0058
409,Part_0232,Manuf_0061
410,Part_0233,Manuf_0058
411,Part_0233,Manuf_0061
412,Part_0234,Manuf_0058
413,Part_0234,Manuf_0061
414,Part_0235,Manuf_0058
415,Part_0235,Manuf_0061
416,Part_0236,Manuf_0058
417,Part_0236,Manuf_0061
418,Part_0237,Manuf_0059
419,Part_0238,Manuf_0059
420,Part_0239,Manuf_0059
421,Part_0240,Manuf_0059
422,Part_0241,Manuf_0059
423,Part_0242,Manuf_0059
424,Part_0243,Manuf_0059
425,Part_0244,Manuf_0059
426,Part_0245,Manuf_0059
427,Part_0246,Manuf_0059
428,Part_0247,Manuf_0059
429,Part_0248,Manuf_0059
430,Part_0249,Manuf_0059
431,Part_0250,Manuf_0059
432,Part_0251,Manuf_0059
433,Part_0252,Manuf_0059
434,Part_0253,Manuf_0059
435,Part_0254,Manuf_0059
436,Part_0255,Manuf_0059
437,Part_0256,Manuf_0059
438,Part_0257,Manuf_0059
439,Part_0258,Manuf_0059
440,Part_0259,Manuf_0059
441,Part_0260,Manuf_0059
442,Part_0261,Manuf_0059
443,Part_0262,Manuf_0059
444,Part_0263,Manuf_0059
445,Part_0264,Manuf_0059
446,Part_0265,Manuf_0059
447,Part_0266,Manuf_0059
448,Part_0267,Manuf_0059
449,Part_0268,Manuf_0059
450,Part_0269,Manuf_0059
451,Part_0270,Manuf_0060
452,Part_0271,Manuf_0060
453,Part_0272,Manuf_0060
454,Part_0273,Manuf_0060
455,Part_0274,Manuf_0060
456,Part_0275,Manuf_0060
457,Part_0276,Manuf_0060
458,Part_0277,Manuf_0060
459,Part_0278,Manuf_0060
460,Part_0279,Manuf_0058
461,Part_0279,Manuf_0061
462,Part_0280,Manuf_0060
463,Part_0281,Manuf_0061
464,Part_0282,Manuf_0061
465,Part_0283,Manuf_0061
466,Part_0284,Manuf_0061
467,Part_0285,Manuf_0061
468,Part_0286,Manuf_0061
469,Part_0287,Manuf_0061
470,Part_0288,Manuf_0061
471,Part_0289,Manuf_0061
472,Part_0290,Manuf_0061
473,Part_0291,Manuf_0061
474,Part_0292,Manuf_0061
475,Part_0293,Manuf_0061
476,Part_0294,Manuf_0061
477,Part_0295,Manuf_0061
478,Part_0296,Manuf_0061
479,Part_0297,Manuf_0061
480,Part_0298,Manuf_0061
481,Part_0299,Manuf_0061
482,Part_0300,Manuf_0062
483,Part_0301,Manuf_0062
484,Part_0302,Manuf_0062
485,Part_0303,Manuf_0063
486,Part_0304,Manuf_0063
487,Part_0305,Manuf_0063
488,Part_0306,Manuf_0063
489,Part_0307,Manuf_0063
490,Part_0308,Manuf_0063
491,Part_0309,Manuf_0063
492,Part_0310,Manuf_0063
493,Part_0311,Manuf_0063
494,Part_0312,Manuf_0063
495,Part_0313,Manuf_0063
496,Part_0314,Manuf_0063
497,Part_0315,Manuf_0063
498,Part_0316,Manuf_0063
499,Part_0317,Manuf_0063
500,Part_0318,Manuf_0063
501,Part_0319,Manuf_0063
502,Part_0320,Manuf_0064
503,Part_0321,Manuf_0064
504,Part_0322,Manuf_0064
505,Part_0323,Manuf_0064
506,Part_0324,Manuf_0064
507,Part_0325,Manuf_0065
508,Part_0326,Retail_0001
509,Part_0327,Retail_0001
510,Part_0328,Retail_0001
511,Part_0329,Retail_0001
512,Part_0330,Retail_0001
513,Part_0331,Retail_0001
514,Part_0332,Retail_0001
515,Part_0333,Retail_0001
516,Part_0334,Retail_0001
517,Part_0335,Retail_0001
518,Part_0336,Retail_0001
519,Part_0337,Retail_0001
520,Part_0338,Retail_0001
521,Part_0339,Retail_0001
522,Part_0340,Retail_0001
523,Part_0341,Retail_0001
524,Part_0342,Retail_0001
525,Part_0343,Retail_0001
526,Part_0344,Retail_0001
527,Part_0345,Retail_0001
528,Part_0346,Retail_0001
529,Part_0346,Retail_0002
530,Part_0347,Retail_0001
531,Part_0347,Retail_0002
532,Part_0348,Retail_0001
533,Part_0348,Retail_0002
534,Part_0349,Retail_0001
535,Part_0349,Retail_0002
536,Part_0350,Retail_0001
537,Part_0350,Retail_0002
538,Part_0351,Retail_0001
539,Part_0351,Retail_0002
540,Part_0352,Retail_0001
541,Part_0352,Retail_0002
542,Part_0353,Retail_0001
543,Part_0353,Retail_0002
544,Part_0354,Retail_0001
545,Part_0354,Retail_0002
546,Part_0355,Retail_0001
547,Part_0355,Retail_0002
548,Part_0356,Retail_0001
549,Part_0356,Retail_0002
550,Part_0357,Retail_0001
551,Part_0357,Retail_0002
552,Part_0358,Retail_0001
553,Part_0358,Retail_0002
554,Part_0359,Retail_0001
555,Part_0359,Retail_0002
556,Part_0360,Retail_0001
557,Part_0360,Retail_0002
558,Part_0361,Retail_0001
559,Part_0361,Retail_0002
560,Part_0362,Retail_0001
561,Part_0362,Retail_0002
562,Part_0363,Retail_0001
563,Part_0363,Retail_0002
564,Part_0364,Retail_0001
565,Part_0364,Retail_0002
566,Part_0365,Retail_0001
567,Part_0366,Retail_0001
568,Part_0366,Retail_0002
569,Part_0367,Retail_0001
570,Part_0367,Retail_0002
571,Part_0368,Retail_0002
572,Part_0369,Retail_0002
573,Part_0370,Retail_0002
574,Part_0371,Retail_0002
575,Part_0372,Retail_0002
576,Part_0373,Retail_0002
577,Part_0374,Retail_0002
578,Part_0375,Retail_0002
579,Part_0376,Retail_0002
580,Part_0377,Retail_0002
581,Part_0378,Retail_0002
582,Part_0379,Retail_0002
583,Part_0380,Retail_0002
584,Part_0381,Retail_0002
585,Part_0382,Retail_0002
586,Part_0383,Retail_0002
587,Part_0384,Retail_0002
588,Part_0385,Retail_0002
589,Part_0386,Retail_0002
590,Part_0387,Retail_0002
591,Part_0388,Retail_0002
592,Part_0389,Retail_0002
593,Part_0390,Retail_0002
594,Part_0391,Retail_0002
595,Part_0392,Retail_0002
596,Part_0393,Retail_0002
597,Part_0394,Retail_0002
598,Part_0395,Retail_0002
599,Part_0396,Retail_0002
600,Part_0397,Retail_0002
601,Part_0398,Retail_0002
602,Part_0399,Retail_0002
603,Part_0400,Retail_0002
604,Part_0401,Retail_0002
