,child,parent
0,Dist_0001,Retail_0029
1,Dist_0002,Retail_0030
2,Dist_0003,Retail_0031
3,Dist_0004,Retail_0032
4,Dist_0005,Retail_0033
5,Dist_0006,Retail_0034
6,Dist_0007,Retail_0035
7,Dist_0008,Retail_0036
8,Dist_0009,Retail_0037
9,Dist_0010,Retail_0038
10,Dist_0011,Retail_0039
11,Dist_0012,Retail_0040
12,Dist_0013,Retail_0041
13,Dist_0014,Retail_0042
14,Dist_0015,Retail_0043
15,Dist_0016,Retail_0044
16,Dist_0017,Retail_0045
17,Dist_0018,Retail_0046
18,Dist_0019,Retail_0047
19,Dist_0020,Retail_0048
20,Dist_0021,Retail_0049
21,Dist_0022,Retail_0050
22,Dist_0023,Retail_0051
23,Dist_0024,Retail_0052
24,Dist_0025,Retail_0053
25,Dist_0026,Retail_0054
26,Dist_0027,Retail_0055
27,Dist_0028,Retail_0056
28,Manuf_0001,Dist_0001
29,Manuf_0001,Retail_0001
30,Manuf_0002,Dist_0002
31,Manuf_0002,Retail_0002
32,Manuf_0003,Dist_0003
33,Manuf_0003,Retail_0003
34,Manuf_0004,Dist_0004
35,Manuf_0004,Retail_0004
36,Manuf_0005,Dist_0005
37,Manuf_0005,Retail_0005
38,Manuf_0006,Dist_0006
39,Manuf_0006,Retail_0006
40,Manuf_0007,Dist_0007
41,Manuf_0007,Retail_0007
42,Manuf_0008,Dist_0008
43,Manuf_0008,Retail_0008
44,Manuf_0009,Dist_0009
45,Manuf_0009,Retail_0009
46,Manuf_0010,Dist_0010
47,Manuf_0010,Retail_0010
48,Manuf_0011,Dist_0011
49,Manuf_0011,Retail_0011
50,Manuf_0012,Dist_0012
51,Manuf_0012,Retail_0012
52,Manuf_0013,Dist_0013
53,Manuf_0013,Retail_0013
54,Manuf_0014,Dist_0014
55,Manuf_0014,Retail_0014
56,Manuf_0015,Dist_0015
57,Manuf_0015,Retail_0015
58,Manuf_0016,Dist_0016
59,Manuf_0016,Retail_0016
60,Manuf_0017,Dist_0017
61,Manuf_0017,Retail_0017
62,Manuf_0018,Dist_0018
63,Manuf_0018,Retail_0018
64,Manuf_0019,Dist_0019
65,Manuf_0019,Retail_0019
66,Manuf_0020,Dist_0020
67,Manuf_0020,Retail_0020
68,Manuf_0021,Dist_0021
69,Manuf_0021,Retail_0021
70,Manuf_0022,Dist_0022
71,Manuf_0022,Retail_0022
72,Manuf_0023,Dist_0023
73,Manuf_0023,Retail_0023
74,Manuf_0024,Dist_0024
75,Manuf_0024,Retail_0024
76,Manuf_0025,Dist_0025
77,Manuf_0025,Retail_0025
78,Manuf_0026,Dist_0026
79,Manuf_0026,Retail_0026
80,Manuf_0027,Dist_0027
81,Manuf_0027,Retail_0027
82,Manuf_0028,Dist_0028
83,Manuf_0028,Retail_0028
84,Part_0001,Manuf_0001
85,Part_0001,Manuf_0002
86,Part_0001,Manuf_0003
87,Part_0001,Manuf_0004
88,Part_0001,Manuf_0005
89,Part_0001,Manuf_0006
90,Part_0001,Manuf_0007
91,Part_0001,Manuf_0008
92,Part_0001,Manuf_0009
93,Part_0001,Manuf_0010
94,Part_0001,Manuf_0011
95,Part_0001,Manuf_0012
96,Part_0001,Manuf_0013
97,Part_0001,Manuf_0014
98,Part_0001,Manuf_0015
99,Part_0001,Manuf_0016
100,Part_0001,Manuf_0017
101,Part_0001,Manuf_0018
102,Part_0001,Manuf_0019
103,Part_0001,Manuf_0020
104,Part_0001,Manuf_0021
105,Part_0001,Manuf_0022
106,Part_0001,Manuf_0023
107,Part_0001,Manuf_0024
108,Part_0001,Manuf_0025
109,Part_0001,Manuf_0026
110,Part_0001,Manuf_0027
111,Part_0001,Manuf_0028
112,Part_0002,Manuf_0001
113,Part_0002,Manuf_0002
114,Part_0003,Manuf_0001
115,Part_0003,Manuf_0002
116,Part_0003,Manuf_0003
117,Part_0003,Manuf_0004
118,Part_0004,Manuf_0003
119,Part_0004,Manuf_0004
120,Part_0004,Manuf_0005
121,Part_0004,Manuf_0006
122,Part_0005,Manuf_0005
123,Part_0005,Manuf_0006
124,Part_0005,Manuf_0007
125,Part_0005,Manuf_0008
126,Part_0006,Manuf_0007
127,Part_0006,Manuf_0008
128,Part_0007,Manuf_0009
129,Part_0007,Manuf_0010
130,Part_0008,Manuf_0011
131,Part_0008,Manuf_0012
132,Part_0009,Manuf_0011
133,Part_0009,Manuf_0012
134,Part_0010,Manuf_0013
135,Part_0010,Manuf_0014
136,Part_0011,Manuf_0013
137,Part_0011,Manuf_0014
138,Part_0012,Manuf_0015
139,Part_0012,Manuf_0016
140,Part_0012,Manuf_0017
141,Part_0012,Manuf_0018
142,Part_0013,Manuf_0015
143,Part_0013,Manuf_0016
144,Part_0014,Manuf_0017
145,Part_0014,Manuf_0018
146,Part_0014,Manuf_0019
147,Part_0014,Manuf_0020
148,Part_0015,Manuf_0019
149,Part_0015,Manuf_0020
150,Part_0015,Manuf_0021
151,Part_0015,Manuf_0022
152,Part_0016,Manuf_0021
153,Part_0016,Manuf_0022
154,Part_0017,Manuf_0023
155,Part_0017,Manuf_0024
156,Part_0018,Manuf_0025
157,Part_0018,Manuf_0026
158,Part_0019,Manuf_0025
159,Part_0019,Manuf_0026
160,Part_0020,Manuf_0027
161,Part_0020,Manuf_0028
162,Part_0021,Manuf_0027
163,Part_0021,Manuf_0028
