,child,parent
0,Dist_0001,Manuf_0002
1,Dist_0001,Manuf_0003
2,Dist_0001,Manuf_0004
3,Dist_0001,Manuf_0005
4,Manuf_0001,Dist_0001
5,Manuf_0002,Retail_0001
6,Manuf_0002,Retail_0002
7,Manuf_0003,Retail_0003
8,Manuf_0003,Retail_0004
9,Manuf_0004,Retail_0005
10,Manuf_0004,Retail_0006
11,Manuf_0005,Retail_0007
12,Manuf_0005,Retail_0008
13,Part_0001,Manuf_0001
14,Part_0002,Manuf_0001
15,Part_0003,Manuf_0001
16,Part_0004,Manuf_0001
17,Part_0005,Manuf_0001
18,Part_0006,Manuf_0001
19,Part_0007,Manuf_0002
20,Part_0008,Manuf_0002
21,Part_0008,Manuf_0003
22,Part_0009,Manuf_0003
23,Part_0010,Manuf_0002
24,Part_0010,Manuf_0003
25,Part_0010,Manuf_0004
26,Part_0010,Manuf_0005
27,Part_0011,Manuf_0004
28,Part_0012,Manuf_0004
29,Part_0012,Manuf_0005
30,Part_0013,Manuf_0005
