,child,parent
0,Manuf_0001,Retail_0001
1,Manuf_0002,Retail_0002
2,Manuf_0003,Retail_0003
3,Manuf_0004,Retail_0004
4,Manuf_0005,Retail_0005
5,Manuf_0006,Retail_0006
6,Part_0001,Trans_0001
7,Part_0002,Trans_0002
8,Part_0003,Trans_0003
9,Part_0004,Trans_0004
10,Part_0005,Trans_0005
11,Part_0006,Trans_0006
12,Part_0007,Trans_0007
13,Part_0008,Trans_0008
14,Part_0009,Trans_0009
15,Part_0010,Trans_0010
16,Part_0011,Trans_0011
17,Part_0012,Trans_0012
18,Part_0013,Trans_0013
19,Trans_0001,Manuf_0001
20,Trans_0001,Manuf_0002
21,Trans_0001,Manuf_0003
22,Trans_0001,Manuf_0004
23,Trans_0001,Manuf_0005
24,Trans_0001,Manuf_0006
25,Trans_0002,Manuf_0001
26,Trans_0002,Manuf_0002
27,Trans_0003,Manuf_0003
28,Trans_0003,Manuf_0004
29,Trans_0004,Manuf_0005
30,Trans_0004,Manuf_0006
31,Trans_0005,Manuf_0001
32,Trans_0005,Manuf_0003
33,Trans_0005,Manuf_0005
34,Trans_0006,Manuf_0002
35,Trans_0006,Manuf_0004
36,Trans_0006,Manuf_0006
37,Trans_0007,Manuf_0001
38,Trans_0007,Manuf_0002
39,Trans_0007,Manuf_0004
40,Trans_0007,Manuf_0005
41,Trans_0007,Manuf_0006
42,Trans_0008,Manuf_0001
43,Trans_0008,Manuf_0002
44,Trans_0008,Manuf_0003
45,Trans_0008,Manuf_0004
46,Trans_0008,Manuf_0005
47,Trans_0008,Manuf_0006
48,Trans_0009,Manuf_0001
49,Trans_0009,Manuf_0002
50,Trans_0009,Manuf_0003
51,Trans_0009,Manuf_0004
52,Trans_0009,Manuf_0005
53,Trans_0009,Manuf_0006
54,Trans_0010,Manuf_0001
55,Trans_0010,Manuf_0002
56,Trans_0010,Manuf_0003
57,Trans_0010,Manuf_0004
58,Trans_0010,Manuf_0005
59,Trans_0010,Manuf_0006
60,Trans_0011,Manuf_0001
61,Trans_0011,Manuf_0002
62,Trans_0011,Manuf_0003
63,Trans_0011,Manuf_0004
64,Trans_0011,Manuf_0005
65,Trans_0011,Manuf_0006
66,Trans_0012,Manuf_0001
67,Trans_0012,Manuf_0002
68,Trans_0012,Manuf_0003
69,Trans_0012,Manuf_0004
70,Trans_0012,Manuf_0005
71,Trans_0012,Manuf_0006
72,Trans_0013,Manuf_0001
73,Trans_0013,Manuf_0002
74,Trans_0013,Manuf_0003
75,Trans_0013,Manuf_0004
76,Trans_0013,Manuf_0005
77,Trans_0013,Manuf_0006
