,child,parent
0,Dist_0001,Manuf_0001
1,Dist_0001,Manuf_0002
2,Dist_0002,Manuf_0001
3,Dist_0002,Manuf_0002
4,Dist_0003,Manuf_0001
5,Dist_0003,Manuf_0002
6,Dist_0004,Manuf_0001
7,Dist_0004,Manuf_0002
8,Dist_0005,Manuf_0001
9,Dist_0005,Manuf_0002
10,Dist_0006,Manuf_0001
11,Dist_0006,Manuf_0002
12,Dist_0007,Manuf_0001
13,Dist_0007,Manuf_0002
14,Dist_0008,Manuf_0001
15,Dist_0008,Manuf_0002
16,Dist_0009,Retail_0001
17,Dist_0010,Retail_0002
18,Manuf_0001,Trans_0011
19,Manuf_0002,Trans_0012
20,Manuf_0003,Dist_0009
21,Manuf_0004,Dist_0010
22,Part_0001,Trans_0001
23,Part_0002,Trans_0002
24,Part_0003,Trans_0003
25,Part_0004,Trans_0004
26,Part_0005,Trans_0005
27,Part_0006,Trans_0006
28,Part_0007,Trans_0007
29,Part_0008,Trans_0008
30,Part_0009,Trans_0009
31,Part_0010,Trans_0010
32,Part_0011,Manuf_0001
33,Part_0012,Manuf_0002
34,Trans_0001,Dist_0001
35,Trans_0002,Dist_0002
36,Trans_0003,Dist_0003
37,Trans_0004,Dist_0004
38,Trans_0005,Dist_0005
39,Trans_0006,Dist_0006
40,Trans_0007,Dist_0007
41,Trans_0008,Dist_0008
42,Trans_0009,Manuf_0001
43,Trans_0009,Manuf_0002
44,Trans_0010,Manuf_0001
45,Trans_0010,Manuf_0002
46,Trans_0011,Manuf_0003
47,Trans_0012,Manuf_0004
