,child,parent
0,Manuf_0001,Manuf_0099
1,Manuf_0001,Manuf_0101
2,Manuf_0001,Manuf_0102
3,Manuf_0001,Manuf_0103
4,Manuf_0001,Manuf_0104
5,Manuf_0001,Manuf_0107
6,Manuf_0002,Manuf_0099
7,Manuf_0002,Manuf_0101
8,Manuf_0002,Manuf_0102
9,Manuf_0002,Manuf_0103
10,Manuf_0002,Manuf_0104
11,Manuf_0002,Manuf_0106
12,Manuf_0002,Manuf_0107
13,Manuf_0003,Manuf_0099
14,Manuf_0003,Manuf_0101
15,Manuf_0003,Manuf_0102
16,Manuf_0004,Manuf_0099
17,Manuf_0004,Manuf_0101
18,Manuf_0004,Manuf_0102
19,Manuf_0004,Manuf_0103
20,Manuf_0004,Manuf_0104
21,Manuf_0004,Manuf_0106
22,Manuf_0004,Manuf_0107
23,Manuf_0005,Manuf_0099
24,Manuf_0005,Manuf_0101
25,Manuf_0005,Manuf_0102
26,Manuf_0005,Manuf_0103
27,Manuf_0005,Manuf_0104
28,Manuf_0005,Manuf_0106
29,Manuf_0005,Manuf_0107
30,Manuf_0006,Manuf_0099
31,Manuf_0006,Manuf_0101
32,Manuf_0006,Manuf_0102
33,Manuf_0006,Manuf_0103
34,Manuf_0006,Manuf_0104
35,Manuf_0006,Manuf_0106
36,Manuf_0006,Manuf_0107
37,Manuf_0007,Manuf_0100
38,Manuf_0007,Manuf_0101
39,Manuf_0007,Manuf_0102
40,Manuf_0007,Manuf_0103
41,Manuf_0007,Manuf_0104
42,Manuf_0007,Manuf_0106
43,Manuf_0007,Manuf_0107
44,Manuf_0007,Manuf_0108
45,Manuf_0008,Manuf_0100
46,Manuf_0008,Manuf_0101
47,Manuf_0008,Manuf_0102
48,Manuf_0008,Manuf_0103
49,Manuf_0008,Manuf_0104
50,Manuf_0008,Manuf_0106
51,Manuf_0008,Manuf_0107
52,Manuf_0008,Manuf_0108
53,Manuf_0009,Manuf_0100
54,Manuf_0009,Manuf_0101
55,Manuf_0009,Manuf_0102
56,Manuf_0009,Manuf_0103
57,Manuf_0009,Manuf_0104
58,Manuf_0009,Manuf_0106
59,Manuf_0009,Manuf_0108
60,Manuf_0010,Manuf_0100
61,Manuf_0010,Manuf_0101
62,Manuf_0010,Manuf_0102
63,Manuf_0010,Manuf_0103
64,Manuf_0010,Manuf_0104
65,Manuf_0010,Manuf_0106
66,Manuf_0010,Manuf_0108
67,Manuf_0011,Manuf_0100
68,Manuf_0011,Manuf_0101
69,Manuf_0011,Manuf_0102
70,Manuf_0011,Manuf_0103
71,Manuf_0011,Manuf_0104
72,Manuf_0011,Manuf_0106
73,Manuf_0011,Manuf_0107
74,Manuf_0011,Manuf_0108
75,Manuf_0012,Manuf_0100
76,Manuf_0012,Manuf_0101
77,Manuf_0012,Manuf_0102
78,Manuf_0012,Manuf_0103
79,Manuf_0012,Manuf_0104
80,Manuf_0012,Manuf_0105
81,Manuf_0012,Manuf_0106
82,Manuf_0012,Manuf_0107
83,Manuf_0012,Manuf_0108
84,Manuf_0013,Manuf_0100
85,Manuf_0013,Manuf_0101
86,Manuf_0013,Manuf_0102
87,Manuf_0013,Manuf_0103
88,Manuf_0013,Manuf_0104
89,Manuf_0013,Manuf_0106
90,Manuf_0013,Manuf_0107
91,Manuf_0013,Manuf_0108
92,Manuf_0014,Manuf_0100
93,Manuf_0014,Manuf_0101
94,Manuf_0014,Manuf_0102
95,Manuf_0014,Manuf_0103
96,Manuf_0014,Manuf_0104
97,Manuf_0014,Manuf_0106
98,Manuf_0014,Manuf_0107
99,Manuf_0014,Manuf_0108
100,Manuf_0015,Manuf_0101
101,Manuf_0015,Manuf_0102
102,Manuf_0015,Manuf_0103
103,Manuf_0015,Manuf_0106
104,Manuf_0015,Manuf_0107
105,Manuf_0015,Manuf_0108
106,Manuf_0016,Manuf_0101
107,Manuf_0016,Manuf_0102
108,Manuf_0016,Manuf_0107
109,Manuf_0017,Manuf_0101
110,Manuf_0017,Manuf_0102
111,Manuf_0017,Manuf_0107
112,Manuf_0018,Manuf_0101
113,Manuf_0018,Manuf_0102
114,Manuf_0018,Manuf_0106
115,Manuf_0018,Manuf_0107
116,Manuf_0019,Manuf_0101
117,Manuf_0019,Manuf_0102
118,Manuf_0019,Manuf_0103
119,Manuf_0019,Manuf_0104
120,Manuf_0019,Manuf_0107
121,Manuf_0020,Manuf_0101
122,Manuf_0020,Manuf_0102
123,Manuf_0020,Manuf_0103
124,Manuf_0020,Manuf_0107
125,Manuf_0021,Manuf_0101
126,Manuf_0021,Manuf_0102
127,Manuf_0021,Manuf_0103
128,Manuf_0021,Manuf_0106
129,Manuf_0021,Manuf_0107
130,Manuf_0022,Manuf_0101
131,Manuf_0022,Manuf_0102
132,Manuf_0022,Manuf_0103
133,Manuf_0022,Manuf_0104
134,Manuf_0022,Manuf_0106
135,Manuf_0022,Manuf_0107
136,Manuf_0023,Manuf_0101
137,Manuf_0023,Manuf_0102
138,Manuf_0023,Manuf_0103
139,Manuf_0023,Manuf_0106
140,Manuf_0023,Manuf_0107
141,Manuf_0024,Manuf_0101
142,Manuf_0024,Manuf_0102
143,Manuf_0024,Manuf_0103
144,Manuf_0024,Manuf_0106
145,Manuf_0024,Manuf_0108
146,Manuf_0025,Manuf_0101
147,Manuf_0025,Manuf_0102
148,Manuf_0025,Manuf_0104
149,Manuf_0025,Manuf_0106
150,Manuf_0025,Manuf_0107
151,Manuf_0026,Manuf_0101
152,Manuf_0026,Manuf_0102
153,Manuf_0026,Manuf_0106
154,Manuf_0026,Manuf_0107
155,Manuf_0027,Manuf_0101
156,Manuf_0027,Manuf_0102
157,Manuf_0027,Manuf_0103
158,Manuf_0027,Manuf_0104
159,Manuf_0027,Manuf_0107
160,Manuf_0028,Manuf_0101
161,Manuf_0028,Manuf_0102
162,Manuf_0028,Manuf_0103
163,Manuf_0028,Manuf_0106
164,Manuf_0028,Manuf_0107
165,Manuf_0029,Manuf_0101
166,Manuf_0029,Manuf_0102
167,Manuf_0029,Manuf_0103
168,Manuf_0029,Manuf_0104
169,Manuf_0029,Manuf_0106
170,Manuf_0029,Manuf_0107
171,Manuf_0030,Manuf_0101
172,Manuf_0030,Manuf_0102
173,Manuf_0030,Manuf_0103
174,Manuf_0030,Manuf_0106
175,Manuf_0030,Manuf_0107
176,Manuf_0031,Manuf_0101
177,Manuf_0031,Manuf_0102
178,Manuf_0031,Manuf_0103
179,Manuf_0031,Manuf_0105
180,Manuf_0031,Manuf_0106
181,Manuf_0031,Manuf_0107
182,Manuf_0031,Manuf_0108
183,Manuf_0032,Manuf_0101
184,Manuf_0032,Manuf_0106
185,Manuf_0033,Manuf_0101
186,Manuf_0033,Manuf_0103
187,Manuf_0033,Manuf_0106
188,Manuf_0033,Manuf_0107
189,Manuf_0034,Manuf_0101
190,Manuf_0034,Manuf_0103
191,Manuf_0034,Manuf_0106
192,Manuf_0034,Manuf_0107
193,Manuf_0035,Manuf_0101
194,Manuf_0035,Manuf_0104
195,Manuf_0035,Manuf_0107
196,Manuf_0036,Manuf_0101
197,Manuf_0036,Manuf_0102
198,Manuf_0036,Manuf_0103
199,Manuf_0036,Manuf_0104
200,Manuf_0036,Manuf_0106
201,Manuf_0036,Manuf_0107
202,Manuf_0037,Manuf_0101
203,Manuf_0037,Manuf_0102
204,Manuf_0037,Manuf_0103
205,Manuf_0037,Manuf_0106
206,Manuf_0037,Manuf_0107
207,Manuf_0038,Manuf_0101
208,Manuf_0039,Manuf_0101
209,Manuf_0039,Manuf_0107
210,Manuf_0040,Manuf_0101
211,Manuf_0040,Manuf_0107
212,Manuf_0041,Manuf_0101
213,Manuf_0041,Manuf_0102
214,Manuf_0041,Manuf_0103
215,Manuf_0041,Manuf_0104
216,Manuf_0041,Manuf_0106
217,Manuf_0041,Manuf_0107
218,Manuf_0042,Manuf_0101
219,Manuf_0042,Manuf_0102
220,Manuf_0042,Manuf_0103
221,Manuf_0042,Manuf_0104
222,Manuf_0042,Manuf_0106
223,Manuf_0042,Manuf_0107
224,Manuf_0043,Manuf_0101
225,Manuf_0043,Manuf_0102
226,Manuf_0043,Manuf_0103
227,Manuf_0043,Manuf_0106
228,Manuf_0043,Manuf_0107
229,Manuf_0044,Manuf_0101
230,Manuf_0044,Manuf_0102
231,Manuf_0044,Manuf_0103
232,Manuf_0044,Manuf_0106
233,Manuf_0044,Manuf_0107
234,Manuf_0044,Manuf_0108
235,Manuf_0045,Manuf_0101
236,Manuf_0045,Manuf_0102
237,Manuf_0045,Manuf_0103
238,Manuf_0045,Manuf_0104
239,Manuf_0045,Manuf_0106
240,Manuf_0045,Manuf_0107
241,Manuf_0046,Manuf_0101
242,Manuf_0046,Manuf_0102
243,Manuf_0046,Manuf_0103
244,Manuf_0046,Manuf_0104
245,Manuf_0046,Manuf_0106
246,Manuf_0046,Manuf_0107
247,Manuf_0046,Manuf_0108
248,Manuf_0047,Manuf_0101
249,Manuf_0047,Manuf_0102
250,Manuf_0047,Manuf_0103
251,Manuf_0047,Manuf_0104
252,Manuf_0047,Manuf_0106
253,Manuf_0047,Manuf_0107
254,Manuf_0047,Manuf_0108
255,Manuf_0048,Manuf_0101
256,Manuf_0048,Manuf_0102
257,Manuf_0048,Manuf_0103
258,Manuf_0048,Manuf_0106
259,Manuf_0048,Manuf_0107
260,Manuf_0048,Manuf_0108
261,Manuf_0049,Manuf_0101
262,Manuf_0049,Manuf_0102
263,Manuf_0049,Manuf_0103
264,Manuf_0049,Manuf_0104
265,Manuf_0049,Manuf_0106
266,Manuf_0049,Manuf_0107
267,Manuf_0050,Manuf_0101
268,Manuf_0050,Manuf_0102
269,Manuf_0050,Manuf_0103
270,Manuf_0050,Manuf_0104
271,Manuf_0050,Manuf_0106
272,Manuf_0050,Manuf_0107
273,Manuf_0051,Manuf_0101
274,Manuf_0051,Manuf_0102
275,Manuf_0051,Manuf_0103
276,Manuf_0051,Manuf_0106
277,Manuf_0051,Manuf_0107
278,Manuf_0052,Manuf_0101
279,Manuf_0052,Manuf_0102
280,Manuf_0052,Manuf_0103
281,Manuf_0052,Manuf_0104
282,Manuf_0052,Manuf_0106
283,Manuf_0052,Manuf_0107
284,Manuf_0052,Manuf_0108
285,Manuf_0053,Manuf_0101
286,Manuf_0053,Manuf_0102
287,Manuf_0053,Manuf_0103
288,Manuf_0053,Manuf_0104
289,Manuf_0053,Manuf_0106
290,Manuf_0053,Manuf_0107
291,Manuf_0053,Manuf_0108
292,Manuf_0054,Manuf_0101
293,Manuf_0054,Manuf_0102
294,Manuf_0054,Manuf_0103
295,Manuf_0054,Manuf_0106
296,Manuf_0054,Manuf_0107
297,Manuf_0054,Manuf_0108
298,Manuf_0055,Manuf_0101
299,Manuf_0055,Manuf_0102
300,Manuf_0055,Manuf_0103
301,Manuf_0055,Manuf_0106
302,Manuf_0055,Manuf_0107
303,Manuf_0056,Manuf_0101
304,Manuf_0056,Manuf_0102
305,Manuf_0056,Manuf_0103
306,Manuf_0056,Manuf_0106
307,Manuf_0056,Manuf_0107
308,Manuf_0056,Manuf_0108
309,Manuf_0057,Manuf_0101
310,Manuf_0057,Manuf_0102
311,Manuf_0057,Manuf_0103
312,Manuf_0057,Manuf_0104
313,Manuf_0057,Manuf_0106
314,Manuf_0057,Manuf_0107
315,Manuf_0057,Manuf_0108
316,Manuf_0058,Manuf_0101
317,Manuf_0058,Manuf_0102
318,Manuf_0058,Manuf_0103
319,Manuf_0058,Manuf_0106
320,Manuf_0058,Manuf_0107
321,Manuf_0058,Manuf_0108
322,Manuf_0059,Manuf_0102
323,Manuf_0059,Manuf_0103
324,Manuf_0059,Manuf_0106
325,Manuf_0059,Manuf_0107
326,Manuf_0059,Manuf_0108
327,Manuf_0060,Manuf_0102
328,Manuf_0060,Manuf_0103
329,Manuf_0060,Manuf_0107
330,Manuf_0061,Manuf_0102
331,Manuf_0061,Manuf_0103
332,Manuf_0061,Manuf_0106
333,Manuf_0061,Manuf_0107
334,Manuf_0062,Manuf_0102
335,Manuf_0062,Manuf_0106
336,Manuf_0062,Manuf_0107
337,Manuf_0063,Manuf_0102
338,Manuf_0063,Manuf_0103
339,Manuf_0063,Manuf_0107
340,Manuf_0064,Manuf_0102
341,Manuf_0064,Manuf_0103
342,Manuf_0064,Manuf_0106
343,Manuf_0064,Manuf_0107
344,Manuf_0065,Manuf_0102
345,Manuf_0065,Manuf_0103
346,Manuf_0066,Manuf_0102
347,Manuf_0066,Manuf_0103
348,Manuf_0066,Manuf_0106
349,Manuf_0066,Manuf_0107
350,Manuf_0067,Manuf_0102
351,Manuf_0067,Manuf_0103
352,Manuf_0067,Manuf_0106
353,Manuf_0067,Manuf_0107
354,Manuf_0068,Manuf_0102
355,Manuf_0068,Manuf_0103
356,Manuf_0068,Manuf_0106
357,Manuf_0068,Manuf_0107
358,Manuf_0068,Manuf_0108
359,Manuf_0069,Manuf_0102
360,Manuf_0069,Manuf_0103
361,Manuf_0069,Manuf_0104
362,Manuf_0069,Manuf_0106
363,Manuf_0069,Manuf_0107
364,Manuf_0070,Manuf_0102
365,Manuf_0070,Manuf_0103
366,Manuf_0070,Manuf_0106
367,Manuf_0070,Manuf_0107
368,Manuf_0071,Manuf_0102
369,Manuf_0071,Manuf_0106
370,Manuf_0071,Manuf_0107
371,Manuf_0072,Manuf_0102
372,Manuf_0072,Manuf_0106
373,Manuf_0073,Manuf_0102
374,Manuf_0073,Manuf_0103
375,Manuf_0073,Manuf_0106
376,Manuf_0073,Manuf_0107
377,Manuf_0073,Manuf_0108
378,Manuf_0074,Manuf_0102
379,Manuf_0074,Manuf_0103
380,Manuf_0074,Manuf_0104
381,Manuf_0074,Manuf_0106
382,Manuf_0074,Manuf_0107
383,Manuf_0075,Manuf_0102
384,Manuf_0075,Manuf_0103
385,Manuf_0075,Manuf_0104
386,Manuf_0075,Manuf_0106
387,Manuf_0075,Manuf_0107
388,Manuf_0076,Manuf_0102
389,Manuf_0076,Manuf_0103
390,Manuf_0076,Manuf_0106
391,Manuf_0076,Manuf_0107
392,Manuf_0077,Manuf_0102
393,Manuf_0077,Manuf_0103
394,Manuf_0077,Manuf_0106
395,Manuf_0077,Manuf_0107
396,Manuf_0077,Manuf_0108
397,Manuf_0078,Manuf_0103
398,Manuf_0078,Manuf_0106
399,Manuf_0078,Manuf_0107
400,Manuf_0078,Manuf_0108
401,Manuf_0079,Manuf_0103
402,Manuf_0079,Manuf_0107
403,Manuf_0080,Manuf_0103
404,Manuf_0080,Manuf_0106
405,Manuf_0080,Manuf_0107
406,Manuf_0081,Manuf_0103
407,Manuf_0081,Manuf_0107
408,Manuf_0082,Manuf_0103
409,Manuf_0082,Manuf_0106
410,Manuf_0082,Manuf_0107
411,Manuf_0083,Manuf_0103
412,Manuf_0083,Manuf_0108
413,Manuf_0084,Manuf_0103
414,Manuf_0084,Manuf_0106
415,Manuf_0084,Manuf_0107
416,Manuf_0085,Manuf_0103
417,Manuf_0085,Manuf_0106
418,Manuf_0085,Manuf_0107
419,Manuf_0086,Manuf_0103
420,Manuf_0086,Manuf_0106
421,Manuf_0086,Manuf_0107
422,Manuf_0087,Manuf_0103
423,Manuf_0087,Manuf_0107
424,Manuf_0088,Manuf_0103
425,Manuf_0088,Manuf_0107
426,Manuf_0089,Manuf_0103
427,Manuf_0089,Manuf_0106
428,Manuf_0089,Manuf_0107
429,Manuf_0090,Manuf_0103
430,Manuf_0090,Manuf_0106
431,Manuf_0090,Manuf_0107
432,Manuf_0090,Manuf_0108
433,Manuf_0091,Manuf_0103
434,Manuf_0092,Manuf_0103
435,Manuf_0093,Manuf_0103
436,Manuf_0093,Manuf_0106
437,Manuf_0094,Manuf_0103
438,Manuf_0094,Manuf_0106
439,Manuf_0094,Manuf_0107
440,Manuf_0094,Manuf_0108
441,Manuf_0095,Manuf_0103
442,Manuf_0095,Manuf_0106
443,Manuf_0095,Manuf_0107
444,Manuf_0096,Manuf_0103
445,Manuf_0096,Manuf_0106
446,Manuf_0096,Manuf_0107
447,Manuf_0096,Manuf_0108
448,Manuf_0097,Manuf_0106
449,Manuf_0097,Manuf_0107
450,Manuf_0098,Manuf_0106
451,Manuf_0098,Manuf_0107
