,child,parent
0,Manuf_0001,Retail_0001
1,Manuf_0002,Retail_0002
2,Manuf_0003,Retail_0003
3,Manuf_0004,Retail_0004
4,Manuf_0005,Retail_0005
5,Manuf_0006,Retail_0006
6,Manuf_0007,Retail_0007
7,Manuf_0008,Retail_0008
8,Manuf_0009,Retail_0009
9,Manuf_0010,Retail_0010
10,Manuf_0011,Retail_0011
11,Manuf_0012,Retail_0012
12,Manuf_0013,Retail_0013
13,Manuf_0014,Retail_0014
14,Manuf_0015,Retail_0015
15,Manuf_0016,Retail_0016
16,Manuf_0017,Retail_0017
17,Manuf_0018,Retail_0018
18,Manuf_0019,Retail_0019
19,Manuf_0020,Retail_0020
20,Manuf_0021,Retail_0021
21,Manuf_0022,Retail_0022
22,Manuf_0023,Retail_0023
23,Manuf_0024,Retail_0024
24,Manuf_0025,Retail_0025
25,Manuf_0026,Retail_0026
26,Manuf_0027,Retail_0027
27,Manuf_0028,Retail_0028
28,Manuf_0029,Retail_0029
29,Manuf_0030,Retail_0030
30,Manuf_0031,Retail_0031
31,Manuf_0032,Retail_0032
32,Manuf_0033,Retail_0033
33,Manuf_0034,Retail_0034
34,Manuf_0035,Retail_0035
35,Manuf_0036,Retail_0036
36,Manuf_0037,Retail_0037
37,Manuf_0038,Retail_0038
38,Manuf_0039,Retail_0039
39,Manuf_0040,Retail_0040
40,Manuf_0041,Retail_0041
41,Manuf_0042,Retail_0042
42,Manuf_0043,Retail_0043
43,Manuf_0044,Retail_0044
44,Manuf_0045,Retail_0045
45,Manuf_0046,Retail_0046
46,Manuf_0047,Retail_0047
47,Manuf_0048,Retail_0048
48,Manuf_0049,Retail_0049
49,Manuf_0050,Retail_0050
50,Manuf_0051,Retail_0051
51,Manuf_0052,Retail_0052
52,Manuf_0053,Retail_0053
53,Manuf_0054,Retail_0054
54,Manuf_0055,Retail_0055
55,Manuf_0056,Dist_0006
56,Manuf_0056,Retail_0056
57,Manuf_0057,Retail_0057
58,Manuf_0058,Dist_0001
59,Manuf_0058,Dist_0002
60,Manuf_0058,Dist_0003
61,Manuf_0058,Dist_0004
62,Manuf_0058,Dist_0005
63,Manuf_0058,Retail_0058
64,Manuf_0059,Dist_0007
65,Manuf_0059,Dist_0008
66,Manuf_0059,Dist_0009
67,Manuf_0059,Dist_0010
68,Manuf_0059,Dist_0013
69,Manuf_0059,Dist_0014
70,Manuf_0059,Dist_0015
71,Manuf_0059,Dist_0019
72,Manuf_0059,Dist_0020
73,Manuf_0059,Dist_0021
74,Manuf_0059,Dist_0022
75,Manuf_0059,Dist_0023
76,Manuf_0059,Dist_0024
77,Manuf_0059,Dist_0025
78,Manuf_0059,Dist_0027
79,Manuf_0059,Dist_0028
80,Manuf_0059,Dist_0031
81,Manuf_0059,Retail_0059
82,Manuf_0060,Dist_0011
83,Manuf_0060,Dist_0030
84,Manuf_0060,Retail_0060
85,Manuf_0061,Dist_0001
86,Manuf_0061,Dist_0002
87,Manuf_0061,Retail_0061
88,Manuf_0062,Dist_0003
89,Manuf_0062,Retail_0062
90,Manuf_0063,Dist_0004
91,Manuf_0063,Dist_0005
92,Manuf_0063,Retail_0063
93,Manuf_0064,Dist_0006
94,Manuf_0064,Retail_0064
95,Manuf_0065,Dist_0026
96,Manuf_0065,Retail_0065
97,Manuf_0066,Retail_0066
98,Manuf_0067,Retail_0067
99,Manuf_0068,Dist_0001
100,Manuf_0068,Dist_0002
101,Manuf_0068,Dist_0003
102,Manuf_0068,Dist_0004
103,Manuf_0068,Dist_0005
104,Manuf_0068,Retail_0068
105,Manuf_0069,Dist_0011
106,Manuf_0069,Dist_0026
107,Manuf_0069,Dist_0030
108,Manuf_0069,Retail_0069
109,Manuf_0070,Dist_0006
110,Manuf_0070,Dist_0010
111,Manuf_0070,Dist_0019
112,Manuf_0070,Dist_0023
113,Manuf_0070,Retail_0070
114,Manuf_0071,Dist_0018
115,Manuf_0071,Dist_0029
116,Manuf_0071,Retail_0071
117,Manuf_0072,Dist_0020
118,Manuf_0072,Dist_0025
119,Manuf_0072,Retail_0072
120,Manuf_0073,Dist_0016
121,Manuf_0073,Retail_0073
122,Manuf_0074,Retail_0074
123,Manuf_0075,Dist_0016
124,Manuf_0075,Dist_0018
125,Manuf_0075,Dist_0029
126,Manuf_0075,Retail_0075
127,Manuf_0076,Dist_0006
128,Manuf_0076,Dist_0014
129,Manuf_0076,Dist_0029
130,Manuf_0076,Retail_0076
131,Manuf_0077,Dist_0024
132,Manuf_0077,Dist_0027
133,Manuf_0077,Dist_0031
134,Manuf_0077,Retail_0077
135,Manuf_0078,Dist_0012
136,Manuf_0078,Dist_0017
137,Manuf_0078,Retail_0078
138,Manuf_0079,Dist_0007
139,Manuf_0079,Dist_0008
140,Manuf_0079,Dist_0009
141,Manuf_0079,Dist_0013
142,Manuf_0079,Dist_0015
143,Manuf_0079,Dist_0021
144,Manuf_0079,Dist_0022
145,Manuf_0079,Dist_0028
146,Manuf_0079,Retail_0079
147,Manuf_0080,Dist_0012
148,Manuf_0080,Dist_0017
149,Manuf_0080,Retail_0080
150,Manuf_0081,Dist_0007
151,Manuf_0081,Dist_0008
152,Manuf_0081,Dist_0009
153,Manuf_0081,Dist_0013
154,Manuf_0081,Dist_0015
155,Manuf_0081,Dist_0021
156,Manuf_0081,Dist_0022
157,Manuf_0081,Dist_0024
158,Manuf_0081,Dist_0027
159,Manuf_0081,Dist_0028
160,Manuf_0081,Dist_0031
161,Manuf_0081,Retail_0081
162,Manuf_0082,Dist_0014
163,Manuf_0082,Retail_0082
164,Manuf_0083,Dist_0029
165,Manuf_0083,Retail_0083
166,Manuf_0084,Retail_0084
167,Manuf_0085,Retail_0085
168,Manuf_0086,Retail_0086
169,Manuf_0087,Retail_0087
170,Manuf_0088,Retail_0088
171,Manuf_0089,Retail_0089
172,Manuf_0090,Retail_0090
173,Manuf_0091,Retail_0091
174,Manuf_0092,Retail_0092
175,Manuf_0093,Retail_0093
176,Manuf_0094,Retail_0094
177,Manuf_0095,Retail_0095
178,Manuf_0096,Retail_0096
179,Manuf_0097,Retail_0097
180,Manuf_0098,Retail_0098
181,Manuf_0099,Retail_0099
182,Manuf_0100,Retail_0100
183,Manuf_0101,Retail_0101
184,Manuf_0102,Retail_0102
185,Manuf_0103,Retail_0103
186,Manuf_0104,Retail_0104
187,Manuf_0105,Retail_0105
188,Manuf_0106,Retail_0106
189,Manuf_0107,Retail_0107
190,Manuf_0108,Retail_0108
191,Manuf_0109,Retail_0109
192,Manuf_0110,Retail_0110
193,Manuf_0111,Dist_0016
194,Manuf_0111,Retail_0111
195,Manuf_0112,Dist_0010
196,Manuf_0112,Dist_0011
197,Manuf_0112,Dist_0019
198,Manuf_0112,Dist_0023
199,Manuf_0112,Dist_0030
200,Manuf_0112,Retail_0112
201,Manuf_0113,Dist_0018
202,Manuf_0113,Dist_0020
203,Manuf_0113,Dist_0025
204,Manuf_0113,Retail_0113
205,Manuf_0114,Dist_0021
206,Manuf_0114,Dist_0022
207,Manuf_0114,Retail_0114
208,Manuf_0115,Dist_0026
209,Manuf_0115,Retail_0115
210,Manuf_0116,Dist_0007
211,Manuf_0116,Dist_0008
212,Manuf_0116,Dist_0009
213,Manuf_0116,Dist_0012
214,Manuf_0116,Dist_0013
215,Manuf_0116,Dist_0015
216,Manuf_0116,Dist_0017
217,Manuf_0116,Dist_0028
218,Manuf_0116,Retail_0116
219,Manuf_0117,Dist_0024
220,Manuf_0117,Dist_0027
221,Manuf_0117,Dist_0031
222,Manuf_0117,Retail_0117
223,Manuf_0118,Dist_0010
224,Manuf_0118,Dist_0011
225,Manuf_0118,Dist_0016
226,Manuf_0118,Dist_0018
227,Manuf_0118,Dist_0019
228,Manuf_0118,Dist_0020
229,Manuf_0118,Dist_0023
230,Manuf_0118,Dist_0025
231,Manuf_0118,Dist_0026
232,Manuf_0118,Dist_0030
233,Manuf_0118,Retail_0118
234,Manuf_0119,Dist_0011
235,Manuf_0119,Dist_0016
236,Manuf_0119,Dist_0018
237,Manuf_0119,Dist_0023
238,Manuf_0119,Dist_0026
239,Manuf_0119,Retail_0119
240,Manuf_0120,Dist_0004
241,Manuf_0120,Retail_0120
242,Manuf_0121,Dist_0006
243,Manuf_0121,Retail_0121
244,Manuf_0122,Dist_0012
245,Manuf_0122,Dist_0015
246,Manuf_0122,Dist_0017
247,Manuf_0122,Retail_0122
248,Manuf_0123,Dist_0017
249,Manuf_0123,Dist_0028
250,Manuf_0123,Retail_0123
251,Manuf_0124,Dist_0003
252,Manuf_0124,Retail_0124
253,Manuf_0125,Dist_0002
254,Manuf_0125,Dist_0006
255,Manuf_0125,Retail_0125
256,Manuf_0126,Dist_0024
257,Manuf_0126,Dist_0027
258,Manuf_0126,Retail_0126
259,Manuf_0127,Dist_0014
260,Manuf_0127,Retail_0127
261,Manuf_0128,Dist_0027
262,Manuf_0128,Retail_0128
263,Manuf_0129,Dist_0008
264,Manuf_0129,Dist_0021
265,Manuf_0129,Dist_0028
266,Manuf_0129,Retail_0129
267,Manuf_0130,Dist_0020
268,Manuf_0130,Retail_0130
269,Manuf_0131,Dist_0007
270,Manuf_0131,Dist_0022
271,Manuf_0131,Retail_0131
272,Manuf_0132,Dist_0003
273,Manuf_0132,Dist_0004
274,Manuf_0132,Dist_0005
275,Manuf_0132,Retail_0132
276,Manuf_0133,Dist_0013
277,Manuf_0133,Retail_0133
278,Manuf_0134,Dist_0010
279,Manuf_0134,Dist_0019
280,Manuf_0134,Dist_0025
281,Manuf_0134,Dist_0030
282,Manuf_0134,Retail_0134
283,Manuf_0135,Dist_0009
284,Manuf_0135,Retail_0135
285,Manuf_0136,Dist_0024
286,Manuf_0136,Dist_0031
287,Manuf_0136,Retail_0136
288,Manuf_0137,Dist_0029
289,Manuf_0137,Retail_0137
290,Manuf_0138,Dist_0011
291,Manuf_0138,Dist_0014
292,Manuf_0138,Dist_0016
293,Manuf_0138,Dist_0018
294,Manuf_0138,Dist_0019
295,Manuf_0138,Dist_0023
296,Manuf_0138,Dist_0025
297,Manuf_0138,Dist_0026
298,Manuf_0138,Dist_0029
299,Manuf_0138,Dist_0030
300,Manuf_0138,Retail_0138
301,Manuf_0139,Dist_0001
302,Manuf_0139,Dist_0002
303,Manuf_0139,Dist_0003
304,Manuf_0139,Dist_0004
305,Manuf_0139,Dist_0005
306,Manuf_0139,Retail_0139
307,Manuf_0140,Dist_0007
308,Manuf_0140,Dist_0008
309,Manuf_0140,Dist_0009
310,Manuf_0140,Dist_0012
311,Manuf_0140,Dist_0013
312,Manuf_0140,Dist_0015
313,Manuf_0140,Dist_0017
314,Manuf_0140,Dist_0021
315,Manuf_0140,Dist_0022
316,Manuf_0140,Dist_0028
317,Manuf_0140,Dist_0031
318,Manuf_0140,Retail_0140
319,Manuf_0141,Dist_0001
320,Manuf_0141,Dist_0002
321,Manuf_0141,Dist_0003
322,Manuf_0141,Dist_0004
323,Manuf_0141,Dist_0005
324,Manuf_0141,Dist_0014
325,Manuf_0141,Retail_0141
326,Manuf_0142,Dist_0006
327,Manuf_0142,Dist_0010
328,Manuf_0142,Dist_0011
329,Manuf_0142,Dist_0016
330,Manuf_0142,Dist_0018
331,Manuf_0142,Dist_0019
332,Manuf_0142,Dist_0020
333,Manuf_0142,Dist_0023
334,Manuf_0142,Dist_0025
335,Manuf_0142,Dist_0026
336,Manuf_0142,Dist_0029
337,Manuf_0142,Dist_0030
338,Manuf_0142,Retail_0142
339,Part_0001,Manuf_0001
340,Part_0002,Manuf_0002
341,Part_0003,Manuf_0003
342,Part_0004,Manuf_0004
343,Part_0005,Manuf_0005
344,Part_0006,Manuf_0006
345,Part_0007,Manuf_0006
346,Part_0008,Manuf_0007
347,Part_0009,Manuf_0007
348,Part_0010,Manuf_0055
349,Part_0010,Manuf_0056
350,Part_0011,Manuf_0057
351,Part_0011,Manuf_0058
352,Part_0012,Manuf_0059
353,Part_0012,Manuf_0060
354,Part_0013,Manuf_0064
355,Part_0014,Manuf_0065
356,Part_0014,Manuf_0066
357,Part_0015,Manuf_0067
358,Part_0015,Manuf_0068
359,Part_0015,Manuf_0069
360,Part_0015,Manuf_0070
361,Part_0016,Manuf_0067
362,Part_0016,Manuf_0068
363,Part_0017,Manuf_0068
364,Part_0018,Manuf_0068
365,Part_0019,Manuf_0067
366,Part_0019,Manuf_0068
367,Part_0019,Manuf_0069
368,Part_0019,Manuf_0070
369,Part_0020,Manuf_0069
370,Part_0020,Manuf_0070
371,Part_0021,Manuf_0070
372,Part_0022,Manuf_0070
373,Part_0023,Manuf_0071
374,Part_0023,Manuf_0072
375,Part_0024,Manuf_0071
376,Part_0024,Manuf_0072
377,Part_0024,Manuf_0073
378,Part_0024,Manuf_0074
379,Part_0025,Manuf_0072
380,Part_0026,Manuf_0072
381,Part_0027,Manuf_0001
382,Part_0027,Manuf_0002
383,Part_0027,Manuf_0003
384,Part_0027,Manuf_0004
385,Part_0027,Manuf_0005
386,Part_0027,Manuf_0006
387,Part_0027,Manuf_0007
388,Part_0027,Manuf_0008
389,Part_0027,Manuf_0009
390,Part_0027,Manuf_0010
391,Part_0027,Manuf_0011
392,Part_0027,Manuf_0012
393,Part_0027,Manuf_0013
394,Part_0027,Manuf_0014
395,Part_0027,Manuf_0015
396,Part_0027,Manuf_0016
397,Part_0027,Manuf_0017
398,Part_0027,Manuf_0018
399,Part_0027,Manuf_0019
400,Part_0027,Manuf_0020
401,Part_0027,Manuf_0021
402,Part_0027,Manuf_0022
403,Part_0027,Manuf_0023
404,Part_0027,Manuf_0024
405,Part_0027,Manuf_0025
406,Part_0027,Manuf_0026
407,Part_0027,Manuf_0027
408,Part_0027,Manuf_0028
409,Part_0027,Manuf_0029
410,Part_0027,Manuf_0030
411,Part_0027,Manuf_0031
412,Part_0027,Manuf_0032
413,Part_0027,Manuf_0033
414,Part_0027,Manuf_0034
415,Part_0027,Manuf_0035
416,Part_0027,Manuf_0036
417,Part_0027,Manuf_0037
418,Part_0027,Manuf_0038
419,Part_0027,Manuf_0039
420,Part_0027,Manuf_0040
421,Part_0027,Manuf_0041
422,Part_0027,Manuf_0042
423,Part_0027,Manuf_0043
424,Part_0027,Manuf_0044
425,Part_0027,Manuf_0045
426,Part_0027,Manuf_0046
427,Part_0027,Manuf_0047
428,Part_0027,Manuf_0048
429,Part_0027,Manuf_0049
430,Part_0027,Manuf_0050
431,Part_0027,Manuf_0051
432,Part_0027,Manuf_0052
433,Part_0027,Manuf_0053
434,Part_0027,Manuf_0054
435,Part_0027,Manuf_0055
436,Part_0027,Manuf_0056
437,Part_0027,Manuf_0057
438,Part_0027,Manuf_0058
439,Part_0027,Manuf_0059
440,Part_0027,Manuf_0060
441,Part_0027,Manuf_0061
442,Part_0027,Manuf_0062
443,Part_0027,Manuf_0063
444,Part_0027,Manuf_0064
445,Part_0027,Manuf_0065
446,Part_0027,Manuf_0066
447,Part_0027,Manuf_0067
448,Part_0027,Manuf_0068
449,Part_0027,Manuf_0069
450,Part_0027,Manuf_0070
451,Part_0027,Manuf_0071
452,Part_0027,Manuf_0072
453,Part_0027,Manuf_0073
454,Part_0027,Manuf_0074
455,Part_0027,Manuf_0075
456,Part_0027,Manuf_0076
457,Part_0027,Manuf_0077
458,Part_0027,Manuf_0078
459,Part_0027,Manuf_0079
460,Part_0027,Manuf_0080
461,Part_0027,Manuf_0081
462,Part_0027,Manuf_0082
463,Part_0027,Manuf_0083
464,Part_0027,Manuf_0084
465,Part_0027,Manuf_0085
466,Part_0027,Manuf_0086
467,Part_0027,Manuf_0087
468,Part_0027,Manuf_0088
469,Part_0027,Manuf_0089
470,Part_0027,Manuf_0090
471,Part_0027,Manuf_0091
472,Part_0027,Manuf_0092
473,Part_0027,Manuf_0093
474,Part_0027,Manuf_0094
475,Part_0027,Manuf_0095
476,Part_0027,Manuf_0096
477,Part_0027,Manuf_0097
478,Part_0027,Manuf_0098
479,Part_0027,Manuf_0099
480,Part_0027,Manuf_0100
481,Part_0027,Manuf_0101
482,Part_0027,Manuf_0102
483,Part_0027,Manuf_0103
484,Part_0027,Manuf_0104
485,Part_0027,Manuf_0105
486,Part_0027,Manuf_0106
487,Part_0027,Manuf_0107
488,Part_0027,Manuf_0108
489,Part_0027,Manuf_0109
490,Part_0027,Manuf_0110
491,Part_0027,Manuf_0111
492,Part_0027,Manuf_0112
493,Part_0027,Manuf_0113
494,Part_0027,Manuf_0114
495,Part_0027,Manuf_0115
496,Part_0027,Manuf_0116
497,Part_0027,Manuf_0117
498,Part_0027,Manuf_0118
499,Part_0027,Manuf_0119
500,Part_0027,Manuf_0120
501,Part_0027,Manuf_0121
502,Part_0027,Manuf_0122
503,Part_0027,Manuf_0123
504,Part_0027,Manuf_0124
505,Part_0027,Manuf_0125
506,Part_0027,Manuf_0126
507,Part_0027,Manuf_0127
508,Part_0027,Manuf_0128
509,Part_0027,Manuf_0129
510,Part_0027,Manuf_0130
511,Part_0027,Manuf_0131
512,Part_0027,Manuf_0132
513,Part_0027,Manuf_0133
514,Part_0027,Manuf_0134
515,Part_0027,Manuf_0135
516,Part_0027,Manuf_0136
517,Part_0027,Manuf_0137
518,Part_0027,Manuf_0138
519,Part_0027,Manuf_0139
520,Part_0027,Manuf_0140
521,Part_0027,Manuf_0141
522,Part_0027,Manuf_0142
523,Part_0028,Manuf_0074
524,Part_0029,Manuf_0074
525,Part_0030,Manuf_0073
526,Part_0030,Manuf_0074
527,Part_0031,Manuf_0071
528,Part_0031,Manuf_0072
529,Part_0031,Manuf_0073
530,Part_0031,Manuf_0074
531,Part_0032,Manuf_0075
532,Part_0033,Manuf_0076
533,Part_0034,Manuf_0076
534,Part_0035,Manuf_0077
535,Part_0036,Manuf_0077
536,Part_0037,Manuf_0078
537,Part_0038,Manuf_0079
538,Part_0039,Manuf_0080
539,Part_0039,Manuf_0081
540,Part_0040,Manuf_0080
541,Part_0040,Manuf_0081
542,Part_0041,Manuf_0080
543,Part_0041,Manuf_0081
544,Part_0042,Manuf_0081
545,Part_0043,Manuf_0081
546,Part_0044,Manuf_0061
547,Part_0044,Manuf_0062
548,Part_0044,Manuf_0063
549,Part_0044,Manuf_0084
550,Part_0044,Manuf_0085
551,Part_0044,Manuf_0086
552,Part_0044,Manuf_0087
553,Part_0044,Manuf_0088
554,Part_0044,Manuf_0089
555,Part_0044,Manuf_0090
556,Part_0044,Manuf_0091
557,Part_0044,Manuf_0092
558,Part_0044,Manuf_0093
559,Part_0044,Manuf_0094
560,Part_0044,Manuf_0095
561,Part_0044,Manuf_0096
562,Part_0044,Manuf_0097
563,Part_0044,Manuf_0098
564,Part_0045,Manuf_0061
565,Part_0045,Manuf_0085
566,Part_0045,Manuf_0086
567,Part_0045,Manuf_0088
568,Part_0045,Manuf_0089
569,Part_0045,Manuf_0090
570,Part_0045,Manuf_0109
571,Part_0046,Manuf_0061
572,Part_0046,Manuf_0062
573,Part_0046,Manuf_0063
574,Part_0046,Manuf_0064
575,Part_0046,Manuf_0082
576,Part_0046,Manuf_0084
577,Part_0046,Manuf_0085
578,Part_0046,Manuf_0086
579,Part_0046,Manuf_0087
580,Part_0046,Manuf_0088
581,Part_0046,Manuf_0089
582,Part_0046,Manuf_0090
583,Part_0046,Manuf_0093
584,Part_0046,Manuf_0094
585,Part_0046,Manuf_0095
586,Part_0046,Manuf_0096
587,Part_0046,Manuf_0097
588,Part_0046,Manuf_0098
589,Part_0046,Manuf_0099
590,Part_0046,Manuf_0102
591,Part_0046,Manuf_0103
592,Part_0046,Manuf_0104
593,Part_0046,Manuf_0112
594,Part_0046,Manuf_0115
595,Part_0047,Manuf_0083
596,Part_0047,Manuf_0092
597,Part_0047,Manuf_0100
598,Part_0047,Manuf_0105
599,Part_0047,Manuf_0109
600,Part_0047,Manuf_0111
601,Part_0047,Manuf_0113
602,Part_0048,Manuf_0084
603,Part_0048,Manuf_0093
604,Part_0048,Manuf_0096
605,Part_0048,Manuf_0104
606,Part_0048,Manuf_0105
607,Part_0049,Manuf_0061
608,Part_0049,Manuf_0062
609,Part_0049,Manuf_0063
610,Part_0049,Manuf_0084
611,Part_0049,Manuf_0085
612,Part_0049,Manuf_0086
613,Part_0049,Manuf_0087
614,Part_0049,Manuf_0088
615,Part_0049,Manuf_0089
616,Part_0049,Manuf_0090
617,Part_0049,Manuf_0091
618,Part_0049,Manuf_0093
619,Part_0049,Manuf_0094
620,Part_0049,Manuf_0095
621,Part_0049,Manuf_0096
622,Part_0049,Manuf_0097
623,Part_0049,Manuf_0098
624,Part_0049,Manuf_0102
625,Part_0049,Manuf_0103
626,Part_0049,Manuf_0104
627,Part_0049,Manuf_0112
628,Part_0049,Manuf_0115
629,Part_0050,Manuf_0092
630,Part_0050,Manuf_0105
631,Part_0050,Manuf_0109
632,Part_0050,Manuf_0111
633,Part_0050,Manuf_0113
634,Part_0051,Manuf_0061
635,Part_0051,Manuf_0062
636,Part_0051,Manuf_0063
637,Part_0051,Manuf_0085
638,Part_0051,Manuf_0086
639,Part_0051,Manuf_0087
640,Part_0051,Manuf_0088
641,Part_0051,Manuf_0089
642,Part_0051,Manuf_0090
643,Part_0051,Manuf_0091
644,Part_0051,Manuf_0094
645,Part_0051,Manuf_0095
646,Part_0051,Manuf_0097
647,Part_0051,Manuf_0098
648,Part_0052,Manuf_0092
649,Part_0052,Manuf_0102
650,Part_0052,Manuf_0103
651,Part_0052,Manuf_0109
652,Part_0052,Manuf_0111
653,Part_0052,Manuf_0112
654,Part_0052,Manuf_0113
655,Part_0052,Manuf_0115
656,Part_0053,Manuf_0061
657,Part_0053,Manuf_0062
658,Part_0053,Manuf_0063
659,Part_0053,Manuf_0084
660,Part_0053,Manuf_0085
661,Part_0053,Manuf_0086
662,Part_0053,Manuf_0087
663,Part_0053,Manuf_0088
664,Part_0053,Manuf_0089
665,Part_0053,Manuf_0090
666,Part_0053,Manuf_0091
667,Part_0053,Manuf_0093
668,Part_0053,Manuf_0094
669,Part_0053,Manuf_0095
670,Part_0053,Manuf_0096
671,Part_0053,Manuf_0097
672,Part_0053,Manuf_0098
673,Part_0053,Manuf_0102
674,Part_0053,Manuf_0103
675,Part_0053,Manuf_0104
676,Part_0053,Manuf_0112
677,Part_0053,Manuf_0115
678,Part_0054,Manuf_0092
679,Part_0054,Manuf_0105
680,Part_0054,Manuf_0109
681,Part_0054,Manuf_0111
682,Part_0054,Manuf_0113
683,Part_0055,Manuf_0102
684,Part_0055,Manuf_0112
685,Part_0055,Manuf_0115
686,Part_0056,Manuf_0092
687,Part_0056,Manuf_0111
688,Part_0056,Manuf_0113
689,Part_0057,Manuf_0061
690,Part_0057,Manuf_0062
691,Part_0057,Manuf_0063
692,Part_0057,Manuf_0064
693,Part_0057,Manuf_0084
694,Part_0057,Manuf_0085
695,Part_0057,Manuf_0086
696,Part_0057,Manuf_0087
697,Part_0057,Manuf_0088
698,Part_0057,Manuf_0089
699,Part_0057,Manuf_0090
700,Part_0057,Manuf_0093
701,Part_0057,Manuf_0094
702,Part_0057,Manuf_0095
703,Part_0057,Manuf_0096
704,Part_0057,Manuf_0097
705,Part_0057,Manuf_0098
706,Part_0057,Manuf_0099
707,Part_0058,Manuf_0093
708,Part_0058,Manuf_0104
709,Part_0059,Manuf_0063
710,Part_0059,Manuf_0090
711,Part_0059,Manuf_0094
712,Part_0059,Manuf_0097
713,Part_0060,Manuf_0061
714,Part_0060,Manuf_0062
715,Part_0060,Manuf_0091
716,Part_0060,Manuf_0095
717,Part_0060,Manuf_0098
718,Part_0061,Manuf_0082
719,Part_0061,Manuf_0099
720,Part_0062,Manuf_0096
721,Part_0063,Manuf_0064
722,Part_0063,Manuf_0082
723,Part_0063,Manuf_0099
724,Part_0064,Manuf_0083
725,Part_0064,Manuf_0100
726,Part_0065,Manuf_0064
727,Part_0065,Manuf_0082
728,Part_0065,Manuf_0099
729,Part_0066,Manuf_0103
730,Part_0067,Manuf_0105
731,Part_0068,Manuf_0083
732,Part_0068,Manuf_0100
733,Part_0069,Manuf_0083
734,Part_0069,Manuf_0100
735,Part_0070,Manuf_0082
736,Part_0070,Manuf_0102
737,Part_0070,Manuf_0103
738,Part_0070,Manuf_0104
739,Part_0070,Manuf_0112
740,Part_0070,Manuf_0115
741,Part_0071,Manuf_0083
742,Part_0071,Manuf_0105
743,Part_0071,Manuf_0109
744,Part_0071,Manuf_0111
745,Part_0071,Manuf_0113
746,Part_0072,Manuf_0064
747,Part_0072,Manuf_0082
748,Part_0072,Manuf_0083
749,Part_0072,Manuf_0099
750,Part_0072,Manuf_0100
751,Part_0072,Manuf_0101
752,Part_0072,Manuf_0117
753,Part_0073,Manuf_0061
754,Part_0073,Manuf_0062
755,Part_0073,Manuf_0063
756,Part_0073,Manuf_0090
757,Part_0073,Manuf_0091
758,Part_0073,Manuf_0102
759,Part_0073,Manuf_0103
760,Part_0073,Manuf_0106
761,Part_0073,Manuf_0107
762,Part_0073,Manuf_0108
763,Part_0073,Manuf_0111
764,Part_0073,Manuf_0115
765,Part_0073,Manuf_0116
766,Part_0074,Manuf_0092
767,Part_0074,Manuf_0093
768,Part_0074,Manuf_0094
769,Part_0074,Manuf_0095
770,Part_0074,Manuf_0096
771,Part_0074,Manuf_0097
772,Part_0074,Manuf_0098
773,Part_0074,Manuf_0104
774,Part_0074,Manuf_0105
775,Part_0074,Manuf_0112
776,Part_0074,Manuf_0113
777,Part_0074,Manuf_0114
778,Part_0075,Manuf_0061
779,Part_0075,Manuf_0090
780,Part_0075,Manuf_0106
781,Part_0076,Manuf_0062
782,Part_0076,Manuf_0063
783,Part_0076,Manuf_0091
784,Part_0076,Manuf_0092
785,Part_0076,Manuf_0094
786,Part_0076,Manuf_0095
787,Part_0076,Manuf_0097
788,Part_0076,Manuf_0098
789,Part_0076,Manuf_0102
790,Part_0076,Manuf_0103
791,Part_0076,Manuf_0107
792,Part_0076,Manuf_0111
793,Part_0076,Manuf_0112
794,Part_0076,Manuf_0113
795,Part_0076,Manuf_0115
796,Part_0076,Manuf_0116
797,Part_0077,Manuf_0093
798,Part_0077,Manuf_0096
799,Part_0077,Manuf_0104
800,Part_0077,Manuf_0105
801,Part_0077,Manuf_0108
802,Part_0077,Manuf_0114
803,Part_0078,Manuf_0064
804,Part_0078,Manuf_0082
805,Part_0078,Manuf_0083
806,Part_0078,Manuf_0099
807,Part_0078,Manuf_0100
808,Part_0078,Manuf_0101
809,Part_0078,Manuf_0117
810,Part_0079,Manuf_0106
811,Part_0079,Manuf_0107
812,Part_0079,Manuf_0108
813,Part_0079,Manuf_0114
814,Part_0079,Manuf_0116
815,Part_0079,Manuf_0117
816,Part_0080,Manuf_0106
817,Part_0081,Manuf_0108
818,Part_0081,Manuf_0114
819,Part_0082,Manuf_0116
820,Part_0083,Manuf_0106
821,Part_0083,Manuf_0107
822,Part_0083,Manuf_0116
823,Part_0084,Manuf_0108
824,Part_0084,Manuf_0114
825,Part_0085,Manuf_0101
826,Part_0085,Manuf_0117
827,Part_0086,Manuf_0106
828,Part_0086,Manuf_0107
829,Part_0087,Manuf_0118
830,Part_0088,Manuf_0101
831,Part_0088,Manuf_0117
832,Part_0089,Manuf_0101
833,Part_0089,Manuf_0117
834,Part_0090,Manuf_0101
835,Part_0091,Manuf_0101
836,Part_0091,Manuf_0106
837,Part_0091,Manuf_0107
838,Part_0091,Manuf_0108
839,Part_0091,Manuf_0114
840,Part_0091,Manuf_0116
841,Part_0091,Manuf_0117
842,Part_0092,Manuf_0106
843,Part_0092,Manuf_0107
844,Part_0092,Manuf_0108
845,Part_0092,Manuf_0114
846,Part_0092,Manuf_0116
847,Part_0093,Manuf_0106
848,Part_0093,Manuf_0107
849,Part_0093,Manuf_0108
850,Part_0093,Manuf_0114
851,Part_0093,Manuf_0116
852,Part_0094,Manuf_0132
