,child,parent
0,Dist_0001,Retail_0001
1,Dist_0002,Retail_0002
2,Dist_0003,Retail_0003
3,Dist_0004,Retail_0004
4,Dist_0005,Retail_0005
5,Dist_0006,Retail_0006
6,Dist_0007,Retail_0007
7,Dist_0008,Retail_0008
8,Dist_0009,Retail_0009
9,Dist_0010,Retail_0010
10,Dist_0011,Retail_0011
11,Dist_0012,Retail_0012
12,Dist_0013,Trans_0020
13,Dist_0014,Trans_0021
14,Dist_0015,Retail_0013
15,Dist_0016,Retail_0014
16,Dist_0017,Retail_0015
17,Dist_0018,Retail_0016
18,Dist_0019,Retail_0017
19,Dist_0020,Retail_0018
20,Dist_0021,Retail_0019
21,Dist_0022,Retail_0020
22,Dist_0023,Retail_0021
23,Dist_0024,Retail_0022
24,Dist_0025,Retail_0023
25,Dist_0026,Retail_0024
26,Dist_0027,Retail_0025
27,Dist_0028,Trans_0022
28,Dist_0029,Retail_0026
29,Dist_0030,Retail_0027
30,Dist_0031,Retail_0028
31,Manuf_0001,Dist_0001
32,Manuf_0002,Dist_0002
33,Manuf_0003,Dist_0003
34,Manuf_0004,Dist_0004
35,Manuf_0005,Dist_0005
36,Manuf_0006,Dist_0006
37,Manuf_0007,Dist_0007
38,Manuf_0008,Dist_0008
39,Manuf_0009,Dist_0009
40,Manuf_0010,Dist_0010
41,Manuf_0011,Dist_0011
42,Manuf_0012,Dist_0012
43,Manuf_0013,Dist_0013
44,Manuf_0014,Dist_0014
45,Manuf_0014,Dist_0015
46,Manuf_0015,Dist_0016
47,Manuf_0016,Dist_0017
48,Manuf_0017,Dist_0018
49,Manuf_0018,Dist_0019
50,Manuf_0018,Dist_0020
51,Manuf_0019,Dist_0021
52,Manuf_0020,Dist_0022
53,Manuf_0021,Dist_0023
54,Manuf_0021,Dist_0024
55,Manuf_0022,Dist_0025
56,Manuf_0022,Dist_0026
57,Manuf_0023,Dist_0027
58,Manuf_0024,Dist_0028
59,Part_0001,Trans_0001
60,Part_0001,Trans_0002
61,Part_0001,Trans_0003
62,Part_0001,Trans_0004
63,Part_0001,Trans_0005
64,Part_0002,Trans_0009
65,Part_0002,Trans_0013
66,Part_0002,Trans_0017
67,Part_0003,Trans_0010
68,Part_0003,Trans_0014
69,Part_0003,Trans_0018
70,Part_0004,Trans_0011
71,Part_0004,Trans_0015
72,Part_0004,Trans_0019
73,Part_0005,Manuf_0001
74,Part_0006,Manuf_0002
75,Part_0007,Manuf_0003
76,Part_0008,Manuf_0004
77,Part_0009,Manuf_0005
78,Part_0010,Manuf_0006
79,Part_0011,Manuf_0007
80,Part_0012,Manuf_0008
81,Part_0013,Manuf_0009
82,Part_0014,Manuf_0010
83,Part_0015,Manuf_0011
84,Part_0016,Manuf_0012
85,Part_0017,Manuf_0013
86,Part_0018,Manuf_0013
87,Part_0019,Manuf_0013
88,Part_0020,Manuf_0014
89,Part_0021,Manuf_0014
90,Part_0022,Manuf_0014
91,Part_0023,Manuf_0015
92,Part_0024,Manuf_0015
93,Part_0025,Manuf_0015
94,Part_0026,Manuf_0013
95,Part_0026,Manuf_0014
96,Part_0026,Manuf_0015
97,Part_0027,Manuf_0016
98,Part_0028,Manuf_0016
99,Part_0029,Manuf_0016
100,Part_0030,Manuf_0017
101,Part_0031,Manuf_0017
102,Part_0032,Manuf_0017
103,Part_0033,Manuf_0018
104,Part_0034,Manuf_0018
105,Part_0035,Manuf_0018
106,Part_0036,Manuf_0019
107,Part_0037,Manuf_0019
108,Part_0038,Manuf_0019
109,Part_0039,Manuf_0020
110,Part_0040,Manuf_0020
111,Part_0041,Manuf_0020
112,Part_0042,Manuf_0021
113,Part_0043,Manuf_0021
114,Part_0044,Manuf_0021
115,Part_0045,Manuf_0022
116,Part_0046,Manuf_0022
117,Part_0047,Manuf_0022
118,Part_0048,Manuf_0023
119,Part_0049,Manuf_0024
120,Trans_0001,Trans_0006
121,Trans_0002,Trans_0007
122,Trans_0003,Trans_0008
123,Trans_0004,Trans_0012
124,Trans_0005,Trans_0016
125,Trans_0006,Manuf_0001
126,Trans_0006,Manuf_0002
127,Trans_0006,Manuf_0003
128,Trans_0006,Manuf_0004
129,Trans_0006,Manuf_0005
130,Trans_0006,Manuf_0006
131,Trans_0007,Manuf_0007
132,Trans_0007,Manuf_0008
133,Trans_0007,Manuf_0009
134,Trans_0008,Manuf_0010
135,Trans_0008,Manuf_0011
136,Trans_0008,Manuf_0012
137,Trans_0009,Manuf_0001
138,Trans_0009,Manuf_0002
139,Trans_0009,Manuf_0003
140,Trans_0009,Manuf_0004
141,Trans_0009,Manuf_0005
142,Trans_0009,Manuf_0006
143,Trans_0009,Manuf_0007
144,Trans_0009,Manuf_0008
145,Trans_0009,Manuf_0009
146,Trans_0009,Manuf_0010
147,Trans_0009,Manuf_0011
148,Trans_0009,Manuf_0012
149,Trans_0010,Manuf_0001
150,Trans_0010,Manuf_0002
151,Trans_0010,Manuf_0003
152,Trans_0010,Manuf_0004
153,Trans_0010,Manuf_0005
154,Trans_0010,Manuf_0006
155,Trans_0010,Manuf_0007
156,Trans_0010,Manuf_0008
157,Trans_0010,Manuf_0009
158,Trans_0010,Manuf_0010
159,Trans_0010,Manuf_0011
160,Trans_0010,Manuf_0012
161,Trans_0011,Manuf_0001
162,Trans_0011,Manuf_0002
163,Trans_0011,Manuf_0003
164,Trans_0011,Manuf_0004
165,Trans_0011,Manuf_0005
166,Trans_0011,Manuf_0006
167,Trans_0011,Manuf_0007
168,Trans_0011,Manuf_0008
169,Trans_0011,Manuf_0009
170,Trans_0011,Manuf_0010
171,Trans_0011,Manuf_0011
172,Trans_0011,Manuf_0012
173,Trans_0012,Manuf_0013
174,Trans_0012,Manuf_0014
175,Trans_0012,Manuf_0015
176,Trans_0012,Manuf_0016
177,Trans_0012,Manuf_0017
178,Trans_0012,Manuf_0018
179,Trans_0012,Manuf_0019
180,Trans_0012,Manuf_0020
181,Trans_0012,Manuf_0021
182,Trans_0012,Manuf_0022
183,Trans_0013,Manuf_0013
184,Trans_0013,Manuf_0014
185,Trans_0013,Manuf_0015
186,Trans_0013,Manuf_0016
187,Trans_0013,Manuf_0017
188,Trans_0013,Manuf_0018
189,Trans_0013,Manuf_0019
190,Trans_0013,Manuf_0020
191,Trans_0013,Manuf_0021
192,Trans_0013,Manuf_0022
193,Trans_0014,Manuf_0013
194,Trans_0014,Manuf_0014
195,Trans_0014,Manuf_0015
196,Trans_0014,Manuf_0016
197,Trans_0014,Manuf_0017
198,Trans_0014,Manuf_0018
199,Trans_0014,Manuf_0019
200,Trans_0014,Manuf_0020
201,Trans_0014,Manuf_0021
202,Trans_0014,Manuf_0022
203,Trans_0015,Manuf_0013
204,Trans_0015,Manuf_0014
205,Trans_0015,Manuf_0015
206,Trans_0015,Manuf_0016
207,Trans_0015,Manuf_0017
208,Trans_0015,Manuf_0018
209,Trans_0015,Manuf_0019
210,Trans_0015,Manuf_0020
211,Trans_0015,Manuf_0021
212,Trans_0015,Manuf_0022
213,Trans_0016,Manuf_0023
214,Trans_0016,Manuf_0024
215,Trans_0017,Manuf_0023
216,Trans_0017,Manuf_0024
217,Trans_0018,Manuf_0023
218,Trans_0018,Manuf_0024
219,Trans_0019,Manuf_0023
220,Trans_0019,Manuf_0024
221,Trans_0020,Dist_0029
222,Trans_0021,Dist_0030
223,Trans_0022,Dist_0031
