,child,parent
0,Manuf_0001,Trans_0001
1,Manuf_0002,Trans_0002
2,Manuf_0003,Trans_0003
3,Manuf_0004,Trans_0004
4,Manuf_0005,Trans_0005
5,Manuf_0006,Trans_0006
6,Manuf_0007,Dist_0001
7,Manuf_0007,Dist_0002
8,Manuf_0007,Dist_0003
9,Manuf_0008,Dist_0004
10,Manuf_0008,Dist_0005
11,Manuf_0008,Dist_0006
12,Manuf_0009,Dist_0007
13,Manuf_0009,Dist_0008
14,Manuf_0009,Dist_0009
15,Manuf_0010,Dist_0010
16,Manuf_0010,Dist_0011
17,Manuf_0010,Dist_0012
18,Trans_0001,Manuf_0007
19,Trans_0001,Manuf_0009
20,Trans_0001,Manuf_0010
21,Trans_0002,Manuf_0007
22,Trans_0002,Manuf_0008
23,Trans_0003,Manuf_0008
24,Trans_0004,Manuf_0009
25,Trans_0005,Manuf_0009
26,Trans_0005,Manuf_0010
27,Trans_0006,Manuf_0010
