,child,parent
0,Manuf_0001,Trans_0004
1,Manuf_0002,Trans_0005
2,Manuf_0003,Dist_0001
3,Manuf_0003,Dist_0002
4,Manuf_0003,Dist_0003
5,Manuf_0003,Dist_0004
6,Manuf_0003,Dist_0005
7,Manuf_0004,Dist_0006
8,Manuf_0004,Dist_0007
9,Manuf_0004,Dist_0008
10,Manuf_0004,Dist_0009
11,Manuf_0005,Dist_0010
12,Manuf_0005,Dist_0011
13,Manuf_0005,Dist_0012
14,Manuf_0005,Dist_0013
15,Manuf_0005,Dist_0014
16,Manuf_0005,Dist_0015
17,Manuf_0005,Dist_0016
18,Manuf_0005,Dist_0017
19,Manuf_0005,Dist_0018
20,Manuf_0005,Dist_0019
21,Manuf_0005,Dist_0020
22,Manuf_0006,Dist_0021
23,Manuf_0006,Dist_0022
24,Manuf_0006,Dist_0023
25,Manuf_0006,Dist_0024
26,Manuf_0006,Dist_0025
27,Manuf_0007,Dist_0026
28,Manuf_0007,Dist_0027
29,Manuf_0007,Dist_0028
30,Manuf_0007,Dist_0029
31,Manuf_0008,Dist_0030
32,Manuf_0008,Dist_0031
33,Manuf_0008,Dist_0032
34,Manuf_0008,Dist_0033
35,Manuf_0008,Dist_0034
36,Manuf_0008,Dist_0035
37,Manuf_0008,Dist_0036
38,Manuf_0008,Dist_0037
39,Manuf_0008,Dist_0038
40,Manuf_0008,Dist_0039
41,Manuf_0008,Dist_0040
42,Manuf_0009,Dist_0041
43,Manuf_0009,Dist_0042
44,Manuf_0009,Dist_0043
45,Manuf_0009,Dist_0044
46,Manuf_0009,Dist_0045
47,Manuf_0009,Dist_0046
48,Manuf_0009,Dist_0047
49,Manuf_0009,Dist_0048
50,Manuf_0009,Dist_0049
51,Manuf_0009,Dist_0050
52,Manuf_0009,Dist_0051
53,Part_0001,Manuf_0001
54,Part_0001,Manuf_0002
55,Part_0002,Manuf_0001
56,Part_0002,Manuf_0002
57,Part_0003,Manuf_0001
58,Part_0003,Manuf_0002
59,Part_0004,Manuf_0001
60,Part_0004,Manuf_0002
61,Part_0005,Manuf_0001
62,Part_0005,Manuf_0002
63,Part_0006,Manuf_0001
64,Part_0006,Manuf_0002
65,Part_0007,Trans_0001
66,Part_0008,Trans_0002
67,Part_0009,Trans_0003
68,Part_0010,Manuf_0003
69,Part_0011,Manuf_0003
70,Part_0011,Manuf_0006
71,Part_0012,Manuf_0004
72,Part_0013,Manuf_0004
73,Part_0013,Manuf_0007
74,Part_0014,Manuf_0005
75,Part_0015,Manuf_0005
76,Part_0016,Manuf_0005
77,Part_0016,Manuf_0008
78,Part_0016,Manuf_0009
79,Part_0017,Manuf_0006
80,Part_0018,Manuf_0007
81,Part_0019,Manuf_0003
82,Part_0019,Manuf_0004
83,Part_0019,Manuf_0005
84,Part_0019,Manuf_0006
85,Part_0019,Manuf_0007
86,Part_0019,Manuf_0008
87,Part_0019,Manuf_0009
88,Part_0020,Manuf_0008
89,Part_0021,Manuf_0008
90,Part_0022,Manuf_0009
91,Part_0023,Manuf_0009
92,Trans_0001,Manuf_0009
93,Trans_0002,Manuf_0006
94,Trans_0002,Manuf_0007
95,Trans_0002,Manuf_0008
96,Trans_0002,Manuf_0009
97,Trans_0003,Manuf_0003
98,Trans_0003,Manuf_0004
99,Trans_0003,Manuf_0005
100,Trans_0004,Manuf_0003
101,Trans_0004,Manuf_0004
102,Trans_0004,Manuf_0005
103,Trans_0004,Manuf_0006
104,Trans_0004,Manuf_0007
105,Trans_0004,Manuf_0008
106,Trans_0005,Manuf_0009
