,child,parent
0,Dist_0001,Dist_0112
1,Dist_0001,Retail_0001
2,Dist_0002,Dist_0113
3,Dist_0002,Retail_0002
4,Dist_0003,Dist_0114
5,Dist_0003,Retail_0003
6,Dist_0004,Dist_0115
7,Dist_0004,Retail_0004
8,Dist_0005,Dist_0116
9,Dist_0005,Retail_0005
10,Dist_0006,Dist_0117
11,Dist_0006,Retail_0006
12,Dist_0007,Dist_0118
13,Dist_0007,Retail_0007
14,Dist_0008,Dist_0119
15,Dist_0008,Retail_0008
16,Dist_0009,Dist_0120
17,Dist_0009,Retail_0009
18,Dist_0010,Dist_0121
19,Dist_0010,Retail_0010
20,Dist_0011,Dist_0122
21,Dist_0011,Retail_0011
22,Dist_0012,Dist_0123
23,Dist_0012,Retail_0012
24,Dist_0013,Dist_0124
25,Dist_0013,Retail_0013
26,Dist_0014,Dist_0125
27,Dist_0014,Retail_0014
28,Dist_0015,Dist_0126
29,Dist_0015,Retail_0015
30,Dist_0016,Dist_0127
31,Dist_0016,Retail_0016
32,Dist_0017,Dist_0128
33,Dist_0017,Retail_0017
34,Dist_0018,Dist_0129
35,Dist_0018,Retail_0018
36,Dist_0019,Dist_0130
37,Dist_0019,Retail_0019
38,Dist_0020,Dist_0131
39,Dist_0020,Retail_0020
40,Dist_0021,Dist_0132
41,Dist_0021,Retail_0021
42,Dist_0022,Dist_0133
43,Dist_0022,Retail_0022
44,Dist_0023,Dist_0134
45,Dist_0023,Retail_0023
46,Dist_0024,Dist_0135
47,Dist_0024,Retail_0024
48,Dist_0025,Dist_0136
49,Dist_0025,Retail_0025
50,Dist_0026,Dist_0137
51,Dist_0026,Retail_0026
52,Dist_0027,Dist_0138
53,Dist_0027,Retail_0027
54,Dist_0028,Dist_0139
55,Dist_0028,Retail_0028
56,Dist_0029,Dist_0140
57,Dist_0029,Retail_0029
58,Dist_0030,Dist_0141
59,Dist_0030,Retail_0030
60,Dist_0031,Dist_0142
61,Dist_0031,Retail_0031
62,Dist_0032,Dist_0143
63,Dist_0032,Retail_0032
64,Dist_0033,Dist_0144
65,Dist_0033,Retail_0033
66,Dist_0034,Dist_0145
67,Dist_0034,Retail_0034
68,Dist_0035,Dist_0146
69,Dist_0035,Retail_0035
70,Dist_0036,Dist_0147
71,Dist_0036,Retail_0036
72,Dist_0037,Dist_0148
73,Dist_0037,Retail_0037
74,Dist_0038,Dist_0149
75,Dist_0038,Retail_0038
76,Dist_0039,Dist_0150
77,Dist_0039,Retail_0039
78,Dist_0040,Dist_0151
79,Dist_0040,Retail_0040
80,Dist_0041,Dist_0152
81,Dist_0041,Retail_0041
82,Dist_0042,Dist_0153
83,Dist_0042,Retail_0042
84,Dist_0043,Dist_0154
85,Dist_0043,Retail_0043
86,Dist_0044,Dist_0155
87,Dist_0044,Retail_0044
88,Dist_0045,Dist_0156
89,Dist_0045,Retail_0045
90,Dist_0046,Dist_0157
91,Dist_0046,Retail_0046
92,Dist_0047,Dist_0158
93,Dist_0047,Retail_0047
94,Dist_0048,Dist_0159
95,Dist_0048,Retail_0048
96,Dist_0049,Dist_0160
97,Dist_0049,Retail_0049
98,Dist_0050,Dist_0161
99,Dist_0050,Retail_0050
100,Dist_0051,Dist_0162
101,Dist_0051,Retail_0051
102,Dist_0052,Dist_0163
103,Dist_0052,Retail_0052
104,Dist_0053,Dist_0164
105,Dist_0053,Retail_0053
106,Dist_0054,Dist_0165
107,Dist_0054,Retail_0054
108,Dist_0055,Dist_0166
109,Dist_0055,Retail_0055
110,Dist_0056,Dist_0167
111,Dist_0056,Retail_0056
112,Dist_0057,Dist_0168
113,Dist_0057,Retail_0057
114,Dist_0058,Dist_0169
115,Dist_0058,Retail_0058
116,Dist_0059,Dist_0170
117,Dist_0059,Retail_0059
118,Dist_0060,Dist_0171
119,Dist_0060,Retail_0060
120,Dist_0061,Dist_0172
121,Dist_0061,Retail_0061
122,Dist_0062,Dist_0173
123,Dist_0062,Retail_0062
124,Dist_0063,Dist_0174
125,Dist_0063,Retail_0063
126,Dist_0064,Dist_0175
127,Dist_0064,Retail_0064
128,Dist_0065,Dist_0176
129,Dist_0065,Retail_0065
130,Dist_0066,Dist_0177
131,Dist_0066,Retail_0066
132,Dist_0067,Dist_0178
133,Dist_0067,Retail_0067
134,Dist_0068,Dist_0179
135,Dist_0068,Retail_0068
136,Dist_0069,Dist_0180
137,Dist_0069,Retail_0069
138,Dist_0070,Dist_0181
139,Dist_0070,Retail_0070
140,Dist_0071,Dist_0182
141,Dist_0071,Retail_0071
142,Dist_0072,Dist_0183
143,Dist_0072,Retail_0072
144,Dist_0073,Dist_0184
145,Dist_0073,Retail_0073
146,Dist_0074,Dist_0185
147,Dist_0074,Retail_0074
148,Dist_0075,Dist_0186
149,Dist_0075,Retail_0075
150,Dist_0076,Dist_0187
151,Dist_0076,Retail_0076
152,Dist_0077,Dist_0188
153,Dist_0077,Retail_0077
154,Dist_0078,Dist_0189
155,Dist_0078,Retail_0078
156,Dist_0079,Dist_0190
157,Dist_0079,Retail_0079
158,Dist_0080,Dist_0191
159,Dist_0080,Retail_0080
160,Dist_0081,Dist_0192
161,Dist_0081,Retail_0081
162,Dist_0082,Dist_0193
163,Dist_0082,Retail_0082
164,Dist_0083,Dist_0194
165,Dist_0083,Retail_0083
166,Dist_0084,Dist_0195
167,Dist_0084,Retail_0084
168,Dist_0085,Dist_0196
169,Dist_0085,Retail_0085
170,Dist_0086,Dist_0197
171,Dist_0086,Retail_0086
172,Dist_0087,Dist_0198
173,Dist_0087,Retail_0087
174,Dist_0088,Dist_0199
175,Dist_0088,Retail_0088
176,Dist_0089,Dist_0200
177,Dist_0089,Retail_0089
178,Dist_0090,Dist_0201
179,Dist_0090,Retail_0090
180,Dist_0091,Dist_0202
181,Dist_0091,Retail_0091
182,Dist_0092,Dist_0203
183,Dist_0092,Retail_0092
184,Dist_0093,Dist_0204
185,Dist_0093,Retail_0093
186,Dist_0094,Dist_0205
187,Dist_0094,Retail_0094
188,Dist_0095,Dist_0206
189,Dist_0095,Retail_0095
190,Dist_0096,Dist_0207
191,Dist_0096,Retail_0096
192,Dist_0097,Dist_0208
193,Dist_0097,Retail_0097
194,Dist_0098,Dist_0209
195,Dist_0098,Retail_0098
196,Dist_0099,Dist_0210
197,Dist_0099,Retail_0099
198,Dist_0100,Dist_0211
199,Dist_0100,Retail_0100
200,Dist_0101,Dist_0212
201,Dist_0101,Retail_0101
202,Dist_0102,Dist_0213
203,Dist_0102,Retail_0102
204,Dist_0103,Dist_0214
205,Dist_0103,Retail_0103
206,Dist_0104,Dist_0215
207,Dist_0104,Retail_0104
208,Dist_0105,Dist_0216
209,Dist_0105,Retail_0105
210,Dist_0106,Dist_0217
211,Dist_0106,Retail_0106
212,Dist_0107,Dist_0218
213,Dist_0107,Retail_0107
214,Dist_0108,Dist_0219
215,Dist_0108,Retail_0108
216,Dist_0109,Dist_0220
217,Dist_0109,Retail_0109
218,Dist_0110,Dist_0221
219,Dist_0110,Retail_0110
220,Dist_0111,Dist_0222
221,Dist_0111,Retail_0111
222,Manuf_0001,Manuf_0097
223,Manuf_0002,Manuf_0098
224,Manuf_0002,Manuf_0143
225,Manuf_0003,Manuf_0101
226,Manuf_0004,Manuf_0102
227,Manuf_0005,Manuf_0103
228,Manuf_0005,Part_0135
229,Manuf_0006,Manuf_0105
230,Manuf_0006,Manuf_0153
231,Manuf_0007,Manuf_0106
232,Manuf_0008,Manuf_0107
233,Manuf_0008,Manuf_0155
234,Manuf_0008,Manuf_0222
235,Manuf_0009,Manuf_0108
236,Manuf_0010,Manuf_0109
237,Manuf_0010,Manuf_0152
238,Manuf_0011,Manuf_0110
239,Manuf_0012,Manuf_0111
240,Manuf_0013,Manuf_0112
241,Manuf_0014,Manuf_0113
242,Manuf_0014,Manuf_0157
243,Manuf_0015,Manuf_0114
244,Manuf_0016,Manuf_0115
245,Manuf_0016,Manuf_0127
246,Manuf_0017,Manuf_0116
247,Manuf_0018,Manuf_0117
248,Manuf_0018,Manuf_0136
249,Manuf_0019,Manuf_0118
250,Manuf_0019,Manuf_0121
251,Manuf_0019,Manuf_0138
252,Manuf_0020,Manuf_0119
253,Manuf_0021,Manuf_0120
254,Manuf_0021,Manuf_0140
255,Manuf_0022,Manuf_0122
256,Manuf_0023,Manuf_0123
257,Manuf_0024,Manuf_0124
258,Manuf_0025,Manuf_0125
259,Manuf_0025,Manuf_0217
260,Manuf_0026,Manuf_0126
261,Manuf_0027,Manuf_0128
262,Manuf_0028,Manuf_0129
263,Manuf_0029,Manuf_0130
264,Manuf_0030,Manuf_0132
265,Manuf_0031,Manuf_0100
266,Manuf_0031,Manuf_0133
267,Manuf_0031,Manuf_0199
268,Manuf_0032,Manuf_0134
269,Manuf_0033,Manuf_0135
270,Manuf_0034,Manuf_0137
271,Manuf_0035,Manuf_0141
272,Manuf_0036,Manuf_0142
273,Manuf_0037,Manuf_0145
274,Manuf_0037,Manuf_0205
275,Manuf_0038,Manuf_0146
276,Manuf_0039,Manuf_0147
277,Manuf_0040,Manuf_0148
278,Manuf_0040,Manuf_0207
279,Manuf_0041,Manuf_0149
280,Manuf_0042,Manuf_0150
281,Manuf_0043,Manuf_0151
282,Manuf_0044,Manuf_0154
283,Manuf_0045,Manuf_0156
284,Manuf_0046,Manuf_0158
285,Manuf_0047,Manuf_0159
286,Manuf_0048,Manuf_0160
287,Manuf_0048,Manuf_0213
288,Manuf_0049,Manuf_0161
289,Manuf_0050,Manuf_0162
290,Manuf_0051,Manuf_0163
291,Manuf_0052,Manuf_0166
292,Manuf_0053,Manuf_0167
293,Manuf_0054,Manuf_0169
294,Manuf_0055,Manuf_0170
295,Manuf_0056,Manuf_0171
296,Manuf_0057,Manuf_0172
297,Manuf_0058,Manuf_0173
298,Manuf_0059,Manuf_0174
299,Manuf_0060,Manuf_0175
300,Manuf_0061,Manuf_0176
301,Manuf_0062,Manuf_0177
302,Manuf_0063,Manuf_0178
303,Manuf_0064,Manuf_0179
304,Manuf_0065,Manuf_0180
305,Manuf_0066,Manuf_0181
306,Manuf_0067,Manuf_0182
307,Manuf_0068,Manuf_0183
308,Manuf_0069,Manuf_0184
309,Manuf_0070,Manuf_0185
310,Manuf_0071,Manuf_0186
311,Manuf_0072,Manuf_0187
312,Manuf_0073,Manuf_0188
313,Manuf_0074,Manuf_0189
314,Manuf_0075,Manuf_0190
315,Manuf_0076,Manuf_0191
316,Manuf_0077,Manuf_0192
317,Manuf_0078,Manuf_0193
318,Manuf_0079,Manuf_0194
319,Manuf_0080,Manuf_0195
320,Manuf_0081,Manuf_0196
321,Manuf_0082,Manuf_0197
322,Manuf_0083,Manuf_0198
323,Manuf_0084,Manuf_0200
324,Manuf_0084,Manuf_0208
325,Manuf_0085,Manuf_0202
326,Manuf_0086,Manuf_0204
327,Manuf_0086,Manuf_0214
328,Manuf_0087,Manuf_0209
329,Manuf_0088,Manuf_0210
330,Manuf_0089,Manuf_0211
331,Manuf_0090,Manuf_0212
332,Manuf_0091,Manuf_0215
333,Manuf_0092,Manuf_0216
334,Manuf_0093,Manuf_0218
335,Manuf_0094,Manuf_0219
336,Manuf_0095,Manuf_0220
337,Manuf_0096,Manuf_0221
338,Manuf_0097,Dist_0001
339,Manuf_0098,Dist_0002
340,Manuf_0099,Dist_0003
341,Manuf_0100,Dist_0004
342,Manuf_0101,Dist_0005
343,Manuf_0102,Dist_0006
344,Manuf_0103,Dist_0007
345,Manuf_0104,Dist_0008
346,Manuf_0105,Dist_0009
347,Manuf_0106,Dist_0010
348,Manuf_0107,Dist_0011
349,Manuf_0108,Dist_0012
350,Manuf_0109,Dist_0013
351,Manuf_0110,Dist_0014
352,Manuf_0111,Dist_0015
353,Manuf_0112,Dist_0016
354,Manuf_0113,Dist_0017
355,Manuf_0114,Dist_0018
356,Manuf_0115,Dist_0019
357,Manuf_0116,Dist_0020
358,Manuf_0117,Dist_0021
359,Manuf_0118,Dist_0022
360,Manuf_0119,Dist_0023
361,Manuf_0119,Dist_0089
362,Manuf_0120,Dist_0023
363,Manuf_0120,Dist_0089
364,Manuf_0121,Dist_0023
365,Manuf_0121,Dist_0089
366,Manuf_0122,Dist_0024
367,Manuf_0122,Dist_0090
368,Manuf_0123,Dist_0024
369,Manuf_0123,Dist_0090
370,Manuf_0124,Dist_0024
371,Manuf_0124,Dist_0090
372,Manuf_0125,Dist_0025
373,Manuf_0125,Dist_0091
374,Manuf_0126,Dist_0025
375,Manuf_0126,Dist_0091
376,Manuf_0127,Dist_0025
377,Manuf_0127,Dist_0091
378,Manuf_0128,Dist_0026
379,Manuf_0128,Dist_0092
380,Manuf_0129,Dist_0026
381,Manuf_0129,Dist_0092
382,Manuf_0130,Dist_0026
383,Manuf_0130,Dist_0092
384,Manuf_0131,Dist_0027
385,Manuf_0131,Dist_0093
386,Manuf_0132,Dist_0027
387,Manuf_0132,Dist_0093
388,Manuf_0133,Dist_0027
389,Manuf_0133,Dist_0093
390,Manuf_0134,Dist_0028
391,Manuf_0134,Dist_0078
392,Manuf_0135,Dist_0028
393,Manuf_0135,Dist_0078
394,Manuf_0136,Dist_0028
395,Manuf_0136,Dist_0078
396,Manuf_0137,Dist_0028
397,Manuf_0137,Dist_0078
398,Manuf_0138,Dist_0029
399,Manuf_0138,Dist_0079
400,Manuf_0138,Dist_0107
401,Manuf_0139,Dist_0029
402,Manuf_0139,Dist_0079
403,Manuf_0139,Dist_0107
404,Manuf_0140,Dist_0029
405,Manuf_0140,Dist_0079
406,Manuf_0140,Dist_0107
407,Manuf_0141,Dist_0029
408,Manuf_0141,Dist_0079
409,Manuf_0141,Dist_0107
410,Manuf_0142,Dist_0030
411,Manuf_0142,Dist_0080
412,Manuf_0143,Dist_0030
413,Manuf_0143,Dist_0032
414,Manuf_0143,Dist_0080
415,Manuf_0143,Dist_0082
416,Manuf_0144,Dist_0030
417,Manuf_0144,Dist_0080
418,Manuf_0144,Dist_0084
419,Manuf_0145,Dist_0030
420,Manuf_0145,Dist_0080
421,Manuf_0145,Dist_0083
422,Manuf_0145,Dist_0084
423,Manuf_0146,Dist_0031
424,Manuf_0146,Dist_0081
425,Manuf_0146,Dist_0109
426,Manuf_0147,Dist_0031
427,Manuf_0147,Dist_0081
428,Manuf_0147,Dist_0109
429,Manuf_0148,Dist_0031
430,Manuf_0148,Dist_0081
431,Manuf_0148,Dist_0109
432,Manuf_0149,Dist_0032
433,Manuf_0149,Dist_0082
434,Manuf_0150,Dist_0032
435,Manuf_0150,Dist_0082
436,Manuf_0151,Dist_0032
437,Manuf_0151,Dist_0082
438,Manuf_0152,Dist_0033
439,Manuf_0152,Dist_0084
440,Manuf_0152,Dist_0085
441,Manuf_0153,Dist_0033
442,Manuf_0153,Dist_0085
443,Manuf_0154,Dist_0033
444,Manuf_0154,Dist_0085
445,Manuf_0155,Dist_0033
446,Manuf_0155,Dist_0085
447,Manuf_0156,Dist_0034
448,Manuf_0156,Dist_0086
449,Manuf_0157,Dist_0034
450,Manuf_0157,Dist_0086
451,Manuf_0158,Dist_0034
452,Manuf_0158,Dist_0086
453,Manuf_0159,Dist_0034
454,Manuf_0159,Dist_0086
455,Manuf_0160,Dist_0035
456,Manuf_0160,Dist_0087
457,Manuf_0161,Dist_0035
458,Manuf_0161,Dist_0087
459,Manuf_0162,Dist_0035
460,Manuf_0162,Dist_0087
461,Manuf_0163,Dist_0035
462,Manuf_0163,Dist_0087
463,Manuf_0164,Dist_0036
464,Manuf_0164,Dist_0088
465,Manuf_0164,Dist_0110
466,Manuf_0165,Dist_0036
467,Manuf_0165,Dist_0088
468,Manuf_0165,Dist_0110
469,Manuf_0166,Dist_0036
470,Manuf_0166,Dist_0088
471,Manuf_0166,Dist_0110
472,Manuf_0167,Dist_0036
473,Manuf_0167,Dist_0088
474,Manuf_0167,Dist_0110
475,Manuf_0168,Dist_0037
476,Manuf_0168,Dist_0075
477,Manuf_0169,Dist_0037
478,Manuf_0169,Dist_0075
479,Manuf_0170,Dist_0037
480,Manuf_0170,Dist_0075
481,Manuf_0171,Dist_0038
482,Manuf_0171,Dist_0076
483,Manuf_0172,Dist_0038
484,Manuf_0172,Dist_0076
485,Manuf_0173,Dist_0038
486,Manuf_0173,Dist_0076
487,Manuf_0174,Dist_0039
488,Manuf_0174,Dist_0077
489,Manuf_0175,Dist_0039
490,Manuf_0175,Dist_0077
491,Manuf_0176,Dist_0039
492,Manuf_0176,Dist_0077
493,Manuf_0177,Dist_0040
494,Manuf_0177,Dist_0060
495,Manuf_0178,Dist_0041
496,Manuf_0178,Dist_0061
497,Manuf_0179,Dist_0042
498,Manuf_0179,Dist_0062
499,Manuf_0180,Dist_0043
500,Manuf_0180,Dist_0063
501,Manuf_0181,Dist_0044
502,Manuf_0181,Dist_0064
503,Manuf_0182,Dist_0045
504,Manuf_0182,Dist_0065
505,Manuf_0183,Dist_0046
506,Manuf_0183,Dist_0066
507,Manuf_0184,Dist_0047
508,Manuf_0184,Dist_0068
509,Manuf_0185,Dist_0048
510,Manuf_0185,Dist_0070
511,Manuf_0186,Dist_0049
512,Manuf_0186,Dist_0069
513,Manuf_0187,Dist_0050
514,Manuf_0187,Dist_0071
515,Manuf_0188,Dist_0051
516,Manuf_0188,Dist_0072
517,Manuf_0189,Dist_0052
518,Manuf_0189,Dist_0056
519,Manuf_0190,Dist_0073
520,Manuf_0191,Dist_0053
521,Manuf_0191,Dist_0057
522,Manuf_0192,Dist_0074
523,Manuf_0193,Dist_0074
524,Manuf_0194,Dist_0074
525,Manuf_0195,Dist_0054
526,Manuf_0195,Dist_0058
527,Manuf_0196,Dist_0055
528,Manuf_0196,Dist_0059
529,Manuf_0197,Dist_0067
530,Manuf_0198,Dist_0083
531,Manuf_0199,Dist_0083
532,Manuf_0200,Dist_0083
533,Manuf_0201,Dist_0084
534,Manuf_0201,Dist_0108
535,Manuf_0202,Dist_0094
536,Manuf_0203,Dist_0094
537,Manuf_0204,Dist_0094
538,Manuf_0205,Dist_0095
539,Manuf_0205,Dist_0096
540,Manuf_0206,Dist_0095
541,Manuf_0207,Dist_0095
542,Manuf_0208,Dist_0096
543,Manuf_0209,Dist_0096
544,Manuf_0210,Dist_0098
545,Manuf_0210,Dist_0100
546,Manuf_0211,Dist_0101
547,Manuf_0212,Dist_0102
548,Manuf_0213,Dist_0103
549,Manuf_0214,Dist_0104
550,Manuf_0215,Dist_0105
551,Manuf_0216,Dist_0106
552,Manuf_0217,Dist_0108
553,Manuf_0218,Dist_0108
554,Manuf_0219,Dist_0108
555,Manuf_0220,Dist_0111
556,Manuf_0221,Dist_0111
557,Manuf_0222,Dist_0111
558,Part_0001,Manuf_0001
559,Part_0001,Manuf_0002
560,Part_0001,Manuf_0003
561,Part_0001,Manuf_0004
562,Part_0001,Manuf_0005
563,Part_0001,Manuf_0006
564,Part_0001,Manuf_0007
565,Part_0001,Manuf_0008
566,Part_0001,Manuf_0009
567,Part_0001,Manuf_0010
568,Part_0001,Manuf_0011
569,Part_0001,Manuf_0012
570,Part_0001,Manuf_0013
571,Part_0001,Manuf_0014
572,Part_0001,Manuf_0015
573,Part_0001,Manuf_0016
574,Part_0001,Manuf_0017
575,Part_0001,Manuf_0018
576,Part_0001,Manuf_0019
577,Part_0001,Manuf_0020
578,Part_0001,Manuf_0021
579,Part_0001,Manuf_0022
580,Part_0001,Manuf_0023
581,Part_0001,Manuf_0024
582,Part_0001,Manuf_0025
583,Part_0001,Manuf_0026
584,Part_0001,Manuf_0027
585,Part_0001,Manuf_0028
586,Part_0001,Manuf_0029
587,Part_0001,Manuf_0030
588,Part_0001,Manuf_0031
589,Part_0001,Manuf_0032
590,Part_0001,Manuf_0033
591,Part_0001,Manuf_0034
592,Part_0001,Manuf_0035
593,Part_0001,Manuf_0036
594,Part_0001,Manuf_0037
595,Part_0001,Manuf_0038
596,Part_0001,Manuf_0039
597,Part_0001,Manuf_0040
598,Part_0001,Manuf_0041
599,Part_0001,Manuf_0042
600,Part_0001,Manuf_0043
601,Part_0001,Manuf_0044
602,Part_0001,Manuf_0045
603,Part_0001,Manuf_0046
604,Part_0001,Manuf_0047
605,Part_0001,Manuf_0048
606,Part_0001,Manuf_0049
607,Part_0001,Manuf_0050
608,Part_0001,Manuf_0051
609,Part_0001,Manuf_0052
610,Part_0001,Manuf_0053
611,Part_0001,Manuf_0083
612,Part_0001,Manuf_0084
613,Part_0001,Manuf_0085
614,Part_0001,Manuf_0086
615,Part_0001,Manuf_0087
616,Part_0001,Manuf_0089
617,Part_0001,Manuf_0090
618,Part_0001,Manuf_0091
619,Part_0001,Manuf_0092
620,Part_0001,Manuf_0093
621,Part_0001,Manuf_0094
622,Part_0001,Manuf_0095
623,Part_0001,Manuf_0096
624,Part_0002,Manuf_0001
625,Part_0002,Manuf_0043
626,Part_0002,Manuf_0089
627,Part_0003,Manuf_0003
628,Part_0004,Manuf_0004
629,Part_0004,Manuf_0038
630,Part_0004,Manuf_0039
631,Part_0004,Manuf_0090
632,Part_0004,Manuf_0091
633,Part_0005,Manuf_0004
634,Part_0005,Manuf_0036
635,Part_0005,Manuf_0053
636,Part_0006,Manuf_0005
637,Part_0006,Manuf_0007
638,Part_0006,Manuf_0044
639,Part_0006,Manuf_0052
640,Part_0006,Manuf_0053
641,Part_0007,Manuf_0011
642,Part_0008,Manuf_0011
643,Part_0009,Manuf_0013
644,Part_0009,Manuf_0053
645,Part_0010,Manuf_0017
646,Part_0011,Manuf_0018
647,Part_0012,Manuf_0019
648,Part_0012,Manuf_0045
649,Part_0013,Manuf_0021
650,Part_0014,Manuf_0023
651,Part_0014,Manuf_0032
652,Part_0014,Manuf_0066
653,Part_0015,Manuf_0024
654,Part_0016,Manuf_0024
655,Part_0017,Manuf_0027
656,Part_0018,Manuf_0028
657,Part_0019,Manuf_0029
658,Part_0020,Manuf_0029
659,Part_0021,Manuf_0029
660,Part_0022,Manuf_0029
661,Part_0023,Manuf_0039
662,Part_0023,Manuf_0040
663,Part_0024,Manuf_0047
664,Part_0024,Manuf_0059
665,Part_0024,Manuf_0067
666,Part_0024,Manuf_0068
667,Part_0024,Manuf_0077
668,Part_0024,Manuf_0079
669,Part_0025,Manuf_0053
670,Part_0026,Manuf_0055
671,Part_0026,Manuf_0059
672,Part_0026,Manuf_0075
673,Part_0027,Manuf_0059
674,Part_0028,Manuf_0071
675,Part_0029,Manuf_0091
676,Part_0030,Manuf_0097
677,Part_0030,Manuf_0098
678,Part_0030,Manuf_0099
679,Part_0030,Manuf_0100
680,Part_0030,Manuf_0101
681,Part_0030,Manuf_0102
682,Part_0030,Manuf_0103
683,Part_0030,Manuf_0104
684,Part_0030,Manuf_0105
685,Part_0030,Manuf_0106
686,Part_0030,Manuf_0107
687,Part_0030,Manuf_0108
688,Part_0030,Manuf_0109
689,Part_0030,Manuf_0110
690,Part_0030,Manuf_0111
691,Part_0030,Manuf_0112
692,Part_0030,Manuf_0113
693,Part_0030,Manuf_0114
694,Part_0030,Manuf_0115
695,Part_0030,Manuf_0116
696,Part_0030,Manuf_0117
697,Part_0030,Manuf_0118
698,Part_0030,Manuf_0211
699,Part_0030,Manuf_0212
700,Part_0030,Manuf_0213
701,Part_0030,Manuf_0214
702,Part_0030,Manuf_0215
703,Part_0030,Manuf_0216
704,Part_0031,Manuf_0099
705,Part_0032,Manuf_0104
706,Part_0032,Manuf_0164
707,Part_0033,Manuf_0119
708,Part_0033,Manuf_0120
709,Part_0033,Manuf_0121
710,Part_0033,Manuf_0122
711,Part_0033,Manuf_0123
712,Part_0033,Manuf_0124
713,Part_0033,Manuf_0125
714,Part_0033,Manuf_0126
715,Part_0033,Manuf_0127
716,Part_0033,Manuf_0128
717,Part_0033,Manuf_0129
718,Part_0033,Manuf_0130
719,Part_0033,Manuf_0131
720,Part_0033,Manuf_0132
721,Part_0033,Manuf_0133
722,Part_0033,Manuf_0202
723,Part_0033,Manuf_0203
724,Part_0033,Manuf_0204
725,Part_0033,Manuf_0205
726,Part_0033,Manuf_0206
727,Part_0033,Manuf_0207
728,Part_0033,Manuf_0208
729,Part_0033,Manuf_0209
730,Part_0034,Manuf_0131
731,Part_0034,Manuf_0144
732,Part_0035,Manuf_0134
733,Part_0035,Manuf_0135
734,Part_0035,Manuf_0136
735,Part_0035,Manuf_0137
736,Part_0035,Manuf_0138
737,Part_0035,Manuf_0139
738,Part_0035,Manuf_0140
739,Part_0035,Manuf_0141
740,Part_0035,Manuf_0142
741,Part_0035,Manuf_0143
742,Part_0035,Manuf_0144
743,Part_0035,Manuf_0145
744,Part_0035,Manuf_0146
745,Part_0035,Manuf_0147
746,Part_0035,Manuf_0148
747,Part_0035,Manuf_0149
748,Part_0035,Manuf_0150
749,Part_0035,Manuf_0151
750,Part_0035,Manuf_0152
751,Part_0035,Manuf_0153
752,Part_0035,Manuf_0154
753,Part_0035,Manuf_0155
754,Part_0035,Manuf_0156
755,Part_0035,Manuf_0157
756,Part_0035,Manuf_0158
757,Part_0035,Manuf_0159
758,Part_0035,Manuf_0160
759,Part_0035,Manuf_0161
760,Part_0035,Manuf_0162
761,Part_0035,Manuf_0163
762,Part_0035,Manuf_0164
763,Part_0035,Manuf_0165
764,Part_0035,Manuf_0166
765,Part_0035,Manuf_0167
766,Part_0035,Manuf_0198
767,Part_0035,Manuf_0199
768,Part_0035,Manuf_0200
769,Part_0035,Manuf_0201
770,Part_0035,Manuf_0217
771,Part_0035,Manuf_0218
772,Part_0035,Manuf_0219
773,Part_0035,Manuf_0220
774,Part_0035,Manuf_0221
775,Part_0035,Manuf_0222
776,Part_0035,Part_0135
777,Part_0036,Manuf_0139
778,Part_0037,Manuf_0165
779,Part_0038,Manuf_0168
780,Part_0038,Manuf_0171
781,Part_0038,Manuf_0174
782,Part_0038,Manuf_0192
783,Part_0039,Manuf_0168
784,Part_0040,Manuf_0169
785,Part_0040,Manuf_0170
786,Part_0040,Manuf_0172
787,Part_0040,Manuf_0173
788,Part_0040,Manuf_0175
789,Part_0040,Manuf_0176
790,Part_0040,Manuf_0193
791,Part_0040,Manuf_0194
792,Part_0041,Manuf_0177
793,Part_0041,Manuf_0178
794,Part_0041,Manuf_0179
795,Part_0041,Manuf_0180
796,Part_0041,Manuf_0181
797,Part_0041,Manuf_0182
798,Part_0041,Manuf_0183
799,Part_0041,Manuf_0184
800,Part_0041,Manuf_0185
801,Part_0041,Manuf_0186
802,Part_0041,Manuf_0187
803,Part_0041,Manuf_0188
804,Part_0041,Manuf_0189
805,Part_0041,Manuf_0190
806,Part_0041,Manuf_0191
807,Part_0041,Manuf_0195
808,Part_0041,Manuf_0196
809,Part_0041,Manuf_0197
810,Part_0041,Manuf_0210
811,Part_0042,Manuf_0201
812,Part_0043,Manuf_0203
813,Part_0044,Manuf_0206
814,Part_0045,Dist_0001
815,Part_0046,Dist_0001
816,Part_0047,Dist_0001
817,Part_0047,Dist_0002
818,Part_0047,Dist_0003
819,Part_0047,Dist_0004
820,Part_0047,Dist_0005
821,Part_0047,Dist_0006
822,Part_0047,Dist_0007
823,Part_0047,Dist_0008
824,Part_0047,Dist_0009
825,Part_0047,Dist_0010
826,Part_0047,Dist_0011
827,Part_0047,Dist_0012
828,Part_0047,Dist_0013
829,Part_0047,Dist_0014
830,Part_0047,Dist_0015
831,Part_0047,Dist_0016
832,Part_0047,Dist_0017
833,Part_0047,Dist_0018
834,Part_0047,Dist_0019
835,Part_0047,Dist_0020
836,Part_0047,Dist_0021
837,Part_0047,Dist_0022
838,Part_0047,Dist_0056
839,Part_0047,Dist_0057
840,Part_0047,Dist_0058
841,Part_0047,Dist_0059
842,Part_0047,Dist_0060
843,Part_0047,Dist_0061
844,Part_0047,Dist_0062
845,Part_0047,Dist_0063
846,Part_0047,Dist_0064
847,Part_0047,Dist_0065
848,Part_0047,Dist_0066
849,Part_0047,Dist_0067
850,Part_0047,Dist_0068
851,Part_0047,Dist_0069
852,Part_0047,Dist_0070
853,Part_0047,Dist_0071
854,Part_0047,Dist_0072
855,Part_0047,Dist_0073
856,Part_0047,Dist_0097
857,Part_0047,Dist_0098
858,Part_0047,Dist_0101
859,Part_0047,Dist_0102
860,Part_0047,Dist_0103
861,Part_0047,Dist_0104
862,Part_0047,Dist_0105
863,Part_0047,Dist_0106
864,Part_0048,Dist_0001
865,Part_0048,Dist_0002
866,Part_0048,Dist_0003
867,Part_0048,Dist_0004
868,Part_0048,Dist_0005
869,Part_0048,Dist_0006
870,Part_0048,Dist_0007
871,Part_0048,Dist_0008
872,Part_0048,Dist_0009
873,Part_0048,Dist_0010
874,Part_0048,Dist_0011
875,Part_0048,Dist_0012
876,Part_0048,Dist_0013
877,Part_0048,Dist_0014
878,Part_0048,Dist_0015
879,Part_0048,Dist_0016
880,Part_0048,Dist_0017
881,Part_0048,Dist_0018
882,Part_0048,Dist_0019
883,Part_0048,Dist_0020
884,Part_0048,Dist_0021
885,Part_0048,Dist_0022
886,Part_0048,Dist_0056
887,Part_0048,Dist_0057
888,Part_0048,Dist_0058
889,Part_0048,Dist_0059
890,Part_0048,Dist_0060
891,Part_0048,Dist_0061
892,Part_0048,Dist_0062
893,Part_0048,Dist_0063
894,Part_0048,Dist_0064
895,Part_0048,Dist_0065
896,Part_0048,Dist_0066
897,Part_0048,Dist_0067
898,Part_0048,Dist_0068
899,Part_0048,Dist_0069
900,Part_0048,Dist_0070
901,Part_0048,Dist_0071
902,Part_0048,Dist_0072
903,Part_0048,Dist_0073
904,Part_0048,Dist_0097
905,Part_0048,Dist_0098
906,Part_0048,Dist_0101
907,Part_0048,Dist_0102
908,Part_0048,Dist_0103
909,Part_0048,Dist_0104
910,Part_0048,Dist_0105
911,Part_0048,Dist_0106
912,Part_0049,Dist_0001
913,Part_0049,Dist_0002
914,Part_0049,Dist_0003
915,Part_0049,Dist_0004
916,Part_0049,Dist_0005
917,Part_0049,Dist_0006
918,Part_0049,Dist_0007
919,Part_0049,Dist_0008
920,Part_0049,Dist_0009
921,Part_0049,Dist_0010
922,Part_0049,Dist_0011
923,Part_0049,Dist_0012
924,Part_0049,Dist_0013
925,Part_0049,Dist_0014
926,Part_0049,Dist_0015
927,Part_0049,Dist_0016
928,Part_0049,Dist_0017
929,Part_0049,Dist_0018
930,Part_0049,Dist_0019
931,Part_0049,Dist_0020
932,Part_0049,Dist_0021
933,Part_0049,Dist_0022
934,Part_0049,Dist_0056
935,Part_0049,Dist_0057
936,Part_0049,Dist_0058
937,Part_0049,Dist_0059
938,Part_0049,Dist_0060
939,Part_0049,Dist_0061
940,Part_0049,Dist_0062
941,Part_0049,Dist_0063
942,Part_0049,Dist_0064
943,Part_0049,Dist_0065
944,Part_0049,Dist_0066
945,Part_0049,Dist_0067
946,Part_0049,Dist_0068
947,Part_0049,Dist_0069
948,Part_0049,Dist_0070
949,Part_0049,Dist_0071
950,Part_0049,Dist_0072
951,Part_0049,Dist_0073
952,Part_0049,Dist_0097
953,Part_0049,Dist_0098
954,Part_0049,Dist_0101
955,Part_0049,Dist_0102
956,Part_0049,Dist_0103
957,Part_0049,Dist_0104
958,Part_0049,Dist_0105
959,Part_0049,Dist_0106
960,Part_0050,Dist_0001
961,Part_0050,Dist_0002
962,Part_0050,Dist_0003
963,Part_0050,Dist_0004
964,Part_0050,Dist_0005
965,Part_0050,Dist_0006
966,Part_0050,Dist_0007
967,Part_0050,Dist_0008
968,Part_0050,Dist_0009
969,Part_0050,Dist_0010
970,Part_0050,Dist_0011
971,Part_0050,Dist_0012
972,Part_0050,Dist_0013
973,Part_0050,Dist_0014
974,Part_0050,Dist_0015
975,Part_0050,Dist_0016
976,Part_0050,Dist_0017
977,Part_0050,Dist_0018
978,Part_0050,Dist_0019
979,Part_0050,Dist_0020
980,Part_0050,Dist_0021
981,Part_0050,Dist_0022
982,Part_0050,Dist_0023
983,Part_0050,Dist_0024
984,Part_0050,Dist_0025
985,Part_0050,Dist_0026
986,Part_0050,Dist_0027
987,Part_0050,Dist_0028
988,Part_0050,Dist_0029
989,Part_0050,Dist_0030
990,Part_0050,Dist_0031
991,Part_0050,Dist_0032
992,Part_0050,Dist_0033
993,Part_0050,Dist_0034
994,Part_0050,Dist_0035
995,Part_0050,Dist_0036
996,Part_0050,Dist_0078
997,Part_0050,Dist_0079
998,Part_0050,Dist_0080
999,Part_0050,Dist_0081
1000,Part_0050,Dist_0082
1001,Part_0050,Dist_0083
1002,Part_0050,Dist_0084
1003,Part_0050,Dist_0085
1004,Part_0050,Dist_0086
1005,Part_0050,Dist_0087
1006,Part_0050,Dist_0088
1007,Part_0050,Dist_0089
1008,Part_0050,Dist_0090
1009,Part_0050,Dist_0091
1010,Part_0050,Dist_0092
1011,Part_0050,Dist_0093
1012,Part_0050,Dist_0094
1013,Part_0050,Dist_0095
1014,Part_0050,Dist_0096
1015,Part_0050,Dist_0101
1016,Part_0050,Dist_0102
1017,Part_0050,Dist_0103
1018,Part_0050,Dist_0104
1019,Part_0050,Dist_0105
1020,Part_0050,Dist_0106
1021,Part_0050,Dist_0111
1022,Part_0051,Dist_0001
1023,Part_0051,Dist_0002
1024,Part_0051,Dist_0003
1025,Part_0051,Dist_0004
1026,Part_0051,Dist_0005
1027,Part_0051,Dist_0006
1028,Part_0051,Dist_0007
1029,Part_0051,Dist_0008
1030,Part_0051,Dist_0009
1031,Part_0051,Dist_0010
1032,Part_0051,Dist_0011
1033,Part_0051,Dist_0012
1034,Part_0051,Dist_0013
1035,Part_0051,Dist_0014
1036,Part_0051,Dist_0015
1037,Part_0051,Dist_0016
1038,Part_0051,Dist_0017
1039,Part_0051,Dist_0018
1040,Part_0051,Dist_0019
1041,Part_0051,Dist_0020
1042,Part_0051,Dist_0021
1043,Part_0051,Dist_0022
1044,Part_0051,Dist_0101
1045,Part_0051,Dist_0102
1046,Part_0051,Dist_0103
1047,Part_0051,Dist_0104
1048,Part_0051,Dist_0105
1049,Part_0051,Dist_0106
1050,Part_0052,Dist_0002
1051,Part_0053,Dist_0002
1052,Part_0054,Dist_0003
1053,Part_0055,Dist_0003
1054,Part_0056,Dist_0004
1055,Part_0057,Dist_0004
1056,Part_0058,Dist_0005
1057,Part_0059,Dist_0005
1058,Part_0060,Dist_0006
1059,Part_0061,Dist_0006
1060,Part_0062,Dist_0007
1061,Part_0063,Dist_0007
1062,Part_0064,Dist_0008
1063,Part_0065,Dist_0008
1064,Part_0066,Dist_0009
1065,Part_0067,Dist_0009
1066,Part_0068,Dist_0010
1067,Part_0069,Dist_0010
1068,Part_0070,Dist_0011
1069,Part_0071,Dist_0011
1070,Part_0072,Dist_0012
1071,Part_0073,Dist_0012
1072,Part_0074,Dist_0013
1073,Part_0075,Dist_0013
1074,Part_0076,Dist_0014
1075,Part_0077,Dist_0014
1076,Part_0078,Dist_0015
1077,Part_0079,Dist_0015
1078,Part_0080,Dist_0016
1079,Part_0081,Dist_0016
1080,Part_0082,Dist_0017
1081,Part_0083,Dist_0017
1082,Part_0084,Dist_0018
1083,Part_0085,Dist_0018
1084,Part_0086,Dist_0019
1085,Part_0087,Dist_0019
1086,Part_0088,Dist_0020
1087,Part_0089,Dist_0020
1088,Part_0090,Dist_0021
1089,Part_0091,Dist_0021
1090,Part_0092,Dist_0022
1091,Part_0093,Dist_0022
1092,Part_0094,Dist_0023
1093,Part_0095,Dist_0023
1094,Part_0096,Dist_0023
1095,Part_0096,Dist_0024
1096,Part_0096,Dist_0025
1097,Part_0096,Dist_0026
1098,Part_0096,Dist_0027
1099,Part_0096,Dist_0028
1100,Part_0096,Dist_0029
1101,Part_0096,Dist_0030
1102,Part_0096,Dist_0031
1103,Part_0096,Dist_0032
1104,Part_0096,Dist_0033
1105,Part_0096,Dist_0034
1106,Part_0096,Dist_0035
1107,Part_0096,Dist_0036
1108,Part_0097,Dist_0023
1109,Part_0097,Dist_0024
1110,Part_0097,Dist_0025
1111,Part_0097,Dist_0026
1112,Part_0097,Dist_0027
1113,Part_0097,Dist_0028
1114,Part_0097,Dist_0029
1115,Part_0097,Dist_0030
1116,Part_0097,Dist_0031
1117,Part_0097,Dist_0032
1118,Part_0097,Dist_0033
1119,Part_0097,Dist_0034
1120,Part_0097,Dist_0035
1121,Part_0097,Dist_0036
1122,Part_0098,Dist_0023
1123,Part_0098,Dist_0089
1124,Part_0099,Dist_0023
1125,Part_0099,Dist_0024
1126,Part_0099,Dist_0025
1127,Part_0099,Dist_0026
1128,Part_0099,Dist_0027
1129,Part_0099,Dist_0028
1130,Part_0099,Dist_0029
1131,Part_0099,Dist_0030
1132,Part_0099,Dist_0031
1133,Part_0099,Dist_0032
1134,Part_0099,Dist_0033
1135,Part_0099,Dist_0034
1136,Part_0099,Dist_0035
1137,Part_0099,Dist_0036
1138,Part_0100,Dist_0023
1139,Part_0100,Dist_0024
1140,Part_0100,Dist_0025
1141,Part_0100,Dist_0026
1142,Part_0100,Dist_0027
1143,Part_0100,Dist_0028
1144,Part_0100,Dist_0029
1145,Part_0100,Dist_0030
1146,Part_0100,Dist_0031
1147,Part_0100,Dist_0032
1148,Part_0100,Dist_0033
1149,Part_0100,Dist_0034
1150,Part_0100,Dist_0035
1151,Part_0100,Dist_0036
1152,Part_0101,Dist_0023
1153,Part_0101,Dist_0024
1154,Part_0101,Dist_0025
1155,Part_0101,Dist_0026
1156,Part_0101,Dist_0027
1157,Part_0101,Dist_0089
1158,Part_0101,Dist_0090
1159,Part_0101,Dist_0091
1160,Part_0101,Dist_0092
1161,Part_0101,Dist_0093
1162,Part_0101,Dist_0094
1163,Part_0101,Dist_0095
1164,Part_0101,Dist_0096
1165,Part_0102,Dist_0023
1166,Part_0102,Dist_0089
1167,Part_0103,Dist_0024
1168,Part_0104,Dist_0024
1169,Part_0105,Dist_0024
1170,Part_0105,Dist_0090
1171,Part_0106,Dist_0024
1172,Part_0106,Dist_0090
1173,Part_0107,Dist_0025
1174,Part_0108,Dist_0025
1175,Part_0108,Dist_0091
1176,Part_0109,Dist_0025
1177,Part_0109,Dist_0091
1178,Part_0110,Dist_0026
1179,Part_0111,Dist_0026
1180,Part_0112,Dist_0026
1181,Part_0112,Dist_0092
1182,Part_0113,Dist_0026
1183,Part_0113,Dist_0092
1184,Part_0114,Dist_0027
1185,Part_0115,Dist_0027
1186,Part_0116,Dist_0027
1187,Part_0116,Dist_0093
1188,Part_0117,Dist_0027
1189,Part_0117,Dist_0093
1190,Part_0118,Dist_0028
1191,Part_0119,Dist_0028
1192,Part_0120,Dist_0028
1193,Part_0120,Dist_0029
1194,Part_0120,Dist_0030
1195,Part_0120,Dist_0031
1196,Part_0120,Dist_0032
1197,Part_0120,Dist_0033
1198,Part_0120,Dist_0034
1199,Part_0120,Dist_0035
1200,Part_0120,Dist_0036
1201,Part_0120,Dist_0078
1202,Part_0120,Dist_0079
1203,Part_0120,Dist_0080
1204,Part_0120,Dist_0081
1205,Part_0120,Dist_0082
1206,Part_0120,Dist_0083
1207,Part_0120,Dist_0084
1208,Part_0120,Dist_0085
1209,Part_0120,Dist_0086
1210,Part_0120,Dist_0087
1211,Part_0120,Dist_0088
1212,Part_0120,Dist_0111
1213,Part_0121,Dist_0028
1214,Part_0121,Dist_0029
1215,Part_0121,Dist_0030
1216,Part_0121,Dist_0031
1217,Part_0121,Dist_0032
1218,Part_0121,Dist_0033
1219,Part_0121,Dist_0034
1220,Part_0121,Dist_0035
1221,Part_0121,Dist_0036
1222,Part_0121,Dist_0078
1223,Part_0121,Dist_0079
1224,Part_0121,Dist_0080
1225,Part_0121,Dist_0081
1226,Part_0121,Dist_0082
1227,Part_0121,Dist_0083
1228,Part_0121,Dist_0084
1229,Part_0121,Dist_0085
1230,Part_0121,Dist_0086
1231,Part_0121,Dist_0087
1232,Part_0121,Dist_0088
1233,Part_0121,Dist_0089
1234,Part_0121,Dist_0090
1235,Part_0121,Dist_0091
1236,Part_0121,Dist_0092
1237,Part_0121,Dist_0093
1238,Part_0121,Dist_0094
1239,Part_0121,Dist_0095
1240,Part_0121,Dist_0096
1241,Part_0121,Dist_0111
1242,Part_0122,Dist_0028
1243,Part_0122,Dist_0078
1244,Part_0123,Dist_0029
1245,Part_0124,Dist_0029
1246,Part_0125,Dist_0029
1247,Part_0125,Dist_0079
1248,Part_0126,Dist_0029
1249,Part_0126,Dist_0079
1250,Part_0127,Dist_0030
1251,Part_0128,Dist_0030
1252,Part_0129,Dist_0030
1253,Part_0129,Dist_0080
1254,Part_0130,Dist_0030
1255,Part_0130,Dist_0080
1256,Part_0131,Dist_0031
1257,Part_0132,Dist_0031
1258,Part_0133,Dist_0031
1259,Part_0133,Dist_0081
1260,Part_0134,Dist_0031
1261,Part_0134,Dist_0081
1262,Part_0135,Dist_0031
1263,Part_0135,Dist_0081
1264,Part_0135,Dist_0109
1265,Part_0136,Dist_0032
1266,Part_0137,Dist_0032
1267,Part_0138,Dist_0032
1268,Part_0138,Dist_0082
1269,Part_0139,Dist_0032
1270,Part_0139,Dist_0082
1271,Part_0140,Dist_0033
1272,Part_0141,Dist_0033
1273,Part_0142,Dist_0033
1274,Part_0142,Dist_0085
1275,Part_0143,Dist_0033
1276,Part_0143,Dist_0085
1277,Part_0144,Dist_0034
1278,Part_0145,Dist_0034
1279,Part_0146,Dist_0034
1280,Part_0146,Dist_0086
1281,Part_0147,Dist_0034
1282,Part_0147,Dist_0086
1283,Part_0148,Dist_0035
1284,Part_0149,Dist_0035
1285,Part_0150,Dist_0035
1286,Part_0150,Dist_0087
1287,Part_0151,Dist_0035
1288,Part_0151,Dist_0087
1289,Part_0152,Dist_0036
1290,Part_0153,Dist_0036
1291,Part_0154,Dist_0036
1292,Part_0154,Dist_0088
1293,Part_0155,Dist_0036
1294,Part_0155,Dist_0088
1295,Part_0156,Dist_0037
1296,Part_0157,Dist_0037
1297,Part_0158,Dist_0037
1298,Part_0158,Dist_0038
1299,Part_0158,Dist_0039
1300,Part_0159,Dist_0037
1301,Part_0159,Dist_0038
1302,Part_0159,Dist_0039
1303,Part_0160,Dist_0037
1304,Part_0160,Dist_0038
1305,Part_0160,Dist_0039
1306,Part_0161,Dist_0037
1307,Part_0161,Dist_0038
1308,Part_0161,Dist_0039
1309,Part_0161,Dist_0074
1310,Part_0161,Dist_0075
1311,Part_0161,Dist_0076
1312,Part_0161,Dist_0077
1313,Part_0162,Dist_0037
1314,Part_0162,Dist_0075
1315,Part_0163,Dist_0038
1316,Part_0164,Dist_0037
1317,Part_0164,Dist_0038
1318,Part_0164,Dist_0039
1319,Part_0164,Dist_0074
1320,Part_0164,Dist_0075
1321,Part_0164,Dist_0076
1322,Part_0164,Dist_0077
1323,Part_0165,Dist_0038
1324,Part_0166,Dist_0038
1325,Part_0166,Dist_0076
1326,Part_0167,Dist_0039
1327,Part_0168,Dist_0039
1328,Part_0169,Dist_0039
1329,Part_0169,Dist_0077
1330,Part_0170,Dist_0040
1331,Part_0171,Dist_0040
1332,Part_0172,Dist_0040
1333,Part_0172,Dist_0041
1334,Part_0172,Dist_0042
1335,Part_0172,Dist_0043
1336,Part_0172,Dist_0044
1337,Part_0172,Dist_0045
1338,Part_0172,Dist_0046
1339,Part_0172,Dist_0047
1340,Part_0172,Dist_0048
1341,Part_0172,Dist_0049
1342,Part_0172,Dist_0050
1343,Part_0172,Dist_0051
1344,Part_0172,Dist_0052
1345,Part_0172,Dist_0053
1346,Part_0172,Dist_0054
1347,Part_0172,Dist_0055
1348,Part_0172,Dist_0099
1349,Part_0172,Dist_0100
1350,Part_0173,Dist_0040
1351,Part_0173,Dist_0041
1352,Part_0173,Dist_0042
1353,Part_0173,Dist_0043
1354,Part_0173,Dist_0044
1355,Part_0173,Dist_0045
1356,Part_0173,Dist_0046
1357,Part_0173,Dist_0047
1358,Part_0173,Dist_0048
1359,Part_0173,Dist_0049
1360,Part_0173,Dist_0050
1361,Part_0173,Dist_0051
1362,Part_0173,Dist_0052
1363,Part_0173,Dist_0053
1364,Part_0173,Dist_0054
1365,Part_0173,Dist_0055
1366,Part_0173,Dist_0056
1367,Part_0173,Dist_0057
1368,Part_0173,Dist_0058
1369,Part_0173,Dist_0059
1370,Part_0173,Dist_0060
1371,Part_0173,Dist_0061
1372,Part_0173,Dist_0062
1373,Part_0173,Dist_0063
1374,Part_0173,Dist_0064
1375,Part_0173,Dist_0065
1376,Part_0173,Dist_0066
1377,Part_0173,Dist_0067
1378,Part_0173,Dist_0068
1379,Part_0173,Dist_0069
1380,Part_0173,Dist_0070
1381,Part_0173,Dist_0071
1382,Part_0173,Dist_0072
1383,Part_0173,Dist_0073
1384,Part_0174,Dist_0040
1385,Part_0174,Dist_0041
1386,Part_0174,Dist_0042
1387,Part_0174,Dist_0043
1388,Part_0174,Dist_0044
1389,Part_0174,Dist_0045
1390,Part_0174,Dist_0046
1391,Part_0174,Dist_0047
1392,Part_0174,Dist_0048
1393,Part_0174,Dist_0049
1394,Part_0174,Dist_0050
1395,Part_0174,Dist_0051
1396,Part_0174,Dist_0052
1397,Part_0174,Dist_0053
1398,Part_0174,Dist_0054
1399,Part_0174,Dist_0055
1400,Part_0175,Dist_0040
1401,Part_0175,Dist_0041
1402,Part_0175,Dist_0042
1403,Part_0175,Dist_0043
1404,Part_0175,Dist_0044
1405,Part_0175,Dist_0045
1406,Part_0175,Dist_0046
1407,Part_0175,Dist_0047
1408,Part_0175,Dist_0048
1409,Part_0175,Dist_0049
1410,Part_0175,Dist_0050
1411,Part_0175,Dist_0051
1412,Part_0175,Dist_0052
1413,Part_0175,Dist_0053
1414,Part_0175,Dist_0054
1415,Part_0175,Dist_0055
1416,Part_0175,Dist_0056
1417,Part_0175,Dist_0057
1418,Part_0175,Dist_0058
1419,Part_0175,Dist_0059
1420,Part_0175,Dist_0060
1421,Part_0175,Dist_0061
1422,Part_0175,Dist_0062
1423,Part_0175,Dist_0063
1424,Part_0175,Dist_0064
1425,Part_0175,Dist_0065
1426,Part_0175,Dist_0066
1427,Part_0175,Dist_0067
1428,Part_0175,Dist_0068
1429,Part_0175,Dist_0069
1430,Part_0175,Dist_0070
1431,Part_0175,Dist_0071
1432,Part_0175,Dist_0072
1433,Part_0175,Dist_0073
1434,Part_0176,Dist_0040
1435,Part_0176,Dist_0060
1436,Part_0177,Dist_0040
1437,Part_0177,Dist_0060
1438,Part_0178,Dist_0040
1439,Part_0178,Dist_0041
1440,Part_0178,Dist_0042
1441,Part_0178,Dist_0043
1442,Part_0178,Dist_0044
1443,Part_0178,Dist_0045
1444,Part_0178,Dist_0046
1445,Part_0178,Dist_0047
1446,Part_0178,Dist_0048
1447,Part_0178,Dist_0049
1448,Part_0178,Dist_0050
1449,Part_0178,Dist_0051
1450,Part_0178,Dist_0052
1451,Part_0178,Dist_0053
1452,Part_0178,Dist_0054
1453,Part_0178,Dist_0055
1454,Part_0178,Dist_0099
1455,Part_0178,Dist_0100
1456,Part_0179,Dist_0040
1457,Part_0179,Dist_0041
1458,Part_0179,Dist_0042
1459,Part_0179,Dist_0043
1460,Part_0179,Dist_0044
1461,Part_0179,Dist_0045
1462,Part_0179,Dist_0046
1463,Part_0179,Dist_0047
1464,Part_0179,Dist_0048
1465,Part_0179,Dist_0049
1466,Part_0179,Dist_0050
1467,Part_0179,Dist_0051
1468,Part_0179,Dist_0052
1469,Part_0179,Dist_0053
1470,Part_0179,Dist_0054
1471,Part_0179,Dist_0055
1472,Part_0179,Dist_0099
1473,Part_0179,Dist_0100
1474,Part_0180,Dist_0041
1475,Part_0181,Dist_0041
1476,Part_0181,Dist_0061
1477,Part_0182,Dist_0041
1478,Part_0182,Dist_0061
1479,Part_0183,Dist_0041
1480,Part_0184,Dist_0042
1481,Part_0185,Dist_0042
1482,Part_0186,Dist_0042
1483,Part_0186,Dist_0062
1484,Part_0187,Dist_0042
1485,Part_0187,Dist_0062
1486,Part_0188,Dist_0043
1487,Part_0189,Dist_0043
1488,Part_0190,Dist_0043
1489,Part_0190,Dist_0063
1490,Part_0191,Dist_0043
1491,Part_0191,Dist_0063
1492,Part_0192,Dist_0044
1493,Part_0193,Dist_0044
1494,Part_0194,Dist_0044
1495,Part_0194,Dist_0064
1496,Part_0195,Dist_0044
1497,Part_0195,Dist_0064
1498,Part_0196,Dist_0045
1499,Part_0197,Dist_0045
1500,Part_0198,Dist_0045
1501,Part_0198,Dist_0065
1502,Part_0199,Dist_0045
1503,Part_0199,Dist_0065
1504,Part_0200,Dist_0046
1505,Part_0201,Dist_0046
1506,Part_0202,Dist_0046
1507,Part_0202,Dist_0066
1508,Part_0203,Dist_0046
1509,Part_0203,Dist_0066
1510,Part_0204,Dist_0047
1511,Part_0205,Dist_0047
1512,Part_0206,Dist_0047
1513,Part_0206,Dist_0068
1514,Part_0207,Dist_0047
1515,Part_0207,Dist_0068
1516,Part_0208,Dist_0048
1517,Part_0209,Dist_0048
1518,Part_0210,Dist_0048
1519,Part_0210,Dist_0070
1520,Part_0211,Dist_0048
1521,Part_0211,Dist_0070
1522,Part_0212,Dist_0049
1523,Part_0213,Dist_0049
1524,Part_0214,Dist_0049
1525,Part_0214,Dist_0069
1526,Part_0215,Dist_0049
1527,Part_0215,Dist_0069
1528,Part_0216,Dist_0050
1529,Part_0216,Dist_0071
1530,Part_0217,Dist_0050
1531,Part_0217,Dist_0071
1532,Part_0218,Dist_0050
1533,Part_0219,Dist_0050
1534,Part_0220,Dist_0051
1535,Part_0221,Dist_0051
1536,Part_0221,Dist_0072
1537,Part_0222,Dist_0073
1538,Part_0223,Dist_0051
1539,Part_0223,Dist_0072
1540,Part_0224,Dist_0051
1541,Part_0225,Dist_0052
1542,Part_0226,Dist_0073
1543,Part_0227,Dist_0052
1544,Part_0227,Dist_0056
1545,Part_0228,Dist_0052
1546,Part_0228,Dist_0056
1547,Part_0229,Dist_0052
1548,Part_0230,Dist_0053
1549,Part_0230,Dist_0057
1550,Part_0231,Dist_0055
1551,Part_0232,Dist_0074
1552,Part_0232,Dist_0075
1553,Part_0232,Dist_0076
1554,Part_0232,Dist_0077
1555,Part_0233,Dist_0074
1556,Part_0233,Dist_0075
1557,Part_0233,Dist_0076
1558,Part_0233,Dist_0077
1559,Part_0234,Dist_0053
1560,Part_0235,Dist_0054
1561,Part_0235,Dist_0058
1562,Part_0236,Dist_0054
1563,Part_0236,Dist_0058
1564,Part_0237,Dist_0054
1565,Part_0238,Dist_0054
1566,Part_0239,Dist_0067
1567,Part_0240,Dist_0055
1568,Part_0240,Dist_0059
1569,Part_0241,Dist_0053
1570,Part_0241,Dist_0057
1571,Part_0242,Dist_0053
1572,Part_0243,Dist_0055
1573,Part_0243,Dist_0059
1574,Part_0244,Dist_0055
1575,Part_0245,Dist_0067
1576,Part_0246,Dist_0074
1577,Part_0247,Dist_0074
1578,Part_0247,Dist_0075
1579,Part_0247,Dist_0076
1580,Part_0247,Dist_0077
1581,Part_0248,Dist_0078
1582,Part_0248,Dist_0079
1583,Part_0248,Dist_0080
1584,Part_0248,Dist_0081
1585,Part_0248,Dist_0082
1586,Part_0248,Dist_0083
1587,Part_0248,Dist_0084
1588,Part_0248,Dist_0085
1589,Part_0248,Dist_0086
1590,Part_0248,Dist_0087
1591,Part_0248,Dist_0088
1592,Part_0248,Dist_0089
1593,Part_0248,Dist_0090
1594,Part_0248,Dist_0091
1595,Part_0248,Dist_0092
1596,Part_0248,Dist_0093
1597,Part_0248,Dist_0094
1598,Part_0248,Dist_0095
1599,Part_0248,Dist_0096
1600,Part_0248,Dist_0107
1601,Part_0248,Dist_0108
1602,Part_0248,Dist_0109
1603,Part_0248,Dist_0110
1604,Part_0248,Dist_0111
1605,Part_0249,Dist_0078
1606,Part_0249,Dist_0079
1607,Part_0249,Dist_0080
1608,Part_0249,Dist_0081
1609,Part_0249,Dist_0082
1610,Part_0249,Dist_0083
1611,Part_0249,Dist_0084
1612,Part_0249,Dist_0085
1613,Part_0249,Dist_0086
1614,Part_0249,Dist_0087
1615,Part_0249,Dist_0088
1616,Part_0249,Dist_0089
1617,Part_0249,Dist_0090
1618,Part_0249,Dist_0091
1619,Part_0249,Dist_0092
1620,Part_0249,Dist_0093
1621,Part_0249,Dist_0094
1622,Part_0249,Dist_0095
1623,Part_0249,Dist_0096
1624,Part_0249,Dist_0107
1625,Part_0249,Dist_0108
1626,Part_0249,Dist_0109
1627,Part_0249,Dist_0110
1628,Part_0249,Dist_0111
1629,Part_0250,Dist_0083
1630,Part_0251,Dist_0083
1631,Part_0252,Dist_0084
1632,Part_0253,Dist_0084
1633,Part_0254,Dist_0094
1634,Part_0255,Dist_0094
1635,Part_0256,Dist_0095
1636,Part_0257,Dist_0095
1637,Part_0258,Dist_0096
1638,Part_0259,Dist_0096
1639,Part_0260,Dist_0097
1640,Part_0260,Dist_0099
1641,Part_0261,Dist_0097
1642,Part_0261,Dist_0098
1643,Part_0261,Dist_0099
1644,Part_0261,Dist_0100
1645,Part_0262,Dist_0097
1646,Part_0262,Dist_0099
1647,Part_0263,Dist_0097
1648,Part_0263,Dist_0098
1649,Part_0263,Dist_0099
1650,Part_0263,Dist_0100
1651,Part_0264,Dist_0098
1652,Part_0264,Dist_0100
1653,Part_0265,Dist_0098
1654,Part_0265,Dist_0100
1655,Part_0266,Dist_0099
1656,Part_0267,Dist_0099
1657,Part_0268,Dist_0100
1658,Part_0269,Dist_0100
1659,Part_0270,Dist_0101
1660,Part_0271,Dist_0101
1661,Part_0272,Dist_0102
1662,Part_0273,Dist_0102
1663,Part_0274,Dist_0103
1664,Part_0275,Dist_0103
1665,Part_0276,Dist_0104
1666,Part_0277,Dist_0104
1667,Part_0278,Dist_0105
1668,Part_0279,Dist_0105
1669,Part_0280,Dist_0106
1670,Part_0281,Dist_0106
1671,Part_0282,Dist_0107
1672,Part_0282,Dist_0108
1673,Part_0282,Dist_0109
1674,Part_0282,Dist_0110
1675,Part_0283,Dist_0107
1676,Part_0283,Dist_0108
1677,Part_0283,Dist_0109
1678,Part_0283,Dist_0110
1679,Part_0284,Dist_0107
1680,Part_0285,Dist_0108
1681,Part_0286,Dist_0109
1682,Part_0287,Dist_0110
1683,Part_0288,Dist_0111
1684,Part_0289,Dist_0111
