,child,parent
0,Dist_0001,Retail_0001
1,Dist_0002,Retail_0002
2,Dist_0003,Retail_0003
3,Dist_0004,Retail_0004
4,Dist_0005,Retail_0005
5,Dist_0006,Retail_0006
6,Dist_0007,Retail_0007
7,Dist_0008,Retail_0008
8,Dist_0009,Retail_0009
9,Dist_0010,Retail_0010
10,Dist_0011,Retail_0011
11,Dist_0012,Retail_0012
12,Manuf_0001,Manuf_0014
13,Manuf_0002,Manuf_0014
14,Manuf_0003,Manuf_0025
15,Manuf_0004,Manuf_0027
16,Manuf_0004,Manuf_0034
17,Manuf_0005,Manuf_0032
18,Manuf_0005,Manuf_0034
19,Manuf_0006,Manuf_0032
20,Manuf_0006,Manuf_0034
21,Manuf_0007,Manuf_0034
22,Manuf_0008,Manuf_0034
23,Manuf_0009,Manuf_0036
24,Manuf_0009,Manuf_0038
25,Manuf_0010,Manuf_0036
26,Manuf_0010,Manuf_0038
27,Manuf_0011,Manuf_0034
28,Manuf_0012,Manuf_0038
29,Manuf_0013,Manuf_0038
30,Manuf_0014,Dist_0001
31,Manuf_0015,Dist_0001
32,Manuf_0016,Dist_0002
33,Manuf_0017,Dist_0002
34,Manuf_0018,Dist_0003
35,Manuf_0019,Dist_0003
36,Manuf_0020,Dist_0004
37,Manuf_0021,Dist_0004
38,Manuf_0022,Dist_0005
39,Manuf_0023,Dist_0005
40,Manuf_0024,Dist_0006
41,Manuf_0025,Dist_0006
42,Manuf_0026,Dist_0007
43,Manuf_0027,Dist_0007
44,Manuf_0028,Dist_0007
45,Manuf_0029,Dist_0008
46,Manuf_0030,Dist_0008
47,Manuf_0031,Dist_0009
48,Manuf_0032,Dist_0009
49,Manuf_0033,Dist_0010
50,Manuf_0034,Dist_0010
51,Manuf_0035,Dist_0011
52,Manuf_0036,Dist_0011
53,Manuf_0037,Dist_0012
54,Manuf_0038,Dist_0012
55,Part_0001,Manuf_0001
56,Part_0001,Part_0260
57,Part_0002,Manuf_0002
58,Part_0002,Part_0259
59,Part_0003,Manuf_0003
60,Part_0003,Manuf_0012
61,Part_0004,Manuf_0004
62,Part_0004,Manuf_0013
63,Part_0005,Manuf_0005
64,Part_0005,Manuf_0009
65,Part_0006,Manuf_0006
66,Part_0006,Manuf_0010
67,Part_0007,Manuf_0007
68,Part_0008,Manuf_0008
69,Part_0009,Manuf_0011
70,Part_0010,Manuf_0014
71,Part_0011,Manuf_0015
72,Part_0012,Manuf_0015
73,Part_0013,Manuf_0015
74,Part_0013,Manuf_0017
75,Part_0013,Manuf_0019
76,Part_0013,Manuf_0021
77,Part_0013,Manuf_0023
78,Part_0013,Manuf_0025
79,Part_0013,Manuf_0027
80,Part_0013,Manuf_0028
81,Part_0013,Manuf_0030
82,Part_0014,Manuf_0015
83,Part_0015,Manuf_0015
84,Part_0016,Manuf_0015
85,Part_0017,Manuf_0015
86,Part_0018,Manuf_0015
87,Part_0018,Manuf_0017
88,Part_0018,Manuf_0019
89,Part_0018,Manuf_0021
90,Part_0018,Manuf_0023
91,Part_0018,Manuf_0025
92,Part_0018,Manuf_0028
93,Part_0018,Manuf_0030
94,Part_0019,Manuf_0015
95,Part_0020,Manuf_0015
96,Part_0021,Manuf_0015
97,Part_0022,Manuf_0015
98,Part_0023,Manuf_0015
99,Part_0023,Manuf_0017
100,Part_0023,Manuf_0019
101,Part_0023,Manuf_0021
102,Part_0023,Manuf_0023
103,Part_0023,Manuf_0025
104,Part_0023,Manuf_0027
105,Part_0023,Manuf_0028
106,Part_0023,Manuf_0030
107,Part_0023,Manuf_0032
108,Part_0023,Manuf_0034
109,Part_0024,Manuf_0015
110,Part_0024,Manuf_0017
111,Part_0024,Manuf_0019
112,Part_0024,Manuf_0021
113,Part_0024,Manuf_0023
114,Part_0024,Manuf_0025
115,Part_0024,Manuf_0027
116,Part_0024,Manuf_0028
117,Part_0024,Manuf_0030
118,Part_0024,Manuf_0032
119,Part_0024,Manuf_0034
120,Part_0025,Manuf_0015
121,Part_0025,Manuf_0021
122,Part_0025,Manuf_0027
123,Part_0025,Manuf_0032
124,Part_0025,Manuf_0034
125,Part_0026,Manuf_0015
126,Part_0026,Manuf_0017
127,Part_0026,Manuf_0019
128,Part_0026,Manuf_0021
129,Part_0026,Manuf_0023
130,Part_0026,Manuf_0025
131,Part_0026,Manuf_0028
132,Part_0026,Manuf_0030
133,Part_0026,Manuf_0032
134,Part_0027,Manuf_0015
135,Part_0028,Manuf_0015
136,Part_0029,Manuf_0016
137,Part_0029,Manuf_0018
138,Part_0030,Manuf_0016
139,Part_0030,Manuf_0018
140,Part_0031,Manuf_0016
141,Part_0031,Manuf_0018
142,Part_0032,Manuf_0017
143,Part_0032,Manuf_0019
144,Part_0032,Manuf_0023
145,Part_0032,Manuf_0030
146,Part_0033,Manuf_0017
147,Part_0033,Manuf_0019
148,Part_0033,Manuf_0021
149,Part_0034,Manuf_0017
150,Part_0034,Manuf_0019
151,Part_0034,Manuf_0023
152,Part_0034,Manuf_0030
153,Part_0035,Manuf_0017
154,Part_0035,Manuf_0019
155,Part_0035,Manuf_0023
156,Part_0035,Manuf_0030
157,Part_0036,Manuf_0017
158,Part_0036,Manuf_0019
159,Part_0036,Manuf_0021
160,Part_0036,Manuf_0023
161,Part_0036,Manuf_0025
162,Part_0036,Manuf_0028
163,Part_0036,Manuf_0030
164,Part_0037,Manuf_0017
165,Part_0037,Manuf_0019
166,Part_0038,Manuf_0017
167,Part_0039,Manuf_0017
168,Part_0039,Manuf_0019
169,Part_0040,Manuf_0017
170,Part_0040,Manuf_0019
171,Part_0040,Manuf_0023
172,Part_0040,Manuf_0030
173,Part_0041,Manuf_0017
174,Part_0042,Manuf_0017
175,Part_0043,Manuf_0017
176,Part_0043,Manuf_0021
177,Part_0044,Manuf_0017
178,Part_0044,Manuf_0021
179,Part_0045,Manuf_0017
180,Part_0045,Manuf_0019
181,Part_0046,Manuf_0017
182,Part_0046,Manuf_0019
183,Part_0046,Manuf_0023
184,Part_0046,Manuf_0025
185,Part_0046,Manuf_0030
186,Part_0047,Manuf_0017
187,Part_0047,Manuf_0019
188,Part_0047,Manuf_0023
189,Part_0047,Manuf_0025
190,Part_0047,Manuf_0030
191,Part_0048,Manuf_0017
192,Part_0048,Manuf_0019
193,Part_0048,Manuf_0023
194,Part_0048,Manuf_0030
195,Part_0049,Manuf_0017
196,Part_0049,Manuf_0019
197,Part_0050,Manuf_0017
198,Part_0051,Manuf_0017
199,Part_0051,Manuf_0019
200,Part_0051,Manuf_0023
201,Part_0051,Manuf_0030
202,Part_0052,Manuf_0017
203,Part_0052,Manuf_0019
204,Part_0052,Manuf_0023
205,Part_0052,Manuf_0030
206,Part_0053,Manuf_0017
207,Part_0053,Manuf_0019
208,Part_0053,Manuf_0021
209,Part_0053,Manuf_0023
210,Part_0053,Manuf_0025
211,Part_0053,Manuf_0028
212,Part_0053,Manuf_0030
213,Part_0054,Manuf_0017
214,Part_0054,Manuf_0019
215,Part_0054,Manuf_0021
216,Part_0054,Manuf_0023
217,Part_0054,Manuf_0025
218,Part_0054,Manuf_0028
219,Part_0054,Manuf_0030
220,Part_0055,Manuf_0017
221,Part_0055,Manuf_0019
222,Part_0055,Manuf_0021
223,Part_0055,Manuf_0023
224,Part_0055,Manuf_0025
225,Part_0055,Manuf_0028
226,Part_0055,Manuf_0030
227,Part_0056,Manuf_0017
228,Part_0056,Manuf_0021
229,Part_0057,Manuf_0017
230,Part_0057,Manuf_0021
231,Part_0058,Manuf_0017
232,Part_0058,Manuf_0019
233,Part_0058,Manuf_0021
234,Part_0058,Manuf_0023
235,Part_0058,Manuf_0025
236,Part_0058,Manuf_0028
237,Part_0058,Manuf_0030
238,Part_0059,Manuf_0017
239,Part_0059,Manuf_0019
240,Part_0059,Manuf_0021
241,Part_0059,Manuf_0023
242,Part_0059,Manuf_0025
243,Part_0059,Manuf_0028
244,Part_0059,Manuf_0030
245,Part_0060,Manuf_0017
246,Part_0060,Manuf_0019
247,Part_0060,Manuf_0021
248,Part_0060,Manuf_0023
249,Part_0060,Manuf_0025
250,Part_0060,Manuf_0028
251,Part_0060,Manuf_0030
252,Part_0061,Manuf_0017
253,Part_0061,Manuf_0019
254,Part_0061,Manuf_0023
255,Part_0061,Manuf_0030
256,Part_0062,Manuf_0017
257,Part_0062,Manuf_0019
258,Part_0062,Manuf_0021
259,Part_0062,Manuf_0023
260,Part_0062,Manuf_0025
261,Part_0062,Manuf_0028
262,Part_0062,Manuf_0030
263,Part_0063,Manuf_0017
264,Part_0063,Manuf_0019
265,Part_0063,Manuf_0021
266,Part_0063,Manuf_0023
267,Part_0063,Manuf_0025
268,Part_0063,Manuf_0028
269,Part_0063,Manuf_0030
270,Part_0064,Manuf_0017
271,Part_0064,Manuf_0019
272,Part_0064,Manuf_0021
273,Part_0064,Manuf_0023
274,Part_0064,Manuf_0025
275,Part_0064,Manuf_0028
276,Part_0064,Manuf_0030
277,Part_0065,Manuf_0017
278,Part_0065,Manuf_0019
279,Part_0065,Manuf_0023
280,Part_0065,Manuf_0025
281,Part_0065,Manuf_0030
282,Part_0066,Manuf_0017
283,Part_0066,Manuf_0019
284,Part_0066,Manuf_0021
285,Part_0066,Manuf_0023
286,Part_0066,Manuf_0025
287,Part_0066,Manuf_0028
288,Part_0066,Manuf_0030
289,Part_0067,Manuf_0017
290,Part_0067,Manuf_0019
291,Part_0067,Manuf_0023
292,Part_0067,Manuf_0025
293,Part_0067,Manuf_0030
294,Part_0068,Manuf_0017
295,Part_0068,Manuf_0019
296,Part_0068,Manuf_0023
297,Part_0068,Manuf_0030
298,Part_0069,Manuf_0017
299,Part_0069,Manuf_0019
300,Part_0069,Manuf_0021
301,Part_0069,Manuf_0023
302,Part_0069,Manuf_0025
303,Part_0069,Manuf_0028
304,Part_0069,Manuf_0030
305,Part_0070,Manuf_0017
306,Part_0070,Manuf_0019
307,Part_0070,Manuf_0021
308,Part_0071,Manuf_0017
309,Part_0071,Manuf_0019
310,Part_0071,Manuf_0021
311,Part_0072,Manuf_0017
312,Part_0072,Manuf_0019
313,Part_0072,Manuf_0021
314,Part_0073,Manuf_0017
315,Part_0073,Manuf_0019
316,Part_0073,Manuf_0021
317,Part_0074,Manuf_0017
318,Part_0074,Manuf_0019
319,Part_0074,Manuf_0021
320,Part_0074,Manuf_0023
321,Part_0074,Manuf_0025
322,Part_0074,Manuf_0027
323,Part_0074,Manuf_0028
324,Part_0074,Manuf_0030
325,Part_0074,Manuf_0032
326,Part_0074,Manuf_0034
327,Part_0075,Manuf_0017
328,Part_0075,Manuf_0021
329,Part_0075,Manuf_0025
330,Part_0076,Manuf_0017
331,Part_0076,Manuf_0019
332,Part_0076,Manuf_0021
333,Part_0076,Manuf_0025
334,Part_0077,Manuf_0017
335,Part_0077,Manuf_0019
336,Part_0077,Manuf_0021
337,Part_0077,Manuf_0023
338,Part_0077,Manuf_0025
339,Part_0077,Manuf_0028
340,Part_0077,Manuf_0030
341,Part_0078,Manuf_0017
342,Part_0078,Manuf_0019
343,Part_0078,Manuf_0021
344,Part_0078,Manuf_0023
345,Part_0078,Manuf_0025
346,Part_0078,Manuf_0028
347,Part_0078,Manuf_0030
348,Part_0079,Manuf_0017
349,Part_0079,Manuf_0019
350,Part_0079,Manuf_0021
351,Part_0079,Manuf_0023
352,Part_0079,Manuf_0025
353,Part_0079,Manuf_0028
354,Part_0079,Manuf_0030
355,Part_0080,Manuf_0017
356,Part_0080,Manuf_0019
357,Part_0080,Manuf_0023
358,Part_0080,Manuf_0030
359,Part_0081,Manuf_0017
360,Part_0081,Manuf_0019
361,Part_0081,Manuf_0021
362,Part_0081,Manuf_0023
363,Part_0081,Manuf_0025
364,Part_0081,Manuf_0028
365,Part_0081,Manuf_0030
366,Part_0082,Manuf_0017
367,Part_0082,Manuf_0019
368,Part_0082,Manuf_0021
369,Part_0082,Manuf_0023
370,Part_0082,Manuf_0025
371,Part_0082,Manuf_0028
372,Part_0082,Manuf_0030
373,Part_0083,Manuf_0017
374,Part_0083,Manuf_0021
375,Part_0084,Manuf_0017
376,Part_0084,Manuf_0021
377,Part_0085,Manuf_0017
378,Part_0085,Manuf_0019
379,Part_0085,Manuf_0021
380,Part_0085,Manuf_0023
381,Part_0085,Manuf_0025
382,Part_0085,Manuf_0028
383,Part_0085,Manuf_0030
384,Part_0086,Manuf_0017
385,Part_0086,Manuf_0019
386,Part_0086,Manuf_0023
387,Part_0086,Manuf_0030
388,Part_0087,Manuf_0017
389,Part_0087,Manuf_0019
390,Part_0088,Manuf_0017
391,Part_0088,Manuf_0019
392,Part_0088,Manuf_0023
393,Part_0088,Manuf_0030
394,Part_0089,Manuf_0017
395,Part_0089,Manuf_0019
396,Part_0089,Manuf_0021
397,Part_0089,Manuf_0023
398,Part_0089,Manuf_0025
399,Part_0089,Manuf_0028
400,Part_0089,Manuf_0030
401,Part_0090,Manuf_0017
402,Part_0090,Manuf_0019
403,Part_0090,Manuf_0021
404,Part_0090,Manuf_0023
405,Part_0090,Manuf_0025
406,Part_0090,Manuf_0028
407,Part_0090,Manuf_0030
408,Part_0091,Manuf_0017
409,Part_0091,Manuf_0019
410,Part_0091,Manuf_0021
411,Part_0091,Manuf_0023
412,Part_0091,Manuf_0025
413,Part_0091,Manuf_0028
414,Part_0091,Manuf_0030
415,Part_0092,Manuf_0017
416,Part_0092,Manuf_0019
417,Part_0092,Manuf_0021
418,Part_0092,Manuf_0023
419,Part_0092,Manuf_0025
420,Part_0092,Manuf_0028
421,Part_0092,Manuf_0030
422,Part_0093,Manuf_0017
423,Part_0093,Manuf_0019
424,Part_0093,Manuf_0021
425,Part_0093,Manuf_0023
426,Part_0093,Manuf_0025
427,Part_0093,Manuf_0028
428,Part_0093,Manuf_0030
429,Part_0094,Manuf_0017
430,Part_0094,Manuf_0019
431,Part_0094,Manuf_0021
432,Part_0094,Manuf_0023
433,Part_0094,Manuf_0028
434,Part_0094,Manuf_0030
435,Part_0095,Manuf_0017
436,Part_0095,Manuf_0019
437,Part_0095,Manuf_0021
438,Part_0095,Manuf_0028
439,Part_0096,Manuf_0017
440,Part_0096,Manuf_0019
441,Part_0096,Manuf_0021
442,Part_0096,Manuf_0023
443,Part_0096,Manuf_0028
444,Part_0096,Manuf_0030
445,Part_0097,Manuf_0017
446,Part_0097,Manuf_0019
447,Part_0097,Manuf_0021
448,Part_0097,Manuf_0023
449,Part_0097,Manuf_0025
450,Part_0097,Manuf_0028
451,Part_0097,Manuf_0030
452,Part_0098,Manuf_0017
453,Part_0098,Manuf_0019
454,Part_0098,Manuf_0021
455,Part_0098,Manuf_0023
456,Part_0098,Manuf_0030
457,Part_0099,Manuf_0017
458,Part_0099,Manuf_0019
459,Part_0099,Manuf_0021
460,Part_0100,Manuf_0017
461,Part_0101,Manuf_0017
462,Part_0101,Manuf_0019
463,Part_0101,Manuf_0025
464,Part_0102,Manuf_0017
465,Part_0102,Manuf_0019
466,Part_0102,Manuf_0025
467,Part_0103,Manuf_0017
468,Part_0103,Manuf_0019
469,Part_0104,Manuf_0017
470,Part_0105,Manuf_0017
471,Part_0105,Manuf_0019
472,Part_0105,Manuf_0021
473,Part_0106,Manuf_0017
474,Part_0106,Manuf_0019
475,Part_0106,Manuf_0021
476,Part_0106,Manuf_0023
477,Part_0106,Manuf_0025
478,Part_0106,Manuf_0028
479,Part_0106,Manuf_0030
480,Part_0107,Manuf_0017
481,Part_0107,Manuf_0019
482,Part_0108,Manuf_0017
483,Part_0108,Manuf_0019
484,Part_0108,Manuf_0025
485,Part_0109,Manuf_0017
486,Part_0109,Manuf_0019
487,Part_0109,Manuf_0021
488,Part_0110,Manuf_0017
489,Part_0110,Manuf_0019
490,Part_0110,Manuf_0021
491,Part_0111,Manuf_0017
492,Part_0111,Manuf_0019
493,Part_0111,Manuf_0021
494,Part_0112,Manuf_0017
495,Part_0112,Manuf_0019
496,Part_0112,Manuf_0021
497,Part_0112,Manuf_0023
498,Part_0112,Manuf_0025
499,Part_0112,Manuf_0028
500,Part_0112,Manuf_0030
501,Part_0113,Manuf_0017
502,Part_0113,Manuf_0021
503,Part_0114,Manuf_0017
504,Part_0114,Manuf_0021
505,Part_0115,Manuf_0017
506,Part_0115,Manuf_0019
507,Part_0115,Manuf_0021
508,Part_0115,Manuf_0023
509,Part_0115,Manuf_0025
510,Part_0115,Manuf_0028
511,Part_0115,Manuf_0030
512,Part_0116,Manuf_0019
513,Part_0117,Manuf_0019
514,Part_0118,Manuf_0019
515,Part_0119,Manuf_0019
516,Part_0120,Manuf_0019
517,Part_0121,Manuf_0019
518,Part_0121,Manuf_0025
519,Part_0122,Manuf_0019
520,Part_0123,Manuf_0019
521,Part_0124,Manuf_0020
522,Part_0124,Manuf_0022
523,Part_0124,Manuf_0024
524,Part_0124,Manuf_0029
525,Part_0125,Manuf_0020
526,Part_0125,Manuf_0022
527,Part_0125,Manuf_0024
528,Part_0125,Manuf_0029
529,Part_0126,Manuf_0020
530,Part_0126,Manuf_0022
531,Part_0126,Manuf_0024
532,Part_0126,Manuf_0029
533,Part_0127,Manuf_0021
534,Part_0127,Manuf_0027
535,Part_0128,Manuf_0021
536,Part_0129,Manuf_0021
537,Part_0129,Manuf_0027
538,Part_0130,Manuf_0021
539,Part_0131,Manuf_0021
540,Part_0132,Manuf_0021
541,Part_0133,Manuf_0021
542,Part_0134,Manuf_0021
543,Part_0135,Manuf_0021
544,Part_0136,Manuf_0021
545,Part_0137,Manuf_0023
546,Part_0137,Manuf_0025
547,Part_0137,Manuf_0028
548,Part_0137,Manuf_0030
549,Part_0138,Manuf_0023
550,Part_0138,Manuf_0025
551,Part_0138,Manuf_0028
552,Part_0138,Manuf_0030
553,Part_0139,Manuf_0023
554,Part_0140,Manuf_0023
555,Part_0141,Manuf_0023
556,Part_0142,Manuf_0023
557,Part_0142,Manuf_0030
558,Part_0143,Manuf_0023
559,Part_0144,Manuf_0023
560,Part_0145,Manuf_0023
561,Part_0145,Manuf_0025
562,Part_0145,Manuf_0028
563,Part_0145,Manuf_0030
564,Part_0146,Manuf_0023
565,Part_0147,Manuf_0023
566,Part_0148,Manuf_0023
567,Part_0149,Manuf_0023
568,Part_0150,Manuf_0023
569,Part_0150,Manuf_0025
570,Part_0150,Manuf_0028
571,Part_0150,Manuf_0030
572,Part_0151,Manuf_0023
573,Part_0151,Manuf_0030
574,Part_0152,Manuf_0023
575,Part_0152,Manuf_0025
576,Part_0152,Manuf_0030
577,Part_0153,Manuf_0023
578,Part_0153,Manuf_0025
579,Part_0153,Manuf_0028
580,Part_0153,Manuf_0030
581,Part_0154,Manuf_0023
582,Part_0154,Manuf_0025
583,Part_0154,Manuf_0028
584,Part_0154,Manuf_0030
585,Part_0155,Manuf_0023
586,Part_0155,Manuf_0025
587,Part_0155,Manuf_0028
588,Part_0155,Manuf_0030
589,Part_0156,Manuf_0023
590,Part_0156,Manuf_0025
591,Part_0156,Manuf_0028
592,Part_0156,Manuf_0030
593,Part_0157,Manuf_0023
594,Part_0157,Manuf_0025
595,Part_0157,Manuf_0028
596,Part_0157,Manuf_0030
597,Part_0158,Manuf_0023
598,Part_0159,Manuf_0023
599,Part_0160,Manuf_0023
600,Part_0161,Manuf_0023
601,Part_0162,Manuf_0023
602,Part_0163,Manuf_0023
603,Part_0164,Manuf_0023
604,Part_0165,Manuf_0023
605,Part_0166,Manuf_0023
606,Part_0167,Manuf_0023
607,Part_0168,Manuf_0023
608,Part_0168,Manuf_0025
609,Part_0168,Manuf_0028
610,Part_0168,Manuf_0030
611,Part_0169,Manuf_0023
612,Part_0170,Manuf_0025
613,Part_0171,Manuf_0025
614,Part_0172,Manuf_0025
615,Part_0173,Manuf_0025
616,Part_0174,Manuf_0025
617,Part_0175,Manuf_0025
618,Part_0176,Manuf_0025
619,Part_0177,Manuf_0025
620,Part_0177,Manuf_0028
621,Part_0177,Manuf_0030
622,Part_0178,Manuf_0025
623,Part_0179,Manuf_0025
624,Part_0180,Manuf_0025
625,Part_0181,Manuf_0025
626,Part_0182,Manuf_0025
627,Part_0183,Manuf_0025
628,Part_0184,Manuf_0025
629,Part_0185,Manuf_0025
630,Part_0186,Manuf_0025
631,Part_0186,Manuf_0028
632,Part_0186,Manuf_0030
633,Part_0187,Manuf_0025
634,Part_0188,Manuf_0025
635,Part_0189,Manuf_0025
636,Part_0190,Manuf_0025
637,Part_0190,Manuf_0028
638,Part_0190,Manuf_0030
639,Part_0191,Manuf_0025
640,Part_0191,Manuf_0028
641,Part_0191,Manuf_0030
642,Part_0192,Manuf_0025
643,Part_0193,Manuf_0025
644,Part_0194,Manuf_0025
645,Part_0195,Manuf_0025
646,Part_0196,Manuf_0026
647,Part_0197,Manuf_0026
648,Part_0198,Manuf_0026
649,Part_0199,Manuf_0027
650,Part_0200,Manuf_0027
651,Part_0201,Manuf_0027
652,Part_0202,Manuf_0028
653,Part_0202,Manuf_0030
654,Part_0203,Manuf_0028
655,Part_0203,Manuf_0030
656,Part_0204,Manuf_0028
657,Part_0204,Manuf_0030
658,Part_0205,Manuf_0028
659,Part_0205,Manuf_0030
660,Part_0206,Manuf_0028
661,Part_0206,Manuf_0030
662,Part_0207,Manuf_0030
663,Part_0208,Manuf_0030
664,Part_0209,Manuf_0030
665,Part_0210,Manuf_0030
666,Part_0211,Manuf_0030
667,Part_0212,Manuf_0030
668,Part_0213,Manuf_0030
669,Part_0214,Manuf_0030
670,Part_0215,Manuf_0030
671,Part_0216,Manuf_0030
672,Part_0217,Manuf_0031
673,Part_0218,Manuf_0031
674,Part_0219,Manuf_0031
675,Part_0220,Manuf_0032
676,Part_0221,Manuf_0032
677,Part_0222,Manuf_0032
678,Part_0223,Manuf_0032
679,Part_0224,Manuf_0032
680,Part_0225,Manuf_0032
681,Part_0226,Manuf_0032
682,Part_0227,Manuf_0032
683,Part_0228,Manuf_0032
684,Part_0229,Manuf_0032
685,Part_0230,Manuf_0032
686,Part_0231,Manuf_0032
687,Part_0232,Manuf_0032
688,Part_0233,Manuf_0032
689,Part_0234,Manuf_0032
690,Part_0235,Manuf_0032
691,Part_0236,Manuf_0032
692,Part_0237,Manuf_0032
693,Part_0238,Manuf_0032
694,Part_0239,Manuf_0032
695,Part_0240,Manuf_0032
696,Part_0241,Manuf_0032
697,Part_0242,Manuf_0032
698,Part_0243,Manuf_0032
699,Part_0244,Manuf_0032
700,Part_0245,Manuf_0032
701,Part_0245,Manuf_0034
702,Part_0246,Manuf_0032
703,Part_0247,Manuf_0032
704,Part_0248,Manuf_0032
705,Part_0249,Manuf_0032
706,Part_0250,Manuf_0032
707,Part_0251,Manuf_0032
708,Part_0252,Manuf_0032
709,Part_0253,Manuf_0032
710,Part_0254,Manuf_0032
711,Part_0255,Manuf_0032
712,Part_0256,Manuf_0032
713,Part_0257,Manuf_0032
714,Part_0258,Manuf_0032
715,Part_0259,Manuf_0035
716,Part_0260,Manuf_0035
717,Part_0261,Manuf_0035
718,Part_0262,Manuf_0036
719,Part_0263,Manuf_0036
720,Part_0264,Manuf_0036
721,Part_0265,Manuf_0036
722,Part_0266,Manuf_0036
723,Part_0267,Manuf_0036
724,Part_0268,Manuf_0036
725,Part_0269,Manuf_0036
726,Part_0270,Manuf_0036
727,Part_0271,Manuf_0036
728,Part_0272,Manuf_0036
729,Part_0273,Manuf_0036
730,Part_0274,Manuf_0036
731,Part_0275,Manuf_0036
732,Part_0275,Manuf_0038
733,Part_0276,Manuf_0036
734,Part_0276,Manuf_0038
735,Part_0277,Manuf_0036
736,Part_0278,Manuf_0036
737,Part_0279,Manuf_0036
738,Part_0279,Manuf_0038
739,Part_0280,Manuf_0036
740,Part_0281,Manuf_0036
741,Part_0282,Manuf_0036
742,Part_0283,Manuf_0033
743,Part_0284,Manuf_0033
744,Part_0285,Manuf_0033
745,Part_0286,Manuf_0034
746,Part_0287,Manuf_0034
747,Part_0288,Manuf_0034
748,Part_0289,Manuf_0034
749,Part_0290,Manuf_0034
750,Part_0291,Manuf_0034
751,Part_0292,Manuf_0034
752,Part_0293,Manuf_0034
753,Part_0294,Manuf_0034
754,Part_0295,Manuf_0034
755,Part_0296,Manuf_0034
756,Part_0297,Manuf_0034
757,Part_0298,Manuf_0034
758,Part_0299,Manuf_0034
759,Part_0300,Manuf_0034
760,Part_0301,Manuf_0034
761,Part_0302,Manuf_0034
762,Part_0303,Manuf_0034
763,Part_0304,Manuf_0034
764,Part_0305,Manuf_0034
765,Part_0306,Manuf_0034
766,Part_0307,Manuf_0034
767,Part_0308,Manuf_0034
768,Part_0309,Manuf_0034
769,Part_0310,Manuf_0034
770,Part_0311,Manuf_0037
771,Part_0312,Manuf_0037
772,Part_0313,Manuf_0037
773,Part_0314,Manuf_0038
774,Part_0315,Manuf_0038
775,Part_0316,Manuf_0038
776,Part_0317,Manuf_0038
777,Part_0318,Manuf_0038
778,Part_0319,Manuf_0038
779,Part_0320,Manuf_0038
780,Part_0321,Manuf_0038
781,Part_0322,Manuf_0038
782,Part_0323,Manuf_0038
783,Part_0324,Manuf_0038
784,Part_0325,Manuf_0038
785,Part_0326,Manuf_0038
786,Part_0327,Manuf_0038
787,Part_0328,Manuf_0038
788,Part_0329,Manuf_0038
789,Part_0330,Manuf_0038
790,Part_0331,Manuf_0038
791,Part_0332,Manuf_0038
792,Part_0333,Manuf_0038
793,Part_0334,Manuf_0038
794,Part_0335,Manuf_0038
795,Part_0336,Manuf_0038
796,Part_0337,Manuf_0038
797,Part_0338,Manuf_0038
798,Part_0339,Manuf_0038
799,Part_0340,Manuf_0038
800,Part_0341,Manuf_0038
801,Part_0342,Manuf_0038
802,Part_0343,Manuf_0038
803,Part_0344,Manuf_0038
804,Part_0345,Manuf_0038
805,Part_0346,Manuf_0038
806,Part_0347,Manuf_0038
807,Part_0348,Manuf_0038
808,Part_0349,Manuf_0038
809,Part_0350,Manuf_0038
810,Part_0351,Manuf_0038
811,Part_0352,Manuf_0038
812,Part_0353,Manuf_0038
813,Part_0354,Manuf_0038
814,Part_0355,Manuf_0038
815,Part_0356,Manuf_0038
816,Part_0357,Manuf_0038
817,Part_0358,Manuf_0038
818,Part_0359,Manuf_0038
819,Part_0360,Manuf_0038
820,Part_0361,Manuf_0038
821,Part_0362,Manuf_0038
822,Part_0363,Manuf_0038
823,Part_0364,Manuf_0038
824,Part_0365,Manuf_0038
825,Part_0366,Manuf_0038
826,Part_0367,Manuf_0038
827,Part_0368,Manuf_0038
828,Part_0369,Manuf_0038
829,Part_0370,Manuf_0038
830,Part_0371,Manuf_0038
831,Part_0372,Manuf_0038
832,Part_0373,Manuf_0038
833,Part_0374,Manuf_0038
834,Part_0375,Manuf_0038
835,Part_0376,Manuf_0038
836,Part_0377,Manuf_0038
837,Part_0378,Dist_0001
838,Part_0378,Dist_0002
839,Part_0378,Dist_0003
840,Part_0378,Dist_0011
841,Part_0379,Manuf_0038
842,Part_0380,Dist_0001
843,Part_0380,Dist_0002
844,Part_0380,Dist_0003
845,Part_0380,Dist_0011
846,Part_0381,Dist_0001
847,Part_0381,Dist_0002
848,Part_0381,Dist_0003
849,Part_0381,Dist_0004
850,Part_0381,Dist_0005
851,Part_0381,Dist_0006
852,Part_0381,Dist_0007
853,Part_0381,Dist_0008
854,Part_0381,Dist_0009
855,Part_0381,Dist_0010
856,Part_0381,Dist_0011
857,Part_0381,Dist_0012
858,Part_0382,Dist_0001
859,Part_0383,Dist_0001
860,Part_0383,Dist_0002
861,Part_0383,Dist_0003
862,Part_0383,Dist_0004
863,Part_0383,Dist_0005
864,Part_0383,Dist_0006
865,Part_0383,Dist_0007
866,Part_0383,Dist_0008
867,Part_0383,Dist_0009
868,Part_0383,Dist_0011
869,Part_0383,Dist_0012
870,Part_0384,Dist_0001
871,Part_0384,Dist_0002
872,Part_0384,Dist_0003
873,Part_0384,Dist_0007
874,Part_0384,Dist_0009
875,Part_0384,Dist_0010
876,Part_0384,Dist_0011
877,Part_0384,Dist_0012
878,Part_0385,Dist_0001
879,Part_0385,Dist_0011
880,Part_0386,Dist_0002
881,Part_0386,Dist_0003
882,Part_0386,Dist_0004
883,Part_0386,Dist_0005
884,Part_0386,Dist_0007
885,Part_0386,Dist_0008
886,Part_0387,Dist_0002
887,Part_0387,Dist_0003
888,Part_0387,Dist_0005
889,Part_0387,Dist_0008
890,Part_0388,Dist_0002
891,Part_0388,Dist_0003
892,Part_0389,Dist_0004
893,Part_0389,Dist_0005
894,Part_0389,Dist_0006
895,Part_0389,Dist_0007
896,Part_0389,Dist_0008
897,Part_0389,Dist_0009
898,Part_0390,Dist_0004
899,Part_0390,Dist_0005
900,Part_0390,Dist_0006
901,Part_0390,Dist_0007
902,Part_0390,Dist_0008
903,Part_0390,Dist_0009
904,Part_0391,Dist_0004
905,Part_0391,Dist_0007
906,Part_0392,Dist_0004
907,Part_0392,Dist_0006
908,Part_0392,Dist_0007
909,Part_0392,Dist_0012
910,Part_0393,Dist_0004
911,Part_0394,Dist_0004
912,Part_0394,Dist_0005
913,Part_0394,Dist_0006
914,Part_0394,Dist_0008
915,Part_0395,Dist_0006
916,Part_0396,Dist_0006
917,Part_0397,Dist_0006
918,Part_0398,Dist_0006
919,Part_0399,Dist_0007
920,Part_0400,Dist_0007
921,Part_0401,Dist_0007
922,Part_0402,Dist_0007
923,Part_0403,Dist_0007
924,Part_0404,Dist_0007
925,Part_0405,Dist_0007
926,Part_0406,Dist_0007
927,Part_0407,Dist_0007
928,Part_0408,Dist_0009
929,Part_0409,Dist_0010
930,Part_0410,Dist_0010
931,Part_0411,Dist_0010
932,Part_0412,Dist_0010
933,Part_0413,Dist_0011
934,Part_0414,Dist_0011
935,Part_0415,Dist_0012
936,Part_0416,Dist_0012
937,Part_0417,Dist_0012
938,Part_0418,Dist_0012
939,Part_0419,Dist_0012
940,Part_0420,Dist_0012
